run_name,seed,budget,query_concept,count
neural_baseline_lambda_s_0,0,1,female_pronouns,2000
neural_baseline_lambda_s_0,0,2,creative_or_artistic_work,1171
neural_baseline_lambda_s_0,0,2,legal_or_regulatory_work,829
neural_baseline_lambda_s_0,0,3,health_or_wellness_work,1517
neural_baseline_lambda_s_0,0,3,visual_art_practice,483
neural_baseline_lambda_s_0,0,4,design_work,430
neural_baseline_lambda_s_0,0,4,technical_or_engineering_work,407
neural_baseline_lambda_s_0,0,4,film_or_video_production,405
neural_baseline_lambda_s_0,0,4,nursing_care,314
neural_baseline_lambda_s_0,0,4,dental_or_oral_health,281
neural_baseline_lambda_s_0,0,4,creative_or_artistic_work,85
neural_baseline_lambda_s_0,0,4,camera_or_photography_work,78
neural_baseline_lambda_s_0,0,5,clinical_care,540
neural_baseline_lambda_s_0,0,5,creative_or_artistic_work,430
neural_baseline_lambda_s_0,0,5,legal_or_regulatory_work,407
neural_baseline_lambda_s_0,0,5,live_music_or_recording,405
neural_baseline_lambda_s_0,0,5,technical_or_engineering_work,84
neural_baseline_lambda_s_0,0,5,film_or_video_production,78
neural_baseline_lambda_s_0,0,5,dental_or_oral_health,55
neural_baseline_lambda_s_0,0,5,visual_art_practice,1
neural_baseline_lambda_s_0,0,6,clinical_care,462
neural_baseline_lambda_s_0,0,6,literary_writing,405
neural_baseline_lambda_s_0,0,6,technical_or_engineering_work,254
neural_baseline_lambda_s_0,0,6,visual_art_practice,229
neural_baseline_lambda_s_0,0,6,nursing_care,228
neural_baseline_lambda_s_0,0,6,creative_or_artistic_work,143
neural_baseline_lambda_s_0,0,6,dental_or_oral_health,116
neural_baseline_lambda_s_0,0,6,design_work,85
neural_baseline_lambda_s_0,0,6,live_music_or_recording,78
neural_baseline_lambda_s_0,0,7,visual_art_practice,399
neural_baseline_lambda_s_0,0,7,design_work,312
neural_baseline_lambda_s_0,0,7,clinical_care,285
neural_baseline_lambda_s_0,0,7,literary_writing,270
neural_baseline_lambda_s_0,0,7,surgical_work,228
neural_baseline_lambda_s_0,0,7,creative_or_artistic_work,171
neural_baseline_lambda_s_0,0,7,dental_or_oral_health,146
neural_baseline_lambda_s_0,0,7,health_or_wellness_work,98
neural_baseline_lambda_s_0,0,7,legal_or_regulatory_work,53
neural_baseline_lambda_s_0,0,7,film_or_video_production,38
neural_baseline_lambda_s_0,0,8,design_work,575
neural_baseline_lambda_s_0,0,8,camera_or_photography_work,411
neural_baseline_lambda_s_0,0,8,technical_or_engineering_work,303
neural_baseline_lambda_s_0,0,8,visual_art_practice,289
neural_baseline_lambda_s_0,0,8,film_or_video_production,192
neural_baseline_lambda_s_0,0,8,surgical_work,168
neural_baseline_lambda_s_0,0,8,nursing_care,62
neural_baseline_lambda_s_0,0,9,live_music_or_recording,875
neural_baseline_lambda_s_0,0,9,health_or_wellness_work,385
neural_baseline_lambda_s_0,0,9,design_work,207
neural_baseline_lambda_s_0,0,9,legal_or_regulatory_work,162
neural_baseline_lambda_s_0,0,9,technical_or_engineering_work,156
neural_baseline_lambda_s_0,0,9,camera_or_photography_work,101
neural_baseline_lambda_s_0,0,9,software_development,61
neural_baseline_lambda_s_0,0,9,literary_writing,43
neural_baseline_lambda_s_0,0,9,mind_body_practice,9
neural_baseline_lambda_s_0,0,9,dental_or_oral_health,1
neural_baseline_lambda_s_0,0,10,literary_writing,683
neural_baseline_lambda_s_0,0,10,legal_or_regulatory_work,534
neural_baseline_lambda_s_0,0,10,camera_or_photography_work,407
neural_baseline_lambda_s_0,0,10,design_work,162
neural_baseline_lambda_s_0,0,10,visual_art_practice,142
neural_baseline_lambda_s_0,0,10,live_music_or_recording,40
neural_baseline_lambda_s_0,0,10,mind_body_practice,14
neural_baseline_lambda_s_0,0,10,male_pronouns,8
neural_baseline_lambda_s_0,0,10,clinical_care,7
neural_baseline_lambda_s_0,0,10,film_or_video_production,3
neural_baseline_lambda_s_0,0,11,technical_or_engineering_work,770
neural_baseline_lambda_s_0,0,11,film_or_video_production,612
neural_baseline_lambda_s_0,0,11,male_pronouns,255
neural_baseline_lambda_s_0,0,11,software_development,214
neural_baseline_lambda_s_0,0,11,mind_body_practice,61
neural_baseline_lambda_s_0,0,11,visual_art_practice,61
neural_baseline_lambda_s_0,0,11,camera_or_photography_work,15
neural_baseline_lambda_s_0,0,11,design_work,5
neural_baseline_lambda_s_0,0,11,live_music_or_recording,3
neural_baseline_lambda_s_0,0,11,dental_or_oral_health,2
neural_baseline_lambda_s_0,0,11,legal_or_regulatory_work,1
neural_baseline_lambda_s_0,0,11,literary_writing,1
neural_baseline_lambda_s_0,0,12,clinical_care,706
neural_baseline_lambda_s_0,0,12,camera_or_photography_work,381
neural_baseline_lambda_s_0,0,12,software_development,332
neural_baseline_lambda_s_0,0,12,male_pronouns,313
neural_baseline_lambda_s_0,0,12,design_work,130
neural_baseline_lambda_s_0,0,12,film_or_video_production,73
neural_baseline_lambda_s_0,0,12,visual_art_practice,27
neural_baseline_lambda_s_0,0,12,technical_or_engineering_work,15
neural_baseline_lambda_s_0,0,12,legal_or_regulatory_work,12
neural_baseline_lambda_s_0,0,12,live_music_or_recording,8
neural_baseline_lambda_s_0,0,12,nursing_care,2
neural_baseline_lambda_s_0,0,12,teaching_or_instruction,1
neural_baseline_lambda_s_0,0,13,male_pronouns,612
neural_baseline_lambda_s_0,0,13,camera_or_photography_work,404
neural_baseline_lambda_s_0,0,13,software_development,395
neural_baseline_lambda_s_0,0,13,mind_body_practice,153
neural_baseline_lambda_s_0,0,13,literary_writing,143
neural_baseline_lambda_s_0,0,13,visual_art_practice,103
neural_baseline_lambda_s_0,0,13,teaching_or_instruction,94
neural_baseline_lambda_s_0,0,13,live_music_or_recording,52
neural_baseline_lambda_s_0,0,13,design_work,28
neural_baseline_lambda_s_0,0,13,technical_or_engineering_work,9
neural_baseline_lambda_s_0,0,13,dental_or_oral_health,3
neural_baseline_lambda_s_0,0,13,surgical_work,2
neural_baseline_lambda_s_0,0,13,legal_practice,1
neural_baseline_lambda_s_0,0,13,public_speaking_or_events,1
neural_baseline_lambda_s_0,0,14,male_pronouns,808
neural_baseline_lambda_s_0,0,14,software_development,321
neural_baseline_lambda_s_0,0,14,comedy_or_stage_performance,264
neural_baseline_lambda_s_0,0,14,camera_or_photography_work,194
neural_baseline_lambda_s_0,0,14,teaching_or_instruction,171
neural_baseline_lambda_s_0,0,14,mind_body_practice,161
neural_baseline_lambda_s_0,0,14,visual_art_practice,54
neural_baseline_lambda_s_0,0,14,literary_writing,8
neural_baseline_lambda_s_0,0,14,medical_training,7
neural_baseline_lambda_s_0,0,14,design_work,5
neural_baseline_lambda_s_0,0,14,legal_practice,5
neural_baseline_lambda_s_0,0,14,celebrity_or_public_attention,1
neural_baseline_lambda_s_0,0,14,dental_or_oral_health,1
neural_baseline_lambda_s_0,0,15,legal_practice,1066
neural_baseline_lambda_s_0,0,15,visual_art_practice,204
neural_baseline_lambda_s_0,0,15,surgical_work,140
neural_baseline_lambda_s_0,0,15,teaching_or_instruction,132
neural_baseline_lambda_s_0,0,15,nursing_care,90
neural_baseline_lambda_s_0,0,15,university_affiliation,73
neural_baseline_lambda_s_0,0,15,comedy_or_stage_performance,60
neural_baseline_lambda_s_0,0,15,media_or_publishing_work,58
neural_baseline_lambda_s_0,0,15,design_work,54
neural_baseline_lambda_s_0,0,15,literary_writing,51
neural_baseline_lambda_s_0,0,15,software_development,33
neural_baseline_lambda_s_0,0,15,online_public_presence,13
neural_baseline_lambda_s_0,0,15,camera_or_photography_work,9
neural_baseline_lambda_s_0,0,15,spouse_or_partner_mentions,5
neural_baseline_lambda_s_0,0,15,dental_or_oral_health,4
neural_baseline_lambda_s_0,0,15,male_pronouns,3
neural_baseline_lambda_s_0,0,15,medical_training,3
neural_baseline_lambda_s_0,0,15,live_music_or_recording,1
neural_baseline_lambda_s_0,0,15,technical_or_engineering_work,1
neural_baseline_lambda_s_0,0,16,dental_or_oral_health,298
neural_baseline_lambda_s_0,0,16,media_or_publishing_work,237
neural_baseline_lambda_s_0,0,16,comedy_or_stage_performance,205
neural_baseline_lambda_s_0,0,16,literary_writing,201
neural_baseline_lambda_s_0,0,16,nursing_care,194
neural_baseline_lambda_s_0,0,16,legal_practice,192
neural_baseline_lambda_s_0,0,16,university_affiliation,192
neural_baseline_lambda_s_0,0,16,mind_body_practice,139
neural_baseline_lambda_s_0,0,16,live_music_or_recording,94
neural_baseline_lambda_s_0,0,16,medical_training,60
neural_baseline_lambda_s_0,0,16,teaching_or_instruction,52
neural_baseline_lambda_s_0,0,16,online_public_presence,40
neural_baseline_lambda_s_0,0,16,software_development,36
neural_baseline_lambda_s_0,0,16,music_composition,18
neural_baseline_lambda_s_0,0,16,public_speaking_or_events,16
neural_baseline_lambda_s_0,0,16,film_or_video_production,9
neural_baseline_lambda_s_0,0,16,financial_or_accounting_work,8
neural_baseline_lambda_s_0,0,16,surgical_work,3
neural_baseline_lambda_s_0,0,16,design_work,2
neural_baseline_lambda_s_0,0,16,visual_art_practice,2
neural_baseline_lambda_s_0,0,16,male_pronouns,1
neural_baseline_lambda_s_0,0,16,spouse_or_partner_mentions,1
neural_baseline_lambda_s_0,0,17,media_or_publishing_work,801
neural_baseline_lambda_s_0,0,17,live_music_or_recording,163
neural_baseline_lambda_s_0,0,17,surgical_work,141
neural_baseline_lambda_s_0,0,17,comedy_or_stage_performance,126
neural_baseline_lambda_s_0,0,17,literary_writing,121
neural_baseline_lambda_s_0,0,17,university_affiliation,120
neural_baseline_lambda_s_0,0,17,medical_training,114
neural_baseline_lambda_s_0,0,17,software_development,91
neural_baseline_lambda_s_0,0,17,music_composition,76
neural_baseline_lambda_s_0,0,17,public_speaking_or_events,62
neural_baseline_lambda_s_0,0,17,financial_or_accounting_work,51
neural_baseline_lambda_s_0,0,17,spouse_or_partner_mentions,44
neural_baseline_lambda_s_0,0,17,dental_or_oral_health,25
neural_baseline_lambda_s_0,0,17,manual_body_treatment,19
neural_baseline_lambda_s_0,0,17,legal_practice,14
neural_baseline_lambda_s_0,0,17,online_public_presence,10
neural_baseline_lambda_s_0,0,17,teaching_or_instruction,10
neural_baseline_lambda_s_0,0,17,child_or_family_care_mentions,5
neural_baseline_lambda_s_0,0,17,business_or_client_service,2
neural_baseline_lambda_s_0,0,17,mind_body_practice,2
neural_baseline_lambda_s_0,0,17,film_or_video_production,1
neural_baseline_lambda_s_0,0,17,legal_or_regulatory_work,1
neural_baseline_lambda_s_0,0,17,nutrition_or_diet_guidance,1
neural_baseline_lambda_s_0,0,18,financial_or_accounting_work,319
neural_baseline_lambda_s_0,0,18,university_affiliation,311
neural_baseline_lambda_s_0,0,18,software_development,222
neural_baseline_lambda_s_0,0,18,public_speaking_or_events,213
neural_baseline_lambda_s_0,0,18,surgical_work,205
neural_baseline_lambda_s_0,0,18,teaching_or_instruction,156
neural_baseline_lambda_s_0,0,18,medical_training,120
neural_baseline_lambda_s_0,0,18,online_public_presence,98
neural_baseline_lambda_s_0,0,18,media_or_publishing_work,84
neural_baseline_lambda_s_0,0,18,nutrition_or_diet_guidance,62
neural_baseline_lambda_s_0,0,18,comedy_or_stage_performance,52
neural_baseline_lambda_s_0,0,18,legal_practice,46
neural_baseline_lambda_s_0,0,18,music_composition,32
neural_baseline_lambda_s_0,0,18,spouse_or_partner_mentions,19
neural_baseline_lambda_s_0,0,18,film_or_video_production,13
neural_baseline_lambda_s_0,0,18,live_music_or_recording,13
neural_baseline_lambda_s_0,0,18,manual_body_treatment,13
neural_baseline_lambda_s_0,0,18,business_or_client_service,9
neural_baseline_lambda_s_0,0,18,literary_writing,5
neural_baseline_lambda_s_0,0,18,mind_body_practice,4
neural_baseline_lambda_s_0,0,18,dental_or_oral_health,2
neural_baseline_lambda_s_0,0,18,celebrity_or_public_attention,1
neural_baseline_lambda_s_0,0,18,legal_or_regulatory_work,1
neural_baseline_lambda_s_0,0,19,music_composition,449
neural_baseline_lambda_s_0,0,19,public_speaking_or_events,294
neural_baseline_lambda_s_0,0,19,manual_body_treatment,285
neural_baseline_lambda_s_0,0,19,film_or_video_production,177
neural_baseline_lambda_s_0,0,19,mind_body_practice,171
neural_baseline_lambda_s_0,0,19,celebrity_or_public_attention,96
neural_baseline_lambda_s_0,0,19,medical_training,93
neural_baseline_lambda_s_0,0,19,legal_practice,79
neural_baseline_lambda_s_0,0,19,media_or_publishing_work,64
neural_baseline_lambda_s_0,0,19,surgical_work,46
neural_baseline_lambda_s_0,0,19,child_or_family_care_mentions,44
neural_baseline_lambda_s_0,0,19,live_music_or_recording,44
neural_baseline_lambda_s_0,0,19,business_or_client_service,39
neural_baseline_lambda_s_0,0,19,nutrition_or_diet_guidance,24
neural_baseline_lambda_s_0,0,19,online_public_presence,19
neural_baseline_lambda_s_0,0,19,software_development,17
neural_baseline_lambda_s_0,0,19,literary_writing,16
neural_baseline_lambda_s_0,0,19,teaching_or_instruction,16
neural_baseline_lambda_s_0,0,19,dental_or_oral_health,7
neural_baseline_lambda_s_0,0,19,university_affiliation,6
neural_baseline_lambda_s_0,0,19,fashion_or_modeling_work,5
neural_baseline_lambda_s_0,0,19,building_or_spatial_design,4
neural_baseline_lambda_s_0,0,19,spouse_or_partner_mentions,3
neural_baseline_lambda_s_0,0,19,religious_ministry,1
neural_baseline_lambda_s_0,0,19,technical_or_engineering_work,1
neural_baseline_lambda_s_0,0,20,business_or_client_service,345
neural_baseline_lambda_s_0,0,20,online_public_presence,298
neural_baseline_lambda_s_0,0,20,legal_practice,246
neural_baseline_lambda_s_0,0,20,public_speaking_or_events,225
neural_baseline_lambda_s_0,0,20,music_composition,132
neural_baseline_lambda_s_0,0,20,mind_body_practice,129
neural_baseline_lambda_s_0,0,20,celebrity_or_public_attention,113
neural_baseline_lambda_s_0,0,20,spouse_or_partner_mentions,110
neural_baseline_lambda_s_0,0,20,reporting_or_news_work,99
neural_baseline_lambda_s_0,0,20,building_or_spatial_design,74
neural_baseline_lambda_s_0,0,20,nutrition_or_diet_guidance,61
neural_baseline_lambda_s_0,0,20,live_music_or_recording,60
neural_baseline_lambda_s_0,0,20,manual_body_treatment,45
neural_baseline_lambda_s_0,0,20,media_or_publishing_work,28
neural_baseline_lambda_s_0,0,20,dental_or_oral_health,9
neural_baseline_lambda_s_0,0,20,university_affiliation,6
neural_baseline_lambda_s_0,0,20,fitness_instruction,5
neural_baseline_lambda_s_0,0,20,film_or_video_production,3
neural_baseline_lambda_s_0,0,20,financial_or_accounting_work,3
neural_baseline_lambda_s_0,0,20,teaching_or_instruction,3
neural_baseline_lambda_s_0,0,20,software_development,2
neural_baseline_lambda_s_0,0,20,child_or_family_care_mentions,1
neural_baseline_lambda_s_0,0,20,fashion_or_modeling_work,1
neural_baseline_lambda_s_0,0,20,literary_writing,1
neural_baseline_lambda_s_0,0,20,medical_training,1
neural_baseline_lambda_s_0,1,1,health_or_wellness_work,2000
neural_baseline_lambda_s_0,1,2,male_pronouns,1398
neural_baseline_lambda_s_0,1,2,nursing_care,602
neural_baseline_lambda_s_0,1,3,creative_or_artistic_work,852
neural_baseline_lambda_s_0,1,3,legal_or_regulatory_work,546
neural_baseline_lambda_s_0,1,3,female_pronouns,545
neural_baseline_lambda_s_0,1,3,male_pronouns,57
neural_baseline_lambda_s_0,1,4,clinical_care,545
neural_baseline_lambda_s_0,1,4,visual_art_practice,466
neural_baseline_lambda_s_0,1,4,design_work,460
neural_baseline_lambda_s_0,1,4,legal_or_regulatory_work,386
neural_baseline_lambda_s_0,1,4,creative_or_artistic_work,86
neural_baseline_lambda_s_0,1,4,dental_or_oral_health,57
neural_baseline_lambda_s_0,1,5,creative_or_artistic_work,661
neural_baseline_lambda_s_0,1,5,live_music_or_recording,466
neural_baseline_lambda_s_0,1,5,clinical_care,443
neural_baseline_lambda_s_0,1,5,dental_or_oral_health,344
neural_baseline_lambda_s_0,1,5,design_work,86
neural_baseline_lambda_s_0,1,6,visual_art_practice,623
neural_baseline_lambda_s_0,1,6,male_pronouns,344
neural_baseline_lambda_s_0,1,6,clinical_care,306
neural_baseline_lambda_s_0,1,6,film_or_video_production,295
neural_baseline_lambda_s_0,1,6,literary_writing,171
neural_baseline_lambda_s_0,1,6,legal_or_regulatory_work,138
neural_baseline_lambda_s_0,1,6,dental_or_oral_health,61
neural_baseline_lambda_s_0,1,6,female_pronouns,54
neural_baseline_lambda_s_0,1,6,design_work,5
neural_baseline_lambda_s_0,1,6,creative_or_artistic_work,3
neural_baseline_lambda_s_0,1,7,literary_writing,535
neural_baseline_lambda_s_0,1,7,live_music_or_recording,327
neural_baseline_lambda_s_0,1,7,visual_art_practice,310
neural_baseline_lambda_s_0,1,7,creative_or_artistic_work,231
neural_baseline_lambda_s_0,1,7,film_or_video_production,176
neural_baseline_lambda_s_0,1,7,nutrition_or_diet_guidance,167
neural_baseline_lambda_s_0,1,7,dental_or_oral_health,138
neural_baseline_lambda_s_0,1,7,male_pronouns,53
neural_baseline_lambda_s_0,1,7,design_work,51
neural_baseline_lambda_s_0,1,7,female_pronouns,8
neural_baseline_lambda_s_0,1,7,legal_or_regulatory_work,3
neural_baseline_lambda_s_0,1,7,nursing_care,1
neural_baseline_lambda_s_0,1,8,design_work,797
neural_baseline_lambda_s_0,1,8,film_or_video_production,240
neural_baseline_lambda_s_0,1,8,legal_or_regulatory_work,213
neural_baseline_lambda_s_0,1,8,literary_writing,206
neural_baseline_lambda_s_0,1,8,creative_or_artistic_work,167
neural_baseline_lambda_s_0,1,8,male_pronouns,138
neural_baseline_lambda_s_0,1,8,female_pronouns,108
neural_baseline_lambda_s_0,1,8,nutrition_or_diet_guidance,71
neural_baseline_lambda_s_0,1,8,live_music_or_recording,51
neural_baseline_lambda_s_0,1,8,nursing_care,8
neural_baseline_lambda_s_0,1,8,dental_or_oral_health,1
neural_baseline_lambda_s_0,1,9,legal_or_regulatory_work,702
neural_baseline_lambda_s_0,1,9,literary_writing,434
neural_baseline_lambda_s_0,1,9,female_pronouns,252
neural_baseline_lambda_s_0,1,9,live_music_or_recording,243
neural_baseline_lambda_s_0,1,9,nutrition_or_diet_guidance,213
neural_baseline_lambda_s_0,1,9,design_work,147
neural_baseline_lambda_s_0,1,9,film_or_video_production,5
neural_baseline_lambda_s_0,1,9,mind_body_practice,2
neural_baseline_lambda_s_0,1,9,visual_art_practice,2
neural_baseline_lambda_s_0,1,10,female_pronouns,706
neural_baseline_lambda_s_0,1,10,film_or_video_production,611
neural_baseline_lambda_s_0,1,10,mind_body_practice,396
neural_baseline_lambda_s_0,1,10,nutrition_or_diet_guidance,141
neural_baseline_lambda_s_0,1,10,visual_art_practice,57
neural_baseline_lambda_s_0,1,10,literary_writing,54
neural_baseline_lambda_s_0,1,10,live_music_or_recording,30
neural_baseline_lambda_s_0,1,10,design_work,3
neural_baseline_lambda_s_0,1,10,medical_training,2
neural_baseline_lambda_s_0,1,11,clinical_care,648
neural_baseline_lambda_s_0,1,11,medical_training,396
neural_baseline_lambda_s_0,1,11,female_pronouns,327
neural_baseline_lambda_s_0,1,11,live_music_or_recording,290
neural_baseline_lambda_s_0,1,11,literary_writing,109
neural_baseline_lambda_s_0,1,11,film_or_video_production,72
neural_baseline_lambda_s_0,1,11,education_or_academic_work,52
neural_baseline_lambda_s_0,1,11,design_work,49
neural_baseline_lambda_s_0,1,11,mind_body_practice,38
neural_baseline_lambda_s_0,1,11,male_pronouns,7
neural_baseline_lambda_s_0,1,11,camera_or_photography_work,6
neural_baseline_lambda_s_0,1,11,legal_or_regulatory_work,3
neural_baseline_lambda_s_0,1,11,nutrition_or_diet_guidance,3
neural_baseline_lambda_s_0,1,12,education_or_academic_work,668
neural_baseline_lambda_s_0,1,12,camera_or_photography_work,498
neural_baseline_lambda_s_0,1,12,teaching_or_instruction,397
neural_baseline_lambda_s_0,1,12,nursing_care,193
neural_baseline_lambda_s_0,1,12,mind_body_practice,107
neural_baseline_lambda_s_0,1,12,live_music_or_recording,49
neural_baseline_lambda_s_0,1,12,clinical_care,35
neural_baseline_lambda_s_0,1,12,literary_writing,34
neural_baseline_lambda_s_0,1,12,design_work,6
neural_baseline_lambda_s_0,1,12,nutrition_or_diet_guidance,6
neural_baseline_lambda_s_0,1,12,male_pronouns,3
neural_baseline_lambda_s_0,1,12,legal_or_regulatory_work,2
neural_baseline_lambda_s_0,1,12,medical_training,1
neural_baseline_lambda_s_0,1,12,visual_art_practice,1
neural_baseline_lambda_s_0,1,13,education_or_academic_work,680
neural_baseline_lambda_s_0,1,13,camera_or_photography_work,641
neural_baseline_lambda_s_0,1,13,surgical_work,278
neural_baseline_lambda_s_0,1,13,visual_art_practice,108
neural_baseline_lambda_s_0,1,13,therapy_or_counseling,71
neural_baseline_lambda_s_0,1,13,nursing_care,56
neural_baseline_lambda_s_0,1,13,mind_body_practice,52
neural_baseline_lambda_s_0,1,13,teaching_or_instruction,34
neural_baseline_lambda_s_0,1,13,financial_or_accounting_work,29
neural_baseline_lambda_s_0,1,13,clinical_care,23
neural_baseline_lambda_s_0,1,13,design_work,20
neural_baseline_lambda_s_0,1,13,dental_or_oral_health,5
neural_baseline_lambda_s_0,1,13,live_music_or_recording,2
neural_baseline_lambda_s_0,1,13,medical_training,1
neural_baseline_lambda_s_0,1,14,media_or_publishing_work,712
neural_baseline_lambda_s_0,1,14,comedy_or_stage_performance,376
neural_baseline_lambda_s_0,1,14,camera_or_photography_work,254
neural_baseline_lambda_s_0,1,14,therapy_or_counseling,248
neural_baseline_lambda_s_0,1,14,teaching_or_instruction,173
neural_baseline_lambda_s_0,1,14,financial_or_accounting_work,63
neural_baseline_lambda_s_0,1,14,design_work,54
neural_baseline_lambda_s_0,1,14,visual_art_practice,36
neural_baseline_lambda_s_0,1,14,nursing_care,35
neural_baseline_lambda_s_0,1,14,spouse_or_partner_mentions,27
neural_baseline_lambda_s_0,1,14,education_or_academic_work,6
neural_baseline_lambda_s_0,1,14,surgical_work,6
neural_baseline_lambda_s_0,1,14,literary_writing,5
neural_baseline_lambda_s_0,1,14,dental_or_oral_health,2
neural_baseline_lambda_s_0,1,14,medical_training,2
neural_baseline_lambda_s_0,1,14,mind_body_practice,1
neural_baseline_lambda_s_0,1,15,teaching_or_instruction,525
neural_baseline_lambda_s_0,1,15,comedy_or_stage_performance,478
neural_baseline_lambda_s_0,1,15,software_development,244
neural_baseline_lambda_s_0,1,15,financial_or_accounting_work,214
neural_baseline_lambda_s_0,1,15,dental_or_oral_health,132
neural_baseline_lambda_s_0,1,15,medical_training,131
neural_baseline_lambda_s_0,1,15,fitness_instruction,87
neural_baseline_lambda_s_0,1,15,education_or_academic_work,64
neural_baseline_lambda_s_0,1,15,therapy_or_counseling,50
neural_baseline_lambda_s_0,1,15,surgical_work,41
neural_baseline_lambda_s_0,1,15,media_or_publishing_work,17
neural_baseline_lambda_s_0,1,15,mind_body_practice,5
neural_baseline_lambda_s_0,1,15,music_composition,4
neural_baseline_lambda_s_0,1,15,spouse_or_partner_mentions,4
neural_baseline_lambda_s_0,1,15,design_work,2
neural_baseline_lambda_s_0,1,15,literary_writing,2
neural_baseline_lambda_s_0,1,16,teaching_or_instruction,253
neural_baseline_lambda_s_0,1,16,comedy_or_stage_performance,242
neural_baseline_lambda_s_0,1,16,spouse_or_partner_mentions,226
neural_baseline_lambda_s_0,1,16,music_composition,224
neural_baseline_lambda_s_0,1,16,dental_or_oral_health,198
neural_baseline_lambda_s_0,1,16,nutrition_or_diet_guidance,158
neural_baseline_lambda_s_0,1,16,software_development,143
neural_baseline_lambda_s_0,1,16,media_or_publishing_work,128
neural_baseline_lambda_s_0,1,16,education_or_academic_work,127
neural_baseline_lambda_s_0,1,16,financial_or_accounting_work,89
neural_baseline_lambda_s_0,1,16,medical_training,64
neural_baseline_lambda_s_0,1,16,management_or_leadership,55
neural_baseline_lambda_s_0,1,16,therapy_or_counseling,30
neural_baseline_lambda_s_0,1,16,fitness_instruction,23
neural_baseline_lambda_s_0,1,16,surgical_work,18
neural_baseline_lambda_s_0,1,16,design_work,13
neural_baseline_lambda_s_0,1,16,literary_writing,8
neural_baseline_lambda_s_0,1,16,nursing_care,1
neural_baseline_lambda_s_0,1,17,teaching_or_instruction,563
neural_baseline_lambda_s_0,1,17,music_composition,370
neural_baseline_lambda_s_0,1,17,building_or_spatial_design,234
neural_baseline_lambda_s_0,1,17,fitness_instruction,227
neural_baseline_lambda_s_0,1,17,media_or_publishing_work,163
neural_baseline_lambda_s_0,1,17,nutrition_or_diet_guidance,118
neural_baseline_lambda_s_0,1,17,spouse_or_partner_mentions,98
neural_baseline_lambda_s_0,1,17,education_or_academic_work,41
neural_baseline_lambda_s_0,1,17,comedy_or_stage_performance,39
neural_baseline_lambda_s_0,1,17,dental_or_oral_health,36
neural_baseline_lambda_s_0,1,17,therapy_or_counseling,25
neural_baseline_lambda_s_0,1,17,literary_writing,20
neural_baseline_lambda_s_0,1,17,surgical_work,15
neural_baseline_lambda_s_0,1,17,software_development,14
neural_baseline_lambda_s_0,1,17,nursing_care,11
neural_baseline_lambda_s_0,1,17,management_or_leadership,7
neural_baseline_lambda_s_0,1,17,legal_practice,6
neural_baseline_lambda_s_0,1,17,design_work,4
neural_baseline_lambda_s_0,1,17,medical_training,4
neural_baseline_lambda_s_0,1,17,financial_or_accounting_work,3
neural_baseline_lambda_s_0,1,17,legal_or_regulatory_work,2
neural_baseline_lambda_s_0,1,18,software_development,608
neural_baseline_lambda_s_0,1,18,building_or_spatial_design,284
neural_baseline_lambda_s_0,1,18,management_or_leadership,282
neural_baseline_lambda_s_0,1,18,comedy_or_stage_performance,122
neural_baseline_lambda_s_0,1,18,music_composition,102
neural_baseline_lambda_s_0,1,18,therapy_or_counseling,89
neural_baseline_lambda_s_0,1,18,financial_or_accounting_work,88
neural_baseline_lambda_s_0,1,18,scientific_or_lab_research,75
neural_baseline_lambda_s_0,1,18,fitness_instruction,74
neural_baseline_lambda_s_0,1,18,spouse_or_partner_mentions,43
neural_baseline_lambda_s_0,1,18,surgical_work,41
neural_baseline_lambda_s_0,1,18,teaching_or_instruction,40
neural_baseline_lambda_s_0,1,18,media_or_publishing_work,38
neural_baseline_lambda_s_0,1,18,design_work,29
neural_baseline_lambda_s_0,1,18,dental_or_oral_health,24
neural_baseline_lambda_s_0,1,18,literary_writing,23
neural_baseline_lambda_s_0,1,18,advanced_degree_or_training,22
neural_baseline_lambda_s_0,1,18,legal_practice,4
neural_baseline_lambda_s_0,1,18,education_or_academic_work,3
neural_baseline_lambda_s_0,1,18,legal_or_regulatory_work,2
neural_baseline_lambda_s_0,1,18,technical_or_engineering_work,2
neural_baseline_lambda_s_0,1,18,classroom_instruction,1
neural_baseline_lambda_s_0,1,18,fashion_or_modeling_work,1
neural_baseline_lambda_s_0,1,18,live_music_or_recording,1
neural_baseline_lambda_s_0,1,18,nursing_care,1
neural_baseline_lambda_s_0,1,18,visual_art_practice,1
neural_baseline_lambda_s_0,1,19,technical_or_engineering_work,603
neural_baseline_lambda_s_0,1,19,legal_practice,228
neural_baseline_lambda_s_0,1,19,fitness_instruction,197
neural_baseline_lambda_s_0,1,19,music_composition,145
neural_baseline_lambda_s_0,1,19,media_or_publishing_work,139
neural_baseline_lambda_s_0,1,19,software_development,103
neural_baseline_lambda_s_0,1,19,dental_or_oral_health,95
neural_baseline_lambda_s_0,1,19,scientific_or_lab_research,87
neural_baseline_lambda_s_0,1,19,comedy_or_stage_performance,79
neural_baseline_lambda_s_0,1,19,advanced_degree_or_training,71
neural_baseline_lambda_s_0,1,19,mind_body_practice,50
neural_baseline_lambda_s_0,1,19,building_or_spatial_design,46
neural_baseline_lambda_s_0,1,19,education_or_academic_work,36
neural_baseline_lambda_s_0,1,19,management_or_leadership,35
neural_baseline_lambda_s_0,1,19,therapy_or_counseling,30
neural_baseline_lambda_s_0,1,19,classroom_instruction,19
neural_baseline_lambda_s_0,1,19,nutrition_or_diet_guidance,13
neural_baseline_lambda_s_0,1,19,teaching_or_instruction,7
neural_baseline_lambda_s_0,1,19,financial_or_accounting_work,6
neural_baseline_lambda_s_0,1,19,surgical_work,5
neural_baseline_lambda_s_0,1,19,business_or_client_service,2
neural_baseline_lambda_s_0,1,19,fashion_or_modeling_work,2
neural_baseline_lambda_s_0,1,19,design_work,1
neural_baseline_lambda_s_0,1,19,online_public_presence,1
neural_baseline_lambda_s_0,1,20,advanced_degree_or_training,355
neural_baseline_lambda_s_0,1,20,building_or_spatial_design,293
neural_baseline_lambda_s_0,1,20,fitness_instruction,221
neural_baseline_lambda_s_0,1,20,music_composition,141
neural_baseline_lambda_s_0,1,20,classroom_instruction,139
neural_baseline_lambda_s_0,1,20,media_or_publishing_work,98
neural_baseline_lambda_s_0,1,20,dental_or_oral_health,96
neural_baseline_lambda_s_0,1,20,education_or_academic_work,90
neural_baseline_lambda_s_0,1,20,mind_body_practice,88
neural_baseline_lambda_s_0,1,20,legal_practice,83
neural_baseline_lambda_s_0,1,20,business_or_management_education,72
neural_baseline_lambda_s_0,1,20,technical_or_engineering_work,68
neural_baseline_lambda_s_0,1,20,spouse_or_partner_mentions,51
neural_baseline_lambda_s_0,1,20,comedy_or_stage_performance,47
neural_baseline_lambda_s_0,1,20,software_development,43
neural_baseline_lambda_s_0,1,20,online_public_presence,38
neural_baseline_lambda_s_0,1,20,scientific_or_lab_research,37
neural_baseline_lambda_s_0,1,20,therapy_or_counseling,20
neural_baseline_lambda_s_0,1,20,fashion_or_modeling_work,8
neural_baseline_lambda_s_0,1,20,teaching_or_instruction,4
neural_baseline_lambda_s_0,1,20,management_or_leadership,3
neural_baseline_lambda_s_0,1,20,design_work,2
neural_baseline_lambda_s_0,1,20,literary_writing,2
neural_baseline_lambda_s_0,1,20,film_or_video_production,1
neural_baseline_lambda_s_0,2,1,female_pronouns,2000
neural_baseline_lambda_s_0,2,2,creative_or_artistic_work,2000
neural_baseline_lambda_s_0,2,3,health_or_wellness_work,1282
neural_baseline_lambda_s_0,2,3,film_or_video_production,483
neural_baseline_lambda_s_0,2,3,visual_art_practice,235
neural_baseline_lambda_s_0,2,4,visual_art_practice,413
neural_baseline_lambda_s_0,2,4,technical_or_engineering_work,407
neural_baseline_lambda_s_0,2,4,dental_or_oral_health,309
neural_baseline_lambda_s_0,2,4,literary_writing,305
neural_baseline_lambda_s_0,2,4,legal_or_regulatory_work,285
neural_baseline_lambda_s_0,2,4,clinical_care,281
neural_baseline_lambda_s_0,2,5,literary_writing,413
neural_baseline_lambda_s_0,2,5,legal_or_regulatory_work,407
neural_baseline_lambda_s_0,2,5,clinical_care,309
neural_baseline_lambda_s_0,2,5,technical_or_engineering_work,285
neural_baseline_lambda_s_0,2,5,dental_or_oral_health,281
neural_baseline_lambda_s_0,2,5,design_work,148
neural_baseline_lambda_s_0,2,5,film_or_video_production,87
neural_baseline_lambda_s_0,2,5,visual_art_practice,70
neural_baseline_lambda_s_0,2,6,clinical_care,495
neural_baseline_lambda_s_0,2,6,live_music_or_recording,477
neural_baseline_lambda_s_0,2,6,nursing_care,396
neural_baseline_lambda_s_0,2,6,design_work,284
neural_baseline_lambda_s_0,2,6,legal_or_regulatory_work,194
neural_baseline_lambda_s_0,2,6,film_or_video_production,148
neural_baseline_lambda_s_0,2,6,camera_or_photography_work,6
neural_baseline_lambda_s_0,2,7,camera_or_photography_work,515
neural_baseline_lambda_s_0,2,7,visual_art_practice,399
neural_baseline_lambda_s_0,2,7,nutrition_or_diet_guidance,396
neural_baseline_lambda_s_0,2,7,live_music_or_recording,203
neural_baseline_lambda_s_0,2,7,clinical_care,197
neural_baseline_lambda_s_0,2,7,nursing_care,193
neural_baseline_lambda_s_0,2,7,design_work,88
neural_baseline_lambda_s_0,2,7,dental_or_oral_health,8
neural_baseline_lambda_s_0,2,7,technical_or_engineering_work,1
neural_baseline_lambda_s_0,2,8,health_or_wellness_work,602
neural_baseline_lambda_s_0,2,8,medical_training,396
neural_baseline_lambda_s_0,2,8,live_music_or_recording,385
neural_baseline_lambda_s_0,2,8,visual_art_practice,284
neural_baseline_lambda_s_0,2,8,nutrition_or_diet_guidance,141
neural_baseline_lambda_s_0,2,8,design_work,130
neural_baseline_lambda_s_0,2,8,technical_or_engineering_work,52
neural_baseline_lambda_s_0,2,8,nursing_care,10
neural_baseline_lambda_s_0,2,9,design_work,745
neural_baseline_lambda_s_0,2,9,literary_writing,284
neural_baseline_lambda_s_0,2,9,surgical_work,202
neural_baseline_lambda_s_0,2,9,legal_or_regulatory_work,194
neural_baseline_lambda_s_0,2,9,camera_or_photography_work,192
neural_baseline_lambda_s_0,2,9,technical_or_engineering_work,141
neural_baseline_lambda_s_0,2,9,health_or_wellness_work,116
neural_baseline_lambda_s_0,2,9,nutrition_or_diet_guidance,61
neural_baseline_lambda_s_0,2,9,live_music_or_recording,52
neural_baseline_lambda_s_0,2,9,clinical_care,11
neural_baseline_lambda_s_0,2,9,dental_or_oral_health,1
neural_baseline_lambda_s_0,2,9,film_or_video_production,1
neural_baseline_lambda_s_0,2,10,technical_or_engineering_work,476
neural_baseline_lambda_s_0,2,10,film_or_video_production,364
neural_baseline_lambda_s_0,2,10,legal_or_regulatory_work,270
neural_baseline_lambda_s_0,2,10,live_music_or_recording,266
neural_baseline_lambda_s_0,2,10,mind_body_practice,246
neural_baseline_lambda_s_0,2,10,design_work,201
neural_baseline_lambda_s_0,2,10,surgical_work,113
neural_baseline_lambda_s_0,2,10,literary_writing,52
neural_baseline_lambda_s_0,2,10,visual_art_practice,6
neural_baseline_lambda_s_0,2,10,camera_or_photography_work,2
neural_baseline_lambda_s_0,2,10,dental_or_oral_health,2
neural_baseline_lambda_s_0,2,10,clinical_care,1
neural_baseline_lambda_s_0,2,10,nutrition_or_diet_guidance,1
neural_baseline_lambda_s_0,2,11,legal_or_regulatory_work,643
neural_baseline_lambda_s_0,2,11,literary_writing,347
neural_baseline_lambda_s_0,2,11,mind_body_practice,343
neural_baseline_lambda_s_0,2,11,film_or_video_production,318
neural_baseline_lambda_s_0,2,11,technical_or_engineering_work,235
neural_baseline_lambda_s_0,2,11,surgical_work,81
neural_baseline_lambda_s_0,2,11,live_music_or_recording,18
neural_baseline_lambda_s_0,2,11,design_work,6
neural_baseline_lambda_s_0,2,11,visual_art_practice,4
neural_baseline_lambda_s_0,2,11,camera_or_photography_work,3
neural_baseline_lambda_s_0,2,11,nursing_care,2
neural_baseline_lambda_s_0,2,12,clinical_care,706
neural_baseline_lambda_s_0,2,12,camera_or_photography_work,683
neural_baseline_lambda_s_0,2,12,male_pronouns,459
neural_baseline_lambda_s_0,2,12,technical_or_engineering_work,86
neural_baseline_lambda_s_0,2,12,visual_art_practice,44
neural_baseline_lambda_s_0,2,12,live_music_or_recording,8
neural_baseline_lambda_s_0,2,12,nursing_care,5
neural_baseline_lambda_s_0,2,12,legal_or_regulatory_work,4
neural_baseline_lambda_s_0,2,12,mind_body_practice,2
neural_baseline_lambda_s_0,2,12,nutrition_or_diet_guidance,2
neural_baseline_lambda_s_0,2,12,comedy_or_stage_performance,1
neural_baseline_lambda_s_0,2,13,software_development,973
neural_baseline_lambda_s_0,2,13,male_pronouns,560
neural_baseline_lambda_s_0,2,13,design_work,221
neural_baseline_lambda_s_0,2,13,visual_art_practice,149
neural_baseline_lambda_s_0,2,13,technical_or_engineering_work,91
neural_baseline_lambda_s_0,2,13,nutrition_or_diet_guidance,3
neural_baseline_lambda_s_0,2,13,medical_training,2
neural_baseline_lambda_s_0,2,13,live_music_or_recording,1
neural_baseline_lambda_s_0,2,14,male_pronouns,974
neural_baseline_lambda_s_0,2,14,software_development,397
neural_baseline_lambda_s_0,2,14,surgical_work,142
neural_baseline_lambda_s_0,2,14,design_work,105
neural_baseline_lambda_s_0,2,14,technical_or_engineering_work,92
neural_baseline_lambda_s_0,2,14,teaching_or_instruction,83
neural_baseline_lambda_s_0,2,14,visual_art_practice,70
neural_baseline_lambda_s_0,2,14,live_music_or_recording,51
neural_baseline_lambda_s_0,2,14,fitness_instruction,49
neural_baseline_lambda_s_0,2,14,nursing_care,22
neural_baseline_lambda_s_0,2,14,film_or_video_production,6
neural_baseline_lambda_s_0,2,14,dental_or_oral_health,3
neural_baseline_lambda_s_0,2,14,literary_writing,3
neural_baseline_lambda_s_0,2,14,nutrition_or_diet_guidance,2
neural_baseline_lambda_s_0,2,14,legal_or_regulatory_work,1
neural_baseline_lambda_s_0,2,15,media_or_publishing_work,710
neural_baseline_lambda_s_0,2,15,comedy_or_stage_performance,325
neural_baseline_lambda_s_0,2,15,nursing_care,262
neural_baseline_lambda_s_0,2,15,fitness_instruction,151
neural_baseline_lambda_s_0,2,15,literary_writing,145
neural_baseline_lambda_s_0,2,15,visual_art_practice,121
neural_baseline_lambda_s_0,2,15,software_development,73
neural_baseline_lambda_s_0,2,15,dental_or_oral_health,71
neural_baseline_lambda_s_0,2,15,design_work,71
neural_baseline_lambda_s_0,2,15,technical_or_engineering_work,48
neural_baseline_lambda_s_0,2,15,teaching_or_instruction,6
neural_baseline_lambda_s_0,2,15,male_pronouns,5
neural_baseline_lambda_s_0,2,15,medical_training,4
neural_baseline_lambda_s_0,2,15,nutrition_or_diet_guidance,4
neural_baseline_lambda_s_0,2,15,surgical_work,3
neural_baseline_lambda_s_0,2,15,mind_body_practice,1
neural_baseline_lambda_s_0,2,16,media_or_publishing_work,396
neural_baseline_lambda_s_0,2,16,comedy_or_stage_performance,385
neural_baseline_lambda_s_0,2,16,nutrition_or_diet_guidance,280
neural_baseline_lambda_s_0,2,16,dental_or_oral_health,230
neural_baseline_lambda_s_0,2,16,teaching_or_instruction,171
neural_baseline_lambda_s_0,2,16,medical_training,147
neural_baseline_lambda_s_0,2,16,therapy_or_counseling,146
neural_baseline_lambda_s_0,2,16,financial_or_accounting_work,83
neural_baseline_lambda_s_0,2,16,live_music_or_recording,74
neural_baseline_lambda_s_0,2,16,literary_writing,45
neural_baseline_lambda_s_0,2,16,business_or_client_service,21
neural_baseline_lambda_s_0,2,16,software_development,10
neural_baseline_lambda_s_0,2,16,visual_art_practice,4
neural_baseline_lambda_s_0,2,16,film_or_video_production,3
neural_baseline_lambda_s_0,2,16,technical_or_engineering_work,2
neural_baseline_lambda_s_0,2,16,design_work,1
neural_baseline_lambda_s_0,2,16,fitness_instruction,1
neural_baseline_lambda_s_0,2,16,mind_body_practice,1
neural_baseline_lambda_s_0,2,17,financial_or_accounting_work,660
neural_baseline_lambda_s_0,2,17,business_or_client_service,372
neural_baseline_lambda_s_0,2,17,mind_body_practice,289
neural_baseline_lambda_s_0,2,17,teaching_or_instruction,217
neural_baseline_lambda_s_0,2,17,software_development,81
neural_baseline_lambda_s_0,2,17,legal_practice,76
neural_baseline_lambda_s_0,2,17,building_or_spatial_design,60
neural_baseline_lambda_s_0,2,17,dental_or_oral_health,53
neural_baseline_lambda_s_0,2,17,therapy_or_counseling,51
neural_baseline_lambda_s_0,2,17,fitness_instruction,41
neural_baseline_lambda_s_0,2,17,medical_training,40
neural_baseline_lambda_s_0,2,17,child_or_family_care_mentions,16
neural_baseline_lambda_s_0,2,17,literary_writing,10
neural_baseline_lambda_s_0,2,17,camera_or_photography_work,8
neural_baseline_lambda_s_0,2,17,technical_or_engineering_work,5
neural_baseline_lambda_s_0,2,17,media_or_publishing_work,4
neural_baseline_lambda_s_0,2,17,visual_art_practice,4
neural_baseline_lambda_s_0,2,17,film_or_video_production,3
neural_baseline_lambda_s_0,2,17,music_composition,3
neural_baseline_lambda_s_0,2,17,live_music_or_recording,2
neural_baseline_lambda_s_0,2,17,advanced_degree_or_training,1
neural_baseline_lambda_s_0,2,17,legal_or_regulatory_work,1
neural_baseline_lambda_s_0,2,17,male_pronouns,1
neural_baseline_lambda_s_0,2,17,reporting_or_news_work,1
neural_baseline_lambda_s_0,2,17,surgical_work,1
neural_baseline_lambda_s_0,2,18,business_or_client_service,736
neural_baseline_lambda_s_0,2,18,teaching_or_instruction,284
neural_baseline_lambda_s_0,2,18,child_or_family_care_mentions,194
neural_baseline_lambda_s_0,2,18,visual_art_practice,117
neural_baseline_lambda_s_0,2,18,financial_or_accounting_work,97
neural_baseline_lambda_s_0,2,18,live_music_or_recording,92
neural_baseline_lambda_s_0,2,18,media_or_publishing_work,84
neural_baseline_lambda_s_0,2,18,fitness_instruction,80
neural_baseline_lambda_s_0,2,18,advanced_degree_or_training,79
neural_baseline_lambda_s_0,2,18,building_or_spatial_design,50
neural_baseline_lambda_s_0,2,18,film_or_video_production,49
neural_baseline_lambda_s_0,2,18,music_composition,38
neural_baseline_lambda_s_0,2,18,software_development,30
neural_baseline_lambda_s_0,2,18,dental_or_oral_health,29
neural_baseline_lambda_s_0,2,18,camera_or_photography_work,13
neural_baseline_lambda_s_0,2,18,therapy_or_counseling,10
neural_baseline_lambda_s_0,2,18,mind_body_practice,8
neural_baseline_lambda_s_0,2,18,comedy_or_stage_performance,5
neural_baseline_lambda_s_0,2,18,medical_training,2
neural_baseline_lambda_s_0,2,18,legal_or_regulatory_work,1
neural_baseline_lambda_s_0,2,18,legal_practice,1
neural_baseline_lambda_s_0,2,18,male_pronouns,1
neural_baseline_lambda_s_0,2,19,teaching_or_instruction,504
neural_baseline_lambda_s_0,2,19,music_composition,395
neural_baseline_lambda_s_0,2,19,media_or_publishing_work,200
neural_baseline_lambda_s_0,2,19,building_or_spatial_design,170
neural_baseline_lambda_s_0,2,19,camera_or_photography_work,141
neural_baseline_lambda_s_0,2,19,scientific_or_lab_research,121
neural_baseline_lambda_s_0,2,19,live_music_or_recording,108
neural_baseline_lambda_s_0,2,19,fitness_instruction,68
neural_baseline_lambda_s_0,2,19,legal_practice,63
neural_baseline_lambda_s_0,2,19,business_or_client_service,59
neural_baseline_lambda_s_0,2,19,therapy_or_counseling,59
neural_baseline_lambda_s_0,2,19,financial_or_accounting_work,38
neural_baseline_lambda_s_0,2,19,child_or_family_care_mentions,20
neural_baseline_lambda_s_0,2,19,dental_or_oral_health,17
neural_baseline_lambda_s_0,2,19,software_development,12
neural_baseline_lambda_s_0,2,19,surgical_work,11
neural_baseline_lambda_s_0,2,19,film_or_video_production,4
neural_baseline_lambda_s_0,2,19,education_or_academic_work,3
neural_baseline_lambda_s_0,2,19,visual_art_practice,3
neural_baseline_lambda_s_0,2,19,advanced_degree_or_training,2
neural_baseline_lambda_s_0,2,19,mind_body_practice,2
neural_baseline_lambda_s_0,2,20,building_or_spatial_design,421
neural_baseline_lambda_s_0,2,20,education_or_academic_work,392
neural_baseline_lambda_s_0,2,20,business_or_client_service,319
neural_baseline_lambda_s_0,2,20,teaching_or_instruction,127
neural_baseline_lambda_s_0,2,20,therapy_or_counseling,124
neural_baseline_lambda_s_0,2,20,music_composition,102
neural_baseline_lambda_s_0,2,20,scientific_or_lab_research,79
neural_baseline_lambda_s_0,2,20,film_or_video_production,75
neural_baseline_lambda_s_0,2,20,manual_body_treatment,70
neural_baseline_lambda_s_0,2,20,software_development,55
neural_baseline_lambda_s_0,2,20,surgical_work,50
neural_baseline_lambda_s_0,2,20,advanced_degree_or_training,47
neural_baseline_lambda_s_0,2,20,legal_practice,33
neural_baseline_lambda_s_0,2,20,university_affiliation,27
neural_baseline_lambda_s_0,2,20,financial_or_accounting_work,14
neural_baseline_lambda_s_0,2,20,live_music_or_recording,14
neural_baseline_lambda_s_0,2,20,reporting_or_news_work,12
neural_baseline_lambda_s_0,2,20,medical_training,10
neural_baseline_lambda_s_0,2,20,camera_or_photography_work,8
neural_baseline_lambda_s_0,2,20,dental_or_oral_health,7
neural_baseline_lambda_s_0,2,20,fitness_instruction,6
neural_baseline_lambda_s_0,2,20,mind_body_practice,4
neural_baseline_lambda_s_0,2,20,visual_art_practice,3
neural_baseline_lambda_s_0,2,20,technical_or_engineering_work,1
neural_baseline_lambda_s_0,3,1,health_or_wellness_work,2000
neural_baseline_lambda_s_0,3,2,creative_or_artistic_work,1398
neural_baseline_lambda_s_0,3,2,female_pronouns,602
neural_baseline_lambda_s_0,3,3,design_work,706
neural_baseline_lambda_s_0,3,3,female_pronouns,692
neural_baseline_lambda_s_0,3,3,clinical_care,602
neural_baseline_lambda_s_0,3,4,visual_art_practice,706
neural_baseline_lambda_s_0,3,4,clinical_care,692
neural_baseline_lambda_s_0,3,4,nursing_care,398
neural_baseline_lambda_s_0,3,4,creative_or_artistic_work,204
neural_baseline_lambda_s_0,3,5,live_music_or_recording,699
neural_baseline_lambda_s_0,3,5,visual_art_practice,693
neural_baseline_lambda_s_0,3,5,dental_or_oral_health,601
neural_baseline_lambda_s_0,3,5,female_pronouns,7
neural_baseline_lambda_s_0,3,6,female_pronouns,699
neural_baseline_lambda_s_0,3,6,design_work,688
neural_baseline_lambda_s_0,3,6,creative_or_artistic_work,398
neural_baseline_lambda_s_0,3,6,nursing_care,203
neural_baseline_lambda_s_0,3,6,live_music_or_recording,12
neural_baseline_lambda_s_0,3,7,male_pronouns,885
neural_baseline_lambda_s_0,3,7,legal_or_regulatory_work,706
neural_baseline_lambda_s_0,3,7,live_music_or_recording,404
neural_baseline_lambda_s_0,3,7,design_work,5
neural_baseline_lambda_s_0,3,8,male_pronouns,1115
neural_baseline_lambda_s_0,3,8,legal_or_regulatory_work,428
neural_baseline_lambda_s_0,3,8,medical_training,396
neural_baseline_lambda_s_0,3,8,visual_art_practice,59
neural_baseline_lambda_s_0,3,8,design_work,2
neural_baseline_lambda_s_0,3,9,clinical_care,706
neural_baseline_lambda_s_0,3,9,dental_or_oral_health,383
neural_baseline_lambda_s_0,3,9,legal_or_regulatory_work,266
neural_baseline_lambda_s_0,3,9,nursing_care,205
neural_baseline_lambda_s_0,3,9,literary_writing,202
neural_baseline_lambda_s_0,3,9,design_work,144
neural_baseline_lambda_s_0,3,9,live_music_or_recording,92
neural_baseline_lambda_s_0,3,9,medical_training,2
neural_baseline_lambda_s_0,3,10,legal_practice,706
neural_baseline_lambda_s_0,3,10,legal_or_regulatory_work,396
neural_baseline_lambda_s_0,3,10,live_music_or_recording,231
neural_baseline_lambda_s_0,3,10,visual_art_practice,146
neural_baseline_lambda_s_0,3,10,mind_body_practice,121
neural_baseline_lambda_s_0,3,10,literary_writing,105
neural_baseline_lambda_s_0,3,10,nursing_care,105
neural_baseline_lambda_s_0,3,10,design_work,89
neural_baseline_lambda_s_0,3,10,therapy_or_counseling,81
neural_baseline_lambda_s_0,3,10,dental_or_oral_health,20
neural_baseline_lambda_s_0,3,11,literary_writing,795
neural_baseline_lambda_s_0,3,11,nursing_care,378
neural_baseline_lambda_s_0,3,11,dental_or_oral_health,290
neural_baseline_lambda_s_0,3,11,mind_body_practice,151
neural_baseline_lambda_s_0,3,11,medical_training,144
neural_baseline_lambda_s_0,3,11,therapy_or_counseling,123
neural_baseline_lambda_s_0,3,11,design_work,59
neural_baseline_lambda_s_0,3,11,legal_practice,34
neural_baseline_lambda_s_0,3,11,live_music_or_recording,22
neural_baseline_lambda_s_0,3,11,financial_or_accounting_work,4
neural_baseline_lambda_s_0,3,12,legal_practice,993
neural_baseline_lambda_s_0,3,12,film_or_video_production,706
neural_baseline_lambda_s_0,3,12,financial_or_accounting_work,190
neural_baseline_lambda_s_0,3,12,medical_training,59
neural_baseline_lambda_s_0,3,12,therapy_or_counseling,28
neural_baseline_lambda_s_0,3,12,legal_or_regulatory_work,10
neural_baseline_lambda_s_0,3,12,mind_body_practice,5
neural_baseline_lambda_s_0,3,12,nursing_care,4
neural_baseline_lambda_s_0,3,12,live_music_or_recording,3
neural_baseline_lambda_s_0,3,12,design_work,1
neural_baseline_lambda_s_0,3,12,literary_writing,1
neural_baseline_lambda_s_0,3,13,building_or_spatial_design,706
neural_baseline_lambda_s_0,3,13,literary_writing,694
neural_baseline_lambda_s_0,3,13,legal_practice,252
neural_baseline_lambda_s_0,3,13,therapy_or_counseling,164
neural_baseline_lambda_s_0,3,13,live_music_or_recording,141
neural_baseline_lambda_s_0,3,13,mind_body_practice,29
neural_baseline_lambda_s_0,3,13,financial_or_accounting_work,7
neural_baseline_lambda_s_0,3,13,medical_training,4
neural_baseline_lambda_s_0,3,13,nutrition_or_diet_guidance,2
neural_baseline_lambda_s_0,3,13,nursing_care,1
neural_baseline_lambda_s_0,3,14,medical_training,631
neural_baseline_lambda_s_0,3,14,business_or_client_service,583
neural_baseline_lambda_s_0,3,14,literary_writing,203
neural_baseline_lambda_s_0,3,14,music_composition,123
neural_baseline_lambda_s_0,3,14,scientific_or_lab_research,119
neural_baseline_lambda_s_0,3,14,financial_or_accounting_work,102
neural_baseline_lambda_s_0,3,14,mind_body_practice,90
neural_baseline_lambda_s_0,3,14,nutrition_or_diet_guidance,73
neural_baseline_lambda_s_0,3,14,film_or_video_production,58
neural_baseline_lambda_s_0,3,14,legal_practice,15
neural_baseline_lambda_s_0,3,14,design_work,3
neural_baseline_lambda_s_0,3,15,film_or_video_production,634
neural_baseline_lambda_s_0,3,15,media_or_publishing_work,468
neural_baseline_lambda_s_0,3,15,mind_body_practice,200
neural_baseline_lambda_s_0,3,15,nutrition_or_diet_guidance,126
neural_baseline_lambda_s_0,3,15,business_or_client_service,123
neural_baseline_lambda_s_0,3,15,music_composition,118
neural_baseline_lambda_s_0,3,15,fashion_or_modeling_work,93
neural_baseline_lambda_s_0,3,15,scientific_or_lab_research,76
neural_baseline_lambda_s_0,3,15,financial_or_accounting_work,74
neural_baseline_lambda_s_0,3,15,medical_training,57
neural_baseline_lambda_s_0,3,15,design_work,25
neural_baseline_lambda_s_0,3,15,legal_or_regulatory_work,3
neural_baseline_lambda_s_0,3,15,software_development,2
neural_baseline_lambda_s_0,3,15,technical_or_engineering_work,1
neural_baseline_lambda_s_0,3,16,media_or_publishing_work,1078
neural_baseline_lambda_s_0,3,16,music_composition,465
neural_baseline_lambda_s_0,3,16,fashion_or_modeling_work,251
neural_baseline_lambda_s_0,3,16,scientific_or_lab_research,73
neural_baseline_lambda_s_0,3,16,technical_or_engineering_work,54
neural_baseline_lambda_s_0,3,16,camera_or_photography_work,46
neural_baseline_lambda_s_0,3,16,financial_or_accounting_work,27
neural_baseline_lambda_s_0,3,16,design_work,2
neural_baseline_lambda_s_0,3,16,mind_body_practice,2
neural_baseline_lambda_s_0,3,16,medical_training,1
neural_baseline_lambda_s_0,3,16,nutrition_or_diet_guidance,1
neural_baseline_lambda_s_0,3,17,camera_or_photography_work,548
neural_baseline_lambda_s_0,3,17,technical_or_engineering_work,465
neural_baseline_lambda_s_0,3,17,education_or_academic_work,308
neural_baseline_lambda_s_0,3,17,fashion_or_modeling_work,196
neural_baseline_lambda_s_0,3,17,teaching_or_instruction,135
neural_baseline_lambda_s_0,3,17,nutrition_or_diet_guidance,118
neural_baseline_lambda_s_0,3,17,media_or_publishing_work,117
neural_baseline_lambda_s_0,3,17,legal_or_regulatory_work,53
neural_baseline_lambda_s_0,3,17,comedy_or_stage_performance,37
neural_baseline_lambda_s_0,3,17,scientific_or_lab_research,11
neural_baseline_lambda_s_0,3,17,business_or_client_service,5
neural_baseline_lambda_s_0,3,17,mind_body_practice,5
neural_baseline_lambda_s_0,3,17,music_composition,1
neural_baseline_lambda_s_0,3,17,software_development,1
neural_baseline_lambda_s_0,3,18,comedy_or_stage_performance,472
neural_baseline_lambda_s_0,3,18,teaching_or_instruction,316
neural_baseline_lambda_s_0,3,18,camera_or_photography_work,295
neural_baseline_lambda_s_0,3,18,technical_or_engineering_work,251
neural_baseline_lambda_s_0,3,18,media_or_publishing_work,215
neural_baseline_lambda_s_0,3,18,interior_or_decorative_design,122
neural_baseline_lambda_s_0,3,18,scientific_or_lab_research,119
neural_baseline_lambda_s_0,3,18,nutrition_or_diet_guidance,66
neural_baseline_lambda_s_0,3,18,software_development,57
neural_baseline_lambda_s_0,3,18,mind_body_practice,35
neural_baseline_lambda_s_0,3,18,education_or_academic_work,13
neural_baseline_lambda_s_0,3,18,surgical_work,12
neural_baseline_lambda_s_0,3,18,design_work,10
neural_baseline_lambda_s_0,3,18,therapy_or_counseling,6
neural_baseline_lambda_s_0,3,18,building_or_spatial_design,4
neural_baseline_lambda_s_0,3,18,legal_or_regulatory_work,4
neural_baseline_lambda_s_0,3,18,film_or_video_production,2
neural_baseline_lambda_s_0,3,18,business_or_client_service,1
neural_baseline_lambda_s_0,3,19,education_or_academic_work,375
neural_baseline_lambda_s_0,3,19,mind_body_practice,348
neural_baseline_lambda_s_0,3,19,surgical_work,276
neural_baseline_lambda_s_0,3,19,teaching_or_instruction,229
neural_baseline_lambda_s_0,3,19,comedy_or_stage_performance,197
neural_baseline_lambda_s_0,3,19,camera_or_photography_work,126
neural_baseline_lambda_s_0,3,19,media_or_publishing_work,114
neural_baseline_lambda_s_0,3,19,technical_or_engineering_work,107
neural_baseline_lambda_s_0,3,19,software_development,71
neural_baseline_lambda_s_0,3,19,interior_or_decorative_design,68
neural_baseline_lambda_s_0,3,19,scientific_or_lab_research,38
neural_baseline_lambda_s_0,3,19,film_or_video_production,16
neural_baseline_lambda_s_0,3,19,legal_or_regulatory_work,12
neural_baseline_lambda_s_0,3,19,nutrition_or_diet_guidance,10
neural_baseline_lambda_s_0,3,19,building_or_spatial_design,4
neural_baseline_lambda_s_0,3,19,nursing_care,4
neural_baseline_lambda_s_0,3,19,business_or_client_service,2
neural_baseline_lambda_s_0,3,19,fashion_or_modeling_work,1
neural_baseline_lambda_s_0,3,19,financial_or_accounting_work,1
neural_baseline_lambda_s_0,3,19,music_composition,1
neural_baseline_lambda_s_0,3,20,teaching_or_instruction,503
neural_baseline_lambda_s_0,3,20,mind_body_practice,317
neural_baseline_lambda_s_0,3,20,software_development,296
neural_baseline_lambda_s_0,3,20,surgical_work,179
neural_baseline_lambda_s_0,3,20,scientific_or_lab_research,157
neural_baseline_lambda_s_0,3,20,legal_or_regulatory_work,100
neural_baseline_lambda_s_0,3,20,music_composition,93
neural_baseline_lambda_s_0,3,20,business_or_client_service,78
neural_baseline_lambda_s_0,3,20,design_work,64
neural_baseline_lambda_s_0,3,20,nursing_care,54
neural_baseline_lambda_s_0,3,20,medical_training,45
neural_baseline_lambda_s_0,3,20,fashion_or_modeling_work,34
neural_baseline_lambda_s_0,3,20,technical_or_engineering_work,26
neural_baseline_lambda_s_0,3,20,interior_or_decorative_design,22
neural_baseline_lambda_s_0,3,20,education_or_academic_work,10
neural_baseline_lambda_s_0,3,20,media_or_publishing_work,8
neural_baseline_lambda_s_0,3,20,nutrition_or_diet_guidance,7
neural_baseline_lambda_s_0,3,20,film_or_video_production,5
neural_baseline_lambda_s_0,3,20,camera_or_photography_work,2
neural_baseline_lambda_s_0,4,1,health_or_wellness_work,2000
neural_baseline_lambda_s_0,4,2,creative_or_artistic_work,1398
neural_baseline_lambda_s_0,4,2,female_pronouns,602
neural_baseline_lambda_s_0,4,3,visual_art_practice,706
neural_baseline_lambda_s_0,4,3,legal_or_regulatory_work,692
neural_baseline_lambda_s_0,4,3,clinical_care,602
neural_baseline_lambda_s_0,4,4,male_pronouns,1398
neural_baseline_lambda_s_0,4,4,dental_or_oral_health,398
neural_baseline_lambda_s_0,4,4,creative_or_artistic_work,204
neural_baseline_lambda_s_0,4,5,design_work,932
neural_baseline_lambda_s_0,4,5,nursing_care,398
neural_baseline_lambda_s_0,4,5,visual_art_practice,340
neural_baseline_lambda_s_0,4,5,legal_or_regulatory_work,141
neural_baseline_lambda_s_0,4,5,clinical_care,136
neural_baseline_lambda_s_0,4,5,male_pronouns,53
neural_baseline_lambda_s_0,4,6,legal_or_regulatory_work,708
neural_baseline_lambda_s_0,4,6,clinical_care,556
neural_baseline_lambda_s_0,4,6,male_pronouns,405
neural_baseline_lambda_s_0,4,6,nursing_care,139
neural_baseline_lambda_s_0,4,6,design_work,85
neural_baseline_lambda_s_0,4,6,visual_art_practice,56
neural_baseline_lambda_s_0,4,6,dental_or_oral_health,51
neural_baseline_lambda_s_0,4,7,clinical_care,466
neural_baseline_lambda_s_0,4,7,creative_or_artistic_work,398
neural_baseline_lambda_s_0,4,7,design_work,383
neural_baseline_lambda_s_0,4,7,visual_art_practice,305
neural_baseline_lambda_s_0,4,7,technical_or_engineering_work,240
neural_baseline_lambda_s_0,4,7,dental_or_oral_health,149
neural_baseline_lambda_s_0,4,7,legal_or_regulatory_work,54
neural_baseline_lambda_s_0,4,7,nursing_care,3
neural_baseline_lambda_s_0,4,7,male_pronouns,2
neural_baseline_lambda_s_0,4,8,female_pronouns,691
neural_baseline_lambda_s_0,4,8,technical_or_engineering_work,466
neural_baseline_lambda_s_0,4,8,clinical_care,240
neural_baseline_lambda_s_0,4,8,nutrition_or_diet_guidance,231
neural_baseline_lambda_s_0,4,8,legal_or_regulatory_work,169
neural_baseline_lambda_s_0,4,8,male_pronouns,142
neural_baseline_lambda_s_0,4,8,nursing_care,53
neural_baseline_lambda_s_0,4,8,dental_or_oral_health,8
neural_baseline_lambda_s_0,4,9,technical_or_engineering_work,683
neural_baseline_lambda_s_0,4,9,female_pronouns,469
neural_baseline_lambda_s_0,4,9,legal_or_regulatory_work,200
neural_baseline_lambda_s_0,4,9,camera_or_photography_work,197
neural_baseline_lambda_s_0,4,9,design_work,194
neural_baseline_lambda_s_0,4,9,nutrition_or_diet_guidance,167
neural_baseline_lambda_s_0,4,9,comedy_or_stage_performance,41
neural_baseline_lambda_s_0,4,9,therapy_or_counseling,36
neural_baseline_lambda_s_0,4,9,nursing_care,13
neural_baseline_lambda_s_0,4,10,comedy_or_stage_performance,472
neural_baseline_lambda_s_0,4,10,live_music_or_recording,403
neural_baseline_lambda_s_0,4,10,therapy_or_counseling,362
neural_baseline_lambda_s_0,4,10,camera_or_photography_work,329
neural_baseline_lambda_s_0,4,10,visual_art_practice,192
neural_baseline_lambda_s_0,4,10,female_pronouns,191
neural_baseline_lambda_s_0,4,10,legal_or_regulatory_work,34
neural_baseline_lambda_s_0,4,10,design_work,8
neural_baseline_lambda_s_0,4,10,technical_or_engineering_work,4
neural_baseline_lambda_s_0,4,10,dental_or_oral_health,3
neural_baseline_lambda_s_0,4,10,medical_training,2
neural_baseline_lambda_s_0,4,11,comedy_or_stage_performance,1068
neural_baseline_lambda_s_0,4,11,live_music_or_recording,375
neural_baseline_lambda_s_0,4,11,mind_body_practice,201
neural_baseline_lambda_s_0,4,11,nutrition_or_diet_guidance,142
neural_baseline_lambda_s_0,4,11,literary_writing,112
neural_baseline_lambda_s_0,4,11,technical_or_engineering_work,61
neural_baseline_lambda_s_0,4,11,female_pronouns,28
neural_baseline_lambda_s_0,4,11,camera_or_photography_work,4
neural_baseline_lambda_s_0,4,11,medical_training,4
neural_baseline_lambda_s_0,4,11,dental_or_oral_health,2
neural_baseline_lambda_s_0,4,11,design_work,2
neural_baseline_lambda_s_0,4,11,visual_art_practice,1
neural_baseline_lambda_s_0,4,12,literary_writing,585
neural_baseline_lambda_s_0,4,12,legal_practice,463
neural_baseline_lambda_s_0,4,12,medical_training,391
neural_baseline_lambda_s_0,4,12,education_or_academic_work,203
neural_baseline_lambda_s_0,4,12,live_music_or_recording,162
neural_baseline_lambda_s_0,4,12,media_or_publishing_work,143
neural_baseline_lambda_s_0,4,12,camera_or_photography_work,21
neural_baseline_lambda_s_0,4,12,female_pronouns,19
neural_baseline_lambda_s_0,4,12,comedy_or_stage_performance,6
neural_baseline_lambda_s_0,4,12,mind_body_practice,6
neural_baseline_lambda_s_0,4,12,technical_or_engineering_work,1
neural_baseline_lambda_s_0,4,13,camera_or_photography_work,877
neural_baseline_lambda_s_0,4,13,live_music_or_recording,290
neural_baseline_lambda_s_0,4,13,surgical_work,202
neural_baseline_lambda_s_0,4,13,education_or_academic_work,135
neural_baseline_lambda_s_0,4,13,legal_practice,114
neural_baseline_lambda_s_0,4,13,nursing_care,110
neural_baseline_lambda_s_0,4,13,comedy_or_stage_performance,91
neural_baseline_lambda_s_0,4,13,design_work,91
neural_baseline_lambda_s_0,4,13,mind_body_practice,72
neural_baseline_lambda_s_0,4,13,literary_writing,13
neural_baseline_lambda_s_0,4,13,visual_art_practice,2
neural_baseline_lambda_s_0,4,13,media_or_publishing_work,1
neural_baseline_lambda_s_0,4,13,medical_training,1
neural_baseline_lambda_s_0,4,13,technical_or_engineering_work,1
neural_baseline_lambda_s_0,4,14,education_or_academic_work,503
neural_baseline_lambda_s_0,4,14,film_or_video_production,467
neural_baseline_lambda_s_0,4,14,legal_practice,293
neural_baseline_lambda_s_0,4,14,mind_body_practice,202
neural_baseline_lambda_s_0,4,14,media_or_publishing_work,200
neural_baseline_lambda_s_0,4,14,technical_or_engineering_work,106
neural_baseline_lambda_s_0,4,14,comedy_or_stage_performance,85
neural_baseline_lambda_s_0,4,14,research_publications,75
neural_baseline_lambda_s_0,4,14,camera_or_photography_work,21
neural_baseline_lambda_s_0,4,14,surgical_work,18
neural_baseline_lambda_s_0,4,14,live_music_or_recording,16
neural_baseline_lambda_s_0,4,14,nutrition_or_diet_guidance,5
neural_baseline_lambda_s_0,4,14,literary_writing,4
neural_baseline_lambda_s_0,4,14,dental_or_oral_health,2
neural_baseline_lambda_s_0,4,14,nursing_care,2
neural_baseline_lambda_s_0,4,14,therapy_or_counseling,1
neural_baseline_lambda_s_0,4,15,legal_practice,349
neural_baseline_lambda_s_0,4,15,education_or_academic_work,337
neural_baseline_lambda_s_0,4,15,literary_writing,226
neural_baseline_lambda_s_0,4,15,film_or_video_production,220
neural_baseline_lambda_s_0,4,15,dental_or_oral_health,171
neural_baseline_lambda_s_0,4,15,media_or_publishing_work,161
neural_baseline_lambda_s_0,4,15,surgical_work,142
neural_baseline_lambda_s_0,4,15,fitness_instruction,110
neural_baseline_lambda_s_0,4,15,research_publications,93
neural_baseline_lambda_s_0,4,15,nursing_care,69
neural_baseline_lambda_s_0,4,15,camera_or_photography_work,49
neural_baseline_lambda_s_0,4,15,nutrition_or_diet_guidance,40
neural_baseline_lambda_s_0,4,15,live_music_or_recording,22
neural_baseline_lambda_s_0,4,15,comedy_or_stage_performance,7
neural_baseline_lambda_s_0,4,15,mind_body_practice,4
neural_baseline_lambda_s_0,4,16,education_or_academic_work,423
neural_baseline_lambda_s_0,4,16,media_or_publishing_work,322
neural_baseline_lambda_s_0,4,16,live_music_or_recording,242
neural_baseline_lambda_s_0,4,16,legal_practice,236
neural_baseline_lambda_s_0,4,16,film_or_video_production,224
neural_baseline_lambda_s_0,4,16,religious_ministry,125
neural_baseline_lambda_s_0,4,16,fitness_instruction,116
neural_baseline_lambda_s_0,4,16,manual_body_treatment,75
neural_baseline_lambda_s_0,4,16,literary_writing,52
neural_baseline_lambda_s_0,4,16,mind_body_practice,48
neural_baseline_lambda_s_0,4,16,camera_or_photography_work,40
neural_baseline_lambda_s_0,4,16,surgical_work,35
neural_baseline_lambda_s_0,4,16,legal_support_work,25
neural_baseline_lambda_s_0,4,16,nutrition_or_diet_guidance,15
neural_baseline_lambda_s_0,4,16,dental_or_oral_health,12
neural_baseline_lambda_s_0,4,16,comedy_or_stage_performance,2
neural_baseline_lambda_s_0,4,16,research_publications,2
neural_baseline_lambda_s_0,4,16,therapy_or_counseling,2
neural_baseline_lambda_s_0,4,16,visual_art_practice,2
neural_baseline_lambda_s_0,4,16,medical_training,1
neural_baseline_lambda_s_0,4,16,nursing_care,1
neural_baseline_lambda_s_0,4,17,music_composition,434
neural_baseline_lambda_s_0,4,17,literary_writing,351
neural_baseline_lambda_s_0,4,17,film_or_video_production,330
neural_baseline_lambda_s_0,4,17,media_or_publishing_work,286
neural_baseline_lambda_s_0,4,17,nursing_care,104
neural_baseline_lambda_s_0,4,17,research_publications,76
neural_baseline_lambda_s_0,4,17,technical_or_engineering_work,68
neural_baseline_lambda_s_0,4,17,legal_practice,65
neural_baseline_lambda_s_0,4,17,teaching_or_instruction,62
neural_baseline_lambda_s_0,4,17,manual_body_treatment,57
neural_baseline_lambda_s_0,4,17,legal_support_work,55
neural_baseline_lambda_s_0,4,17,camera_or_photography_work,52
neural_baseline_lambda_s_0,4,17,comedy_or_stage_performance,23
neural_baseline_lambda_s_0,4,17,live_music_or_recording,11
neural_baseline_lambda_s_0,4,17,fitness_instruction,7
neural_baseline_lambda_s_0,4,17,medical_training,7
neural_baseline_lambda_s_0,4,17,mind_body_practice,5
neural_baseline_lambda_s_0,4,17,nutrition_or_diet_guidance,4
neural_baseline_lambda_s_0,4,17,education_or_academic_work,1
neural_baseline_lambda_s_0,4,17,male_gendered_titles,1
neural_baseline_lambda_s_0,4,17,surgical_work,1
neural_baseline_lambda_s_0,4,18,media_or_publishing_work,449
neural_baseline_lambda_s_0,4,18,music_composition,405
neural_baseline_lambda_s_0,4,18,film_or_video_production,357
neural_baseline_lambda_s_0,4,18,teaching_or_instruction,160
neural_baseline_lambda_s_0,4,18,mind_body_practice,100
neural_baseline_lambda_s_0,4,18,research_publications,96
neural_baseline_lambda_s_0,4,18,manual_body_treatment,69
neural_baseline_lambda_s_0,4,18,technical_or_engineering_work,55
neural_baseline_lambda_s_0,4,18,literary_writing,53
neural_baseline_lambda_s_0,4,18,comedy_or_stage_performance,43
neural_baseline_lambda_s_0,4,18,classroom_instruction,38
neural_baseline_lambda_s_0,4,18,fitness_instruction,37
neural_baseline_lambda_s_0,4,18,therapy_or_counseling,37
neural_baseline_lambda_s_0,4,18,dental_or_oral_health,27
neural_baseline_lambda_s_0,4,18,legal_support_work,24
neural_baseline_lambda_s_0,4,18,male_gendered_titles,20
neural_baseline_lambda_s_0,4,18,live_music_or_recording,16
neural_baseline_lambda_s_0,4,18,camera_or_photography_work,5
neural_baseline_lambda_s_0,4,18,legal_practice,5
neural_baseline_lambda_s_0,4,18,nutrition_or_diet_guidance,2
neural_baseline_lambda_s_0,4,18,building_or_spatial_design,1
neural_baseline_lambda_s_0,4,18,medical_training,1
neural_baseline_lambda_s_0,4,19,teaching_or_instruction,463
neural_baseline_lambda_s_0,4,19,software_development,431
neural_baseline_lambda_s_0,4,19,music_composition,234
neural_baseline_lambda_s_0,4,19,research_publications,201
neural_baseline_lambda_s_0,4,19,dental_or_oral_health,121
neural_baseline_lambda_s_0,4,19,mind_body_practice,103
neural_baseline_lambda_s_0,4,19,film_or_video_production,84
neural_baseline_lambda_s_0,4,19,legal_practice,75
neural_baseline_lambda_s_0,4,19,male_gendered_titles,59
neural_baseline_lambda_s_0,4,19,media_or_publishing_work,45
neural_baseline_lambda_s_0,4,19,fitness_instruction,39
neural_baseline_lambda_s_0,4,19,classroom_instruction,38
neural_baseline_lambda_s_0,4,19,legal_support_work,23
neural_baseline_lambda_s_0,4,19,comedy_or_stage_performance,18
neural_baseline_lambda_s_0,4,19,therapy_or_counseling,17
neural_baseline_lambda_s_0,4,19,fashion_or_modeling_work,15
neural_baseline_lambda_s_0,4,19,nutrition_or_diet_guidance,15
neural_baseline_lambda_s_0,4,19,manual_body_treatment,9
neural_baseline_lambda_s_0,4,19,technical_or_engineering_work,5
neural_baseline_lambda_s_0,4,19,university_affiliation,2
neural_baseline_lambda_s_0,4,19,legal_or_regulatory_work,1
neural_baseline_lambda_s_0,4,19,live_music_or_recording,1
neural_baseline_lambda_s_0,4,19,religious_ministry,1
neural_baseline_lambda_s_0,4,20,teaching_or_instruction,643
neural_baseline_lambda_s_0,4,20,legal_support_work,250
neural_baseline_lambda_s_0,4,20,fashion_or_modeling_work,175
neural_baseline_lambda_s_0,4,20,male_gendered_titles,169
neural_baseline_lambda_s_0,4,20,mind_body_practice,125
neural_baseline_lambda_s_0,4,20,nutrition_or_diet_guidance,118
neural_baseline_lambda_s_0,4,20,research_publications,104
neural_baseline_lambda_s_0,4,20,therapy_or_counseling,104
neural_baseline_lambda_s_0,4,20,software_development,98
neural_baseline_lambda_s_0,4,20,comedy_or_stage_performance,38
neural_baseline_lambda_s_0,4,20,technical_infrastructure,38
neural_baseline_lambda_s_0,4,20,film_or_video_production,34
neural_baseline_lambda_s_0,4,20,religious_ministry,27
neural_baseline_lambda_s_0,4,20,dental_or_oral_health,25
neural_baseline_lambda_s_0,4,20,university_affiliation,12
neural_baseline_lambda_s_0,4,20,advanced_degree_or_training,8
neural_baseline_lambda_s_0,4,20,education_or_academic_work,7
neural_baseline_lambda_s_0,4,20,surgical_work,6
neural_baseline_lambda_s_0,4,20,legal_practice,5
neural_baseline_lambda_s_0,4,20,medical_training,3
neural_baseline_lambda_s_0,4,20,music_composition,3
neural_baseline_lambda_s_0,4,20,nursing_care,3
neural_baseline_lambda_s_0,4,20,fitness_instruction,2
neural_baseline_lambda_s_0,4,20,literary_writing,2
neural_baseline_lambda_s_0,4,20,live_music_or_recording,1
neural_claq_lambda_s_0_4,0,1,health_or_wellness_work,2000
neural_claq_lambda_s_0_4,0,2,creative_or_artistic_work,1398
neural_claq_lambda_s_0_4,0,2,nursing_care,602
neural_claq_lambda_s_0_4,0,3,visual_art_practice,706
neural_claq_lambda_s_0_4,0,3,technical_or_engineering_work,692
neural_claq_lambda_s_0_4,0,3,dental_or_oral_health,602
neural_claq_lambda_s_0_4,0,4,legal_or_regulatory_work,692
neural_claq_lambda_s_0_4,0,4,literary_writing,591
neural_claq_lambda_s_0_4,0,4,nutrition_or_diet_guidance,494
neural_claq_lambda_s_0_4,0,4,camera_or_photography_work,115
neural_claq_lambda_s_0_4,0,4,clinical_care,108
neural_claq_lambda_s_0_4,0,5,design_work,692
neural_claq_lambda_s_0_4,0,5,live_music_or_recording,655
neural_claq_lambda_s_0_4,0,5,clinical_care,494
neural_claq_lambda_s_0_4,0,5,nutrition_or_diet_guidance,108
neural_claq_lambda_s_0_4,0,5,film_or_video_production,51
neural_claq_lambda_s_0_4,0,6,mind_body_practice,602
neural_claq_lambda_s_0_4,0,6,film_or_video_production,591
neural_claq_lambda_s_0_4,0,6,visual_art_practice,491
neural_claq_lambda_s_0_4,0,6,clinical_care,201
neural_claq_lambda_s_0_4,0,6,literary_writing,115
neural_claq_lambda_s_0_4,0,7,design_work,591
neural_claq_lambda_s_0_4,0,7,creative_or_artistic_work,567
neural_claq_lambda_s_0_4,0,7,clinical_care,491
neural_claq_lambda_s_0_4,0,7,visual_art_practice,201
neural_claq_lambda_s_0_4,0,7,film_or_video_production,64
neural_claq_lambda_s_0_4,0,7,live_music_or_recording,51
neural_claq_lambda_s_0_4,0,7,legal_or_regulatory_work,35
neural_claq_lambda_s_0_4,0,8,legal_or_regulatory_work,668
neural_claq_lambda_s_0_4,0,8,literary_writing,645
neural_claq_lambda_s_0_4,0,8,camera_or_photography_work,478
neural_claq_lambda_s_0_4,0,8,design_work,117
neural_claq_lambda_s_0_4,0,8,live_music_or_recording,38
neural_claq_lambda_s_0_4,0,8,creative_or_artistic_work,35
neural_claq_lambda_s_0_4,0,8,visual_art_practice,10
neural_claq_lambda_s_0_4,0,8,dental_or_oral_health,9
neural_claq_lambda_s_0_4,0,9,live_music_or_recording,645
neural_claq_lambda_s_0_4,0,9,legal_or_regulatory_work,593
neural_claq_lambda_s_0_4,0,9,technical_or_engineering_work,567
neural_claq_lambda_s_0_4,0,9,camera_or_photography_work,116
neural_claq_lambda_s_0_4,0,9,literary_writing,47
neural_claq_lambda_s_0_4,0,9,design_work,23
neural_claq_lambda_s_0_4,0,9,nursing_care,9
neural_claq_lambda_s_0_4,0,10,film_or_video_production,684
neural_claq_lambda_s_0_4,0,10,technical_or_engineering_work,678
neural_claq_lambda_s_0_4,0,10,design_work,576
neural_claq_lambda_s_0_4,0,10,clinical_care,51
neural_claq_lambda_s_0_4,0,10,nutrition_or_diet_guidance,9
neural_claq_lambda_s_0_4,0,10,literary_writing,2
neural_claq_lambda_s_0_4,0,11,camera_or_photography_work,683
neural_claq_lambda_s_0_4,0,11,clinical_care,655
neural_claq_lambda_s_0_4,0,11,surgical_work,587
neural_claq_lambda_s_0_4,0,11,technical_or_engineering_work,51
neural_claq_lambda_s_0_4,0,11,mind_body_practice,9
neural_claq_lambda_s_0_4,0,11,live_music_or_recording,7
neural_claq_lambda_s_0_4,0,11,visual_art_practice,5
neural_claq_lambda_s_0_4,0,11,film_or_video_production,2
neural_claq_lambda_s_0_4,0,11,literary_writing,1
neural_claq_lambda_s_0_4,0,12,mind_body_practice,683
neural_claq_lambda_s_0_4,0,12,software_development,573
neural_claq_lambda_s_0_4,0,12,medical_training,388
neural_claq_lambda_s_0_4,0,12,visual_art_practice,190
neural_claq_lambda_s_0_4,0,12,fashion_or_modeling_work,133
neural_claq_lambda_s_0_4,0,12,camera_or_photography_work,9
neural_claq_lambda_s_0_4,0,12,literary_writing,9
neural_claq_lambda_s_0_4,0,12,film_or_video_production,7
neural_claq_lambda_s_0_4,0,12,surgical_work,5
neural_claq_lambda_s_0_4,0,12,live_music_or_recording,2
neural_claq_lambda_s_0_4,0,12,design_work,1
neural_claq_lambda_s_0_4,0,13,software_development,594
neural_claq_lambda_s_0_4,0,13,camera_or_photography_work,396
neural_claq_lambda_s_0_4,0,13,fashion_or_modeling_work,368
neural_claq_lambda_s_0_4,0,13,media_or_publishing_work,217
neural_claq_lambda_s_0_4,0,13,nutrition_or_diet_guidance,204
neural_claq_lambda_s_0_4,0,13,medical_training,139
neural_claq_lambda_s_0_4,0,13,teaching_or_instruction,65
neural_claq_lambda_s_0_4,0,13,live_music_or_recording,10
neural_claq_lambda_s_0_4,0,13,music_composition,5
neural_claq_lambda_s_0_4,0,13,legal_practice,1
neural_claq_lambda_s_0_4,0,13,visual_art_practice,1
neural_claq_lambda_s_0_4,0,14,nutrition_or_diet_guidance,446
neural_claq_lambda_s_0_4,0,14,media_or_publishing_work,444
neural_claq_lambda_s_0_4,0,14,female_pronouns,396
neural_claq_lambda_s_0_4,0,14,software_development,222
neural_claq_lambda_s_0_4,0,14,fashion_or_modeling_work,195
neural_claq_lambda_s_0_4,0,14,teaching_or_instruction,129
neural_claq_lambda_s_0_4,0,14,medical_training,65
neural_claq_lambda_s_0_4,0,14,technical_infrastructure,44
neural_claq_lambda_s_0_4,0,14,legal_practice,38
neural_claq_lambda_s_0_4,0,14,legal_or_regulatory_work,11
neural_claq_lambda_s_0_4,0,14,camera_or_photography_work,6
neural_claq_lambda_s_0_4,0,14,surgical_work,3
neural_claq_lambda_s_0_4,0,14,film_or_video_production,1
neural_claq_lambda_s_0_4,0,15,legal_practice,1135
neural_claq_lambda_s_0_4,0,15,male_pronouns,232
neural_claq_lambda_s_0_4,0,15,teaching_or_instruction,219
neural_claq_lambda_s_0_4,0,15,camera_or_photography_work,116
neural_claq_lambda_s_0_4,0,15,music_composition,109
neural_claq_lambda_s_0_4,0,15,education_or_academic_work,75
neural_claq_lambda_s_0_4,0,15,media_or_publishing_work,45
neural_claq_lambda_s_0_4,0,15,religious_ministry,33
neural_claq_lambda_s_0_4,0,15,spouse_or_partner_mentions,10
neural_claq_lambda_s_0_4,0,15,surgical_work,6
neural_claq_lambda_s_0_4,0,15,technical_infrastructure,6
neural_claq_lambda_s_0_4,0,15,fashion_or_modeling_work,5
neural_claq_lambda_s_0_4,0,15,film_or_video_production,3
neural_claq_lambda_s_0_4,0,15,live_music_or_recording,2
neural_claq_lambda_s_0_4,0,15,software_development,2
neural_claq_lambda_s_0_4,0,15,female_pronouns,1
neural_claq_lambda_s_0_4,0,15,online_public_presence,1
neural_claq_lambda_s_0_4,0,16,religious_ministry,489
neural_claq_lambda_s_0_4,0,16,technical_infrastructure,488
neural_claq_lambda_s_0_4,0,16,teaching_or_instruction,175
neural_claq_lambda_s_0_4,0,16,male_pronouns,161
neural_claq_lambda_s_0_4,0,16,legal_practice,112
neural_claq_lambda_s_0_4,0,16,nursing_care,98
neural_claq_lambda_s_0_4,0,16,online_public_presence,85
neural_claq_lambda_s_0_4,0,16,spouse_or_partner_mentions,69
neural_claq_lambda_s_0_4,0,16,education_or_academic_work,65
neural_claq_lambda_s_0_4,0,16,software_development,60
neural_claq_lambda_s_0_4,0,16,business_or_client_service,56
neural_claq_lambda_s_0_4,0,16,female_pronouns,51
neural_claq_lambda_s_0_4,0,16,media_or_publishing_work,34
neural_claq_lambda_s_0_4,0,16,literary_writing,17
neural_claq_lambda_s_0_4,0,16,visual_art_practice,16
neural_claq_lambda_s_0_4,0,16,fashion_or_modeling_work,6
neural_claq_lambda_s_0_4,0,16,film_or_video_production,5
neural_claq_lambda_s_0_4,0,16,camera_or_photography_work,4
neural_claq_lambda_s_0_4,0,16,comedy_or_stage_performance,3
neural_claq_lambda_s_0_4,0,16,gendered_organization_or_award,3
neural_claq_lambda_s_0_4,0,16,technical_or_engineering_work,2
neural_claq_lambda_s_0_4,0,16,legal_or_regulatory_work,1
neural_claq_lambda_s_0_4,0,17,comedy_or_stage_performance,438
neural_claq_lambda_s_0_4,0,17,business_or_client_service,414
neural_claq_lambda_s_0_4,0,17,teaching_or_instruction,210
neural_claq_lambda_s_0_4,0,17,female_pronouns,146
neural_claq_lambda_s_0_4,0,17,university_affiliation,133
neural_claq_lambda_s_0_4,0,17,education_or_academic_work,98
neural_claq_lambda_s_0_4,0,17,visual_art_practice,93
neural_claq_lambda_s_0_4,0,17,legal_practice,81
neural_claq_lambda_s_0_4,0,17,camera_or_photography_work,77
neural_claq_lambda_s_0_4,0,17,literary_writing,63
neural_claq_lambda_s_0_4,0,17,technical_infrastructure,58
neural_claq_lambda_s_0_4,0,17,dental_or_oral_health,51
neural_claq_lambda_s_0_4,0,17,spouse_or_partner_mentions,34
neural_claq_lambda_s_0_4,0,17,nutrition_or_diet_guidance,30
neural_claq_lambda_s_0_4,0,17,fitness_instruction,18
neural_claq_lambda_s_0_4,0,17,music_composition,13
neural_claq_lambda_s_0_4,0,17,scientific_or_lab_research,9
neural_claq_lambda_s_0_4,0,17,software_development,7
neural_claq_lambda_s_0_4,0,17,online_public_presence,6
neural_claq_lambda_s_0_4,0,17,fashion_or_modeling_work,5
neural_claq_lambda_s_0_4,0,17,media_or_publishing_work,4
neural_claq_lambda_s_0_4,0,17,male_pronouns,3
neural_claq_lambda_s_0_4,0,17,religious_ministry,3
neural_claq_lambda_s_0_4,0,17,technical_or_engineering_work,3
neural_claq_lambda_s_0_4,0,17,medical_training,2
neural_claq_lambda_s_0_4,0,17,research_publications,1
neural_claq_lambda_s_0_4,0,18,spouse_or_partner_mentions,648
neural_claq_lambda_s_0_4,0,18,fitness_instruction,448
neural_claq_lambda_s_0_4,0,18,education_or_academic_work,266
neural_claq_lambda_s_0_4,0,18,media_or_publishing_work,149
neural_claq_lambda_s_0_4,0,18,literary_writing,83
neural_claq_lambda_s_0_4,0,18,university_affiliation,69
neural_claq_lambda_s_0_4,0,18,male_pronouns,65
neural_claq_lambda_s_0_4,0,18,visual_art_practice,46
neural_claq_lambda_s_0_4,0,18,software_development,43
neural_claq_lambda_s_0_4,0,18,business_or_client_service,39
neural_claq_lambda_s_0_4,0,18,research_publications,39
neural_claq_lambda_s_0_4,0,18,online_public_presence,15
neural_claq_lambda_s_0_4,0,18,teaching_or_instruction,15
neural_claq_lambda_s_0_4,0,18,female_pronouns,13
neural_claq_lambda_s_0_4,0,18,legal_practice,13
neural_claq_lambda_s_0_4,0,18,technical_infrastructure,12
neural_claq_lambda_s_0_4,0,18,religious_ministry,9
neural_claq_lambda_s_0_4,0,18,comedy_or_stage_performance,6
neural_claq_lambda_s_0_4,0,18,gendered_organization_or_award,5
neural_claq_lambda_s_0_4,0,18,fashion_or_modeling_work,4
neural_claq_lambda_s_0_4,0,18,technical_or_engineering_work,4
neural_claq_lambda_s_0_4,0,18,music_composition,3
neural_claq_lambda_s_0_4,0,18,dental_or_oral_health,2
neural_claq_lambda_s_0_4,0,18,scientific_or_lab_research,2
neural_claq_lambda_s_0_4,0,18,interior_or_decorative_design,1
neural_claq_lambda_s_0_4,0,18,mind_body_practice,1
neural_claq_lambda_s_0_4,0,19,building_or_spatial_design,466
neural_claq_lambda_s_0_4,0,19,gendered_organization_or_award,388
neural_claq_lambda_s_0_4,0,19,technical_infrastructure,148
neural_claq_lambda_s_0_4,0,19,software_development,114
neural_claq_lambda_s_0_4,0,19,visual_art_practice,114
neural_claq_lambda_s_0_4,0,19,dental_or_oral_health,98
neural_claq_lambda_s_0_4,0,19,female_pronouns,98
neural_claq_lambda_s_0_4,0,19,education_or_academic_work,79
neural_claq_lambda_s_0_4,0,19,business_or_client_service,61
neural_claq_lambda_s_0_4,0,19,male_pronouns,57
neural_claq_lambda_s_0_4,0,19,comedy_or_stage_performance,52
neural_claq_lambda_s_0_4,0,19,scientific_or_lab_research,51
neural_claq_lambda_s_0_4,0,19,teaching_or_instruction,42
neural_claq_lambda_s_0_4,0,19,research_publications,40
neural_claq_lambda_s_0_4,0,19,therapy_or_counseling,40
neural_claq_lambda_s_0_4,0,19,nursing_care,31
neural_claq_lambda_s_0_4,0,19,spouse_or_partner_mentions,28
neural_claq_lambda_s_0_4,0,19,university_affiliation,24
neural_claq_lambda_s_0_4,0,19,legal_practice,20
neural_claq_lambda_s_0_4,0,19,literary_writing,19
neural_claq_lambda_s_0_4,0,19,fitness_instruction,14
neural_claq_lambda_s_0_4,0,19,music_composition,7
neural_claq_lambda_s_0_4,0,19,religious_ministry,4
neural_claq_lambda_s_0_4,0,19,online_public_presence,3
neural_claq_lambda_s_0_4,0,19,child_or_family_care_mentions,1
neural_claq_lambda_s_0_4,0,19,public_speaking_or_events,1
neural_claq_lambda_s_0_4,0,20,teaching_or_instruction,412
neural_claq_lambda_s_0_4,0,20,comedy_or_stage_performance,323
neural_claq_lambda_s_0_4,0,20,software_development,135
neural_claq_lambda_s_0_4,0,20,spouse_or_partner_mentions,119
neural_claq_lambda_s_0_4,0,20,research_publications,111
neural_claq_lambda_s_0_4,0,20,religious_ministry,96
neural_claq_lambda_s_0_4,0,20,business_or_client_service,83
neural_claq_lambda_s_0_4,0,20,technical_infrastructure,77
neural_claq_lambda_s_0_4,0,20,literary_writing,75
neural_claq_lambda_s_0_4,0,20,music_composition,71
neural_claq_lambda_s_0_4,0,20,male_pronouns,70
neural_claq_lambda_s_0_4,0,20,nursing_care,59
neural_claq_lambda_s_0_4,0,20,visual_art_practice,52
neural_claq_lambda_s_0_4,0,20,gendered_organization_or_award,50
neural_claq_lambda_s_0_4,0,20,fitness_instruction,45
neural_claq_lambda_s_0_4,0,20,live_music_or_recording,44
neural_claq_lambda_s_0_4,0,20,interior_or_decorative_design,32
neural_claq_lambda_s_0_4,0,20,mind_body_practice,31
neural_claq_lambda_s_0_4,0,20,building_or_spatial_design,29
neural_claq_lambda_s_0_4,0,20,legal_practice,24
neural_claq_lambda_s_0_4,0,20,media_or_publishing_work,14
neural_claq_lambda_s_0_4,0,20,education_or_academic_work,10
neural_claq_lambda_s_0_4,0,20,therapy_or_counseling,10
neural_claq_lambda_s_0_4,0,20,dental_or_oral_health,7
neural_claq_lambda_s_0_4,0,20,female_pronouns,6
neural_claq_lambda_s_0_4,0,20,child_or_family_care_mentions,3
neural_claq_lambda_s_0_4,0,20,parent_role_mentions,3
neural_claq_lambda_s_0_4,0,20,scientific_or_lab_research,3
neural_claq_lambda_s_0_4,0,20,online_public_presence,2
neural_claq_lambda_s_0_4,0,20,university_affiliation,2
neural_claq_lambda_s_0_4,0,20,appearance_or_body_presentation,1
neural_claq_lambda_s_0_4,0,20,surgical_work,1
neural_claq_lambda_s_0_4,1,1,creative_or_artistic_work,2000
neural_claq_lambda_s_0_4,1,2,health_or_wellness_work,1282
neural_claq_lambda_s_0_4,1,2,visual_art_practice,718
neural_claq_lambda_s_0_4,1,3,technical_or_engineering_work,692
neural_claq_lambda_s_0_4,1,3,literary_writing,602
neural_claq_lambda_s_0_4,1,3,nursing_care,590
neural_claq_lambda_s_0_4,1,3,film_or_video_production,116
neural_claq_lambda_s_0_4,1,4,legal_or_regulatory_work,692
neural_claq_lambda_s_0_4,1,4,film_or_video_production,602
neural_claq_lambda_s_0_4,1,4,dental_or_oral_health,533
neural_claq_lambda_s_0_4,1,4,literary_writing,116
neural_claq_lambda_s_0_4,1,4,clinical_care,57
neural_claq_lambda_s_0_4,1,5,clinical_care,745
neural_claq_lambda_s_0_4,1,5,live_music_or_recording,605
neural_claq_lambda_s_0_4,1,5,visual_art_practice,480
neural_claq_lambda_s_0_4,1,5,design_work,113
neural_claq_lambda_s_0_4,1,5,dental_or_oral_health,54
neural_claq_lambda_s_0_4,1,5,legal_or_regulatory_work,3
neural_claq_lambda_s_0_4,1,6,design_work,741
neural_claq_lambda_s_0_4,1,6,clinical_care,480
neural_claq_lambda_s_0_4,1,6,therapy_or_counseling,396
neural_claq_lambda_s_0_4,1,6,legal_or_regulatory_work,191
neural_claq_lambda_s_0_4,1,6,live_music_or_recording,113
neural_claq_lambda_s_0_4,1,6,visual_art_practice,76
neural_claq_lambda_s_0_4,1,6,dental_or_oral_health,3
neural_claq_lambda_s_0_4,1,7,health_or_wellness_work,718
neural_claq_lambda_s_0_4,1,7,live_music_or_recording,471
neural_claq_lambda_s_0_4,1,7,nutrition_or_diet_guidance,396
neural_claq_lambda_s_0_4,1,7,technical_or_engineering_work,194
neural_claq_lambda_s_0_4,1,7,visual_art_practice,136
neural_claq_lambda_s_0_4,1,7,design_work,76
neural_claq_lambda_s_0_4,1,7,dental_or_oral_health,9
neural_claq_lambda_s_0_4,1,8,legal_or_regulatory_work,696
neural_claq_lambda_s_0_4,1,8,design_work,665
neural_claq_lambda_s_0_4,1,8,surgical_work,396
neural_claq_lambda_s_0_4,1,8,live_music_or_recording,212
neural_claq_lambda_s_0_4,1,8,clinical_care,12
neural_claq_lambda_s_0_4,1,8,technical_or_engineering_work,10
neural_claq_lambda_s_0_4,1,8,nursing_care,9
neural_claq_lambda_s_0_4,1,9,technical_or_engineering_work,696
neural_claq_lambda_s_0_4,1,9,literary_writing,683
neural_claq_lambda_s_0_4,1,9,mind_body_practice,228
neural_claq_lambda_s_0_4,1,9,nutrition_or_diet_guidance,194
neural_claq_lambda_s_0_4,1,9,legal_or_regulatory_work,178
neural_claq_lambda_s_0_4,1,9,camera_or_photography_work,10
neural_claq_lambda_s_0_4,1,9,design_work,9
neural_claq_lambda_s_0_4,1,9,nursing_care,2
neural_claq_lambda_s_0_4,1,10,clinical_care,706
neural_claq_lambda_s_0_4,1,10,film_or_video_production,683
neural_claq_lambda_s_0_4,1,10,mind_body_practice,362
neural_claq_lambda_s_0_4,1,10,legal_or_regulatory_work,228
neural_claq_lambda_s_0_4,1,10,technical_or_engineering_work,10
neural_claq_lambda_s_0_4,1,10,nutrition_or_diet_guidance,9
neural_claq_lambda_s_0_4,1,10,dental_or_oral_health,2
neural_claq_lambda_s_0_4,1,11,camera_or_photography_work,706
neural_claq_lambda_s_0_4,1,11,education_or_academic_work,683
neural_claq_lambda_s_0_4,1,11,technical_or_engineering_work,198
neural_claq_lambda_s_0_4,1,11,surgical_work,197
neural_claq_lambda_s_0_4,1,11,medical_training,196
neural_claq_lambda_s_0_4,1,11,legal_or_regulatory_work,9
neural_claq_lambda_s_0_4,1,11,mind_body_practice,6
neural_claq_lambda_s_0_4,1,11,design_work,2
neural_claq_lambda_s_0_4,1,11,therapy_or_counseling,2
neural_claq_lambda_s_0_4,1,11,building_or_spatial_design,1
neural_claq_lambda_s_0_4,1,12,media_or_publishing_work,1397
neural_claq_lambda_s_0_4,1,12,therapy_or_counseling,194
neural_claq_lambda_s_0_4,1,12,medical_training,187
neural_claq_lambda_s_0_4,1,12,female_pronouns,138
neural_claq_lambda_s_0_4,1,12,technical_or_engineering_work,71
neural_claq_lambda_s_0_4,1,12,surgical_work,8
neural_claq_lambda_s_0_4,1,12,mind_body_practice,3
neural_claq_lambda_s_0_4,1,12,legal_or_regulatory_work,1
neural_claq_lambda_s_0_4,1,12,teaching_or_instruction,1
neural_claq_lambda_s_0_4,1,13,education_or_academic_work,717
neural_claq_lambda_s_0_4,1,13,dental_or_oral_health,367
neural_claq_lambda_s_0_4,1,13,design_work,306
neural_claq_lambda_s_0_4,1,13,comedy_or_stage_performance,199
neural_claq_lambda_s_0_4,1,13,visual_art_practice,165
neural_claq_lambda_s_0_4,1,13,female_pronouns,88
neural_claq_lambda_s_0_4,1,13,teaching_or_instruction,83
neural_claq_lambda_s_0_4,1,13,camera_or_photography_work,43
neural_claq_lambda_s_0_4,1,13,medical_training,16
neural_claq_lambda_s_0_4,1,13,therapy_or_counseling,5
neural_claq_lambda_s_0_4,1,13,live_music_or_recording,4
neural_claq_lambda_s_0_4,1,13,technical_or_engineering_work,4
neural_claq_lambda_s_0_4,1,13,nutrition_or_diet_guidance,2
neural_claq_lambda_s_0_4,1,13,media_or_publishing_work,1
neural_claq_lambda_s_0_4,1,14,teaching_or_instruction,825
neural_claq_lambda_s_0_4,1,14,comedy_or_stage_performance,324
neural_claq_lambda_s_0_4,1,14,dental_or_oral_health,249
neural_claq_lambda_s_0_4,1,14,female_pronouns,196
neural_claq_lambda_s_0_4,1,14,education_or_academic_work,163
neural_claq_lambda_s_0_4,1,14,design_work,88
neural_claq_lambda_s_0_4,1,14,technical_or_engineering_work,66
neural_claq_lambda_s_0_4,1,14,fitness_instruction,57
neural_claq_lambda_s_0_4,1,14,live_music_or_recording,9
neural_claq_lambda_s_0_4,1,14,camera_or_photography_work,6
neural_claq_lambda_s_0_4,1,14,visual_art_practice,6
neural_claq_lambda_s_0_4,1,14,literary_writing,4
neural_claq_lambda_s_0_4,1,14,nutrition_or_diet_guidance,3
neural_claq_lambda_s_0_4,1,14,mind_body_practice,2
neural_claq_lambda_s_0_4,1,14,building_or_spatial_design,1
neural_claq_lambda_s_0_4,1,14,media_or_publishing_work,1
neural_claq_lambda_s_0_4,1,15,building_or_spatial_design,714
neural_claq_lambda_s_0_4,1,15,teaching_or_instruction,590
neural_claq_lambda_s_0_4,1,15,fitness_instruction,339
neural_claq_lambda_s_0_4,1,15,comedy_or_stage_performance,160
neural_claq_lambda_s_0_4,1,15,female_pronouns,83
neural_claq_lambda_s_0_4,1,15,fashion_or_modeling_work,57
neural_claq_lambda_s_0_4,1,15,dental_or_oral_health,20
neural_claq_lambda_s_0_4,1,15,medical_training,11
neural_claq_lambda_s_0_4,1,15,live_music_or_recording,8
neural_claq_lambda_s_0_4,1,15,visual_art_practice,6
neural_claq_lambda_s_0_4,1,15,camera_or_photography_work,5
neural_claq_lambda_s_0_4,1,15,education_or_academic_work,4
neural_claq_lambda_s_0_4,1,15,literary_writing,3
neural_claq_lambda_s_0_4,1,16,software_development,1174
neural_claq_lambda_s_0_4,1,16,fashion_or_modeling_work,146
neural_claq_lambda_s_0_4,1,16,nutrition_or_diet_guidance,136
neural_claq_lambda_s_0_4,1,16,university_affiliation,127
neural_claq_lambda_s_0_4,1,16,teaching_or_instruction,122
neural_claq_lambda_s_0_4,1,16,female_pronouns,56
neural_claq_lambda_s_0_4,1,16,technical_or_engineering_work,55
neural_claq_lambda_s_0_4,1,16,dental_or_oral_health,42
neural_claq_lambda_s_0_4,1,16,live_music_or_recording,34
neural_claq_lambda_s_0_4,1,16,advanced_degree_or_training,28
neural_claq_lambda_s_0_4,1,16,education_or_academic_work,24
neural_claq_lambda_s_0_4,1,16,fitness_instruction,23
neural_claq_lambda_s_0_4,1,16,visual_art_practice,10
neural_claq_lambda_s_0_4,1,16,medical_training,9
neural_claq_lambda_s_0_4,1,16,comedy_or_stage_performance,5
neural_claq_lambda_s_0_4,1,16,online_public_presence,4
neural_claq_lambda_s_0_4,1,16,camera_or_photography_work,3
neural_claq_lambda_s_0_4,1,16,management_or_leadership,2
neural_claq_lambda_s_0_4,1,17,comedy_or_stage_performance,669
neural_claq_lambda_s_0_4,1,17,camera_or_photography_work,358
neural_claq_lambda_s_0_4,1,17,fashion_or_modeling_work,192
neural_claq_lambda_s_0_4,1,17,software_development,180
neural_claq_lambda_s_0_4,1,17,teaching_or_instruction,127
neural_claq_lambda_s_0_4,1,17,medical_training,103
neural_claq_lambda_s_0_4,1,17,nutrition_or_diet_guidance,85
neural_claq_lambda_s_0_4,1,17,university_affiliation,78
neural_claq_lambda_s_0_4,1,17,music_composition,50
neural_claq_lambda_s_0_4,1,17,fitness_instruction,34
neural_claq_lambda_s_0_4,1,17,advanced_degree_or_training,33
neural_claq_lambda_s_0_4,1,17,management_or_leadership,29
neural_claq_lambda_s_0_4,1,17,live_music_or_recording,27
neural_claq_lambda_s_0_4,1,17,education_or_academic_work,9
neural_claq_lambda_s_0_4,1,17,visual_art_practice,7
neural_claq_lambda_s_0_4,1,17,building_or_spatial_design,5
neural_claq_lambda_s_0_4,1,17,online_public_presence,5
neural_claq_lambda_s_0_4,1,17,literary_writing,3
neural_claq_lambda_s_0_4,1,17,nursing_care,3
neural_claq_lambda_s_0_4,1,17,dental_or_oral_health,1
neural_claq_lambda_s_0_4,1,17,female_pronouns,1
neural_claq_lambda_s_0_4,1,17,technical_or_engineering_work,1
neural_claq_lambda_s_0_4,1,18,advanced_degree_or_training,520
neural_claq_lambda_s_0_4,1,18,nutrition_or_diet_guidance,415
neural_claq_lambda_s_0_4,1,18,building_or_spatial_design,191
neural_claq_lambda_s_0_4,1,18,public_presence_or_recognition,189
neural_claq_lambda_s_0_4,1,18,music_composition,156
neural_claq_lambda_s_0_4,1,18,camera_or_photography_work,87
neural_claq_lambda_s_0_4,1,18,management_or_leadership,86
neural_claq_lambda_s_0_4,1,18,nursing_care,85
neural_claq_lambda_s_0_4,1,18,fitness_instruction,64
neural_claq_lambda_s_0_4,1,18,literary_writing,61
neural_claq_lambda_s_0_4,1,18,comedy_or_stage_performance,43
neural_claq_lambda_s_0_4,1,18,software_development,35
neural_claq_lambda_s_0_4,1,18,university_affiliation,13
neural_claq_lambda_s_0_4,1,18,medical_training,11
neural_claq_lambda_s_0_4,1,18,online_public_presence,11
neural_claq_lambda_s_0_4,1,18,teaching_or_instruction,10
neural_claq_lambda_s_0_4,1,18,female_pronouns,9
neural_claq_lambda_s_0_4,1,18,dental_or_oral_health,6
neural_claq_lambda_s_0_4,1,18,education_or_academic_work,2
neural_claq_lambda_s_0_4,1,18,financial_or_accounting_work,2
neural_claq_lambda_s_0_4,1,18,fashion_or_modeling_work,1
neural_claq_lambda_s_0_4,1,18,live_music_or_recording,1
neural_claq_lambda_s_0_4,1,18,scientific_or_lab_research,1
neural_claq_lambda_s_0_4,1,18,technical_or_engineering_work,1
neural_claq_lambda_s_0_4,1,19,management_or_leadership,545
neural_claq_lambda_s_0_4,1,19,music_composition,431
neural_claq_lambda_s_0_4,1,19,public_presence_or_recognition,181
neural_claq_lambda_s_0_4,1,19,financial_or_accounting_work,168
neural_claq_lambda_s_0_4,1,19,advanced_degree_or_training,129
neural_claq_lambda_s_0_4,1,19,university_affiliation,96
neural_claq_lambda_s_0_4,1,19,scientific_or_lab_research,90
neural_claq_lambda_s_0_4,1,19,building_or_spatial_design,72
neural_claq_lambda_s_0_4,1,19,live_music_or_recording,53
neural_claq_lambda_s_0_4,1,19,literary_writing,52
neural_claq_lambda_s_0_4,1,19,nursing_care,43
neural_claq_lambda_s_0_4,1,19,nutrition_or_diet_guidance,39
neural_claq_lambda_s_0_4,1,19,online_public_presence,31
neural_claq_lambda_s_0_4,1,19,fitness_instruction,18
neural_claq_lambda_s_0_4,1,19,comedy_or_stage_performance,15
neural_claq_lambda_s_0_4,1,19,camera_or_photography_work,9
neural_claq_lambda_s_0_4,1,19,medical_training,8
neural_claq_lambda_s_0_4,1,19,female_pronouns,6
neural_claq_lambda_s_0_4,1,19,dental_or_oral_health,4
neural_claq_lambda_s_0_4,1,19,teaching_or_instruction,4
neural_claq_lambda_s_0_4,1,19,legal_practice,2
neural_claq_lambda_s_0_4,1,19,organizational_role_or_administration,2
neural_claq_lambda_s_0_4,1,19,fashion_or_modeling_work,1
neural_claq_lambda_s_0_4,1,19,technical_or_engineering_work,1
neural_claq_lambda_s_0_4,1,20,music_composition,442
neural_claq_lambda_s_0_4,1,20,financial_or_accounting_work,370
neural_claq_lambda_s_0_4,1,20,nursing_care,216
neural_claq_lambda_s_0_4,1,20,teaching_or_instruction,186
neural_claq_lambda_s_0_4,1,20,legal_practice,154
neural_claq_lambda_s_0_4,1,20,scientific_or_lab_research,95
neural_claq_lambda_s_0_4,1,20,mind_body_practice,72
neural_claq_lambda_s_0_4,1,20,live_music_or_recording,59
neural_claq_lambda_s_0_4,1,20,female_pronouns,58
neural_claq_lambda_s_0_4,1,20,classroom_instruction,52
neural_claq_lambda_s_0_4,1,20,university_affiliation,45
neural_claq_lambda_s_0_4,1,20,camera_or_photography_work,41
neural_claq_lambda_s_0_4,1,20,online_public_presence,40
neural_claq_lambda_s_0_4,1,20,fitness_instruction,38
neural_claq_lambda_s_0_4,1,20,comedy_or_stage_performance,27
neural_claq_lambda_s_0_4,1,20,public_presence_or_recognition,27
neural_claq_lambda_s_0_4,1,20,building_or_spatial_design,23
neural_claq_lambda_s_0_4,1,20,management_or_leadership,23
neural_claq_lambda_s_0_4,1,20,literary_writing,9
neural_claq_lambda_s_0_4,1,20,nutrition_or_diet_guidance,8
neural_claq_lambda_s_0_4,1,20,medical_training,4
neural_claq_lambda_s_0_4,1,20,therapy_or_counseling,4
neural_claq_lambda_s_0_4,1,20,organizational_role_or_administration,3
neural_claq_lambda_s_0_4,1,20,film_or_video_production,2
neural_claq_lambda_s_0_4,1,20,legal_support_work,1
neural_claq_lambda_s_0_4,1,20,media_or_publishing_work,1
neural_claq_lambda_s_0_4,2,1,health_or_wellness_work,2000
neural_claq_lambda_s_0_4,2,2,creative_or_artistic_work,1398
neural_claq_lambda_s_0_4,2,2,clinical_care,602
neural_claq_lambda_s_0_4,2,3,visual_art_practice,706
neural_claq_lambda_s_0_4,2,3,technical_or_engineering_work,692
neural_claq_lambda_s_0_4,2,3,dental_or_oral_health,602
neural_claq_lambda_s_0_4,2,4,literary_writing,706
neural_claq_lambda_s_0_4,2,4,legal_or_regulatory_work,692
neural_claq_lambda_s_0_4,2,4,nursing_care,602
neural_claq_lambda_s_0_4,2,5,film_or_video_production,706
neural_claq_lambda_s_0_4,2,5,creative_or_artistic_work,602
neural_claq_lambda_s_0_4,2,5,visual_art_practice,480
neural_claq_lambda_s_0_4,2,5,clinical_care,212
neural_claq_lambda_s_0_4,2,6,design_work,1322
neural_claq_lambda_s_0_4,2,6,mind_body_practice,398
neural_claq_lambda_s_0_4,2,6,legal_or_regulatory_work,194
neural_claq_lambda_s_0_4,2,6,visual_art_practice,86
neural_claq_lambda_s_0_4,2,7,live_music_or_recording,706
neural_claq_lambda_s_0_4,2,7,literary_writing,463
neural_claq_lambda_s_0_4,2,7,legal_or_regulatory_work,396
neural_claq_lambda_s_0_4,2,7,technical_or_engineering_work,194
neural_claq_lambda_s_0_4,2,7,visual_art_practice,136
neural_claq_lambda_s_0_4,2,7,design_work,78
neural_claq_lambda_s_0_4,2,7,clinical_care,27
neural_claq_lambda_s_0_4,2,8,technical_or_engineering_work,706
neural_claq_lambda_s_0_4,2,8,clinical_care,453
neural_claq_lambda_s_0_4,2,8,nutrition_or_diet_guidance,396
neural_claq_lambda_s_0_4,2,8,literary_writing,241
neural_claq_lambda_s_0_4,2,8,mind_body_practice,194
neural_claq_lambda_s_0_4,2,8,film_or_video_production,10
neural_claq_lambda_s_0_4,2,9,live_music_or_recording,683
neural_claq_lambda_s_0_4,2,9,legal_or_regulatory_work,496
neural_claq_lambda_s_0_4,2,9,technical_or_engineering_work,396
neural_claq_lambda_s_0_4,2,9,clinical_care,210
neural_claq_lambda_s_0_4,2,9,nutrition_or_diet_guidance,194
neural_claq_lambda_s_0_4,2,9,design_work,10
neural_claq_lambda_s_0_4,2,9,dental_or_oral_health,9
neural_claq_lambda_s_0_4,2,9,visual_art_practice,2
neural_claq_lambda_s_0_4,2,10,film_or_video_production,683
neural_claq_lambda_s_0_4,2,10,medical_training,587
neural_claq_lambda_s_0_4,2,10,clinical_care,496
neural_claq_lambda_s_0_4,2,10,legal_or_regulatory_work,210
neural_claq_lambda_s_0_4,2,10,live_music_or_recording,10
neural_claq_lambda_s_0_4,2,10,nursing_care,9
neural_claq_lambda_s_0_4,2,10,design_work,3
neural_claq_lambda_s_0_4,2,10,nutrition_or_diet_guidance,2
neural_claq_lambda_s_0_4,2,11,camera_or_photography_work,714
neural_claq_lambda_s_0_4,2,11,software_development,692
neural_claq_lambda_s_0_4,2,11,design_work,587
neural_claq_lambda_s_0_4,2,11,mind_body_practice,3
neural_claq_lambda_s_0_4,2,11,medical_training,2
neural_claq_lambda_s_0_4,2,11,technical_or_engineering_work,2
neural_claq_lambda_s_0_4,2,12,camera_or_photography_work,622
neural_claq_lambda_s_0_4,2,12,media_or_publishing_work,520
neural_claq_lambda_s_0_4,2,12,teaching_or_instruction,396
neural_claq_lambda_s_0_4,2,12,software_development,323
neural_claq_lambda_s_0_4,2,12,education_or_academic_work,63
neural_claq_lambda_s_0_4,2,12,comedy_or_stage_performance,57
neural_claq_lambda_s_0_4,2,12,technical_or_engineering_work,8
neural_claq_lambda_s_0_4,2,12,mind_body_practice,6
neural_claq_lambda_s_0_4,2,12,medical_training,3
neural_claq_lambda_s_0_4,2,12,live_music_or_recording,2
neural_claq_lambda_s_0_4,2,13,education_or_academic_work,813
neural_claq_lambda_s_0_4,2,13,software_development,627
neural_claq_lambda_s_0_4,2,13,media_or_publishing_work,232
neural_claq_lambda_s_0_4,2,13,therapy_or_counseling,224
neural_claq_lambda_s_0_4,2,13,comedy_or_stage_performance,81
neural_claq_lambda_s_0_4,2,13,nutrition_or_diet_guidance,9
neural_claq_lambda_s_0_4,2,13,mind_body_practice,7
neural_claq_lambda_s_0_4,2,13,legal_or_regulatory_work,3
neural_claq_lambda_s_0_4,2,13,film_or_video_production,2
neural_claq_lambda_s_0_4,2,13,surgical_work,1
neural_claq_lambda_s_0_4,2,13,visual_art_practice,1
neural_claq_lambda_s_0_4,2,14,media_or_publishing_work,637
neural_claq_lambda_s_0_4,2,14,comedy_or_stage_performance,561
neural_claq_lambda_s_0_4,2,14,surgical_work,379
neural_claq_lambda_s_0_4,2,14,teaching_or_instruction,142
neural_claq_lambda_s_0_4,2,14,software_development,137
neural_claq_lambda_s_0_4,2,14,financial_or_accounting_work,58
neural_claq_lambda_s_0_4,2,14,visual_art_practice,51
neural_claq_lambda_s_0_4,2,14,education_or_academic_work,9
neural_claq_lambda_s_0_4,2,14,legal_or_regulatory_work,7
neural_claq_lambda_s_0_4,2,14,live_music_or_recording,6
neural_claq_lambda_s_0_4,2,14,camera_or_photography_work,5
neural_claq_lambda_s_0_4,2,14,medical_training,3
neural_claq_lambda_s_0_4,2,14,mind_body_practice,2
neural_claq_lambda_s_0_4,2,14,technical_or_engineering_work,2
neural_claq_lambda_s_0_4,2,14,therapy_or_counseling,1
neural_claq_lambda_s_0_4,2,15,financial_or_accounting_work,1193
neural_claq_lambda_s_0_4,2,15,reporting_or_news_work,200
neural_claq_lambda_s_0_4,2,15,therapy_or_counseling,166
neural_claq_lambda_s_0_4,2,15,visual_art_practice,142
neural_claq_lambda_s_0_4,2,15,dental_or_oral_health,133
neural_claq_lambda_s_0_4,2,15,camera_or_photography_work,60
neural_claq_lambda_s_0_4,2,15,teaching_or_instruction,51
neural_claq_lambda_s_0_4,2,15,surgical_work,16
neural_claq_lambda_s_0_4,2,15,comedy_or_stage_performance,9
neural_claq_lambda_s_0_4,2,15,medical_training,9
neural_claq_lambda_s_0_4,2,15,software_development,9
neural_claq_lambda_s_0_4,2,15,education_or_academic_work,7
neural_claq_lambda_s_0_4,2,15,live_music_or_recording,3
neural_claq_lambda_s_0_4,2,15,manual_body_treatment,1
neural_claq_lambda_s_0_4,2,15,media_or_publishing_work,1
neural_claq_lambda_s_0_4,2,16,education_or_academic_work,826
neural_claq_lambda_s_0_4,2,16,business_or_client_service,392
neural_claq_lambda_s_0_4,2,16,fitness_instruction,256
neural_claq_lambda_s_0_4,2,16,media_or_publishing_work,163
neural_claq_lambda_s_0_4,2,16,dental_or_oral_health,109
neural_claq_lambda_s_0_4,2,16,mind_body_practice,82
neural_claq_lambda_s_0_4,2,16,comedy_or_stage_performance,57
neural_claq_lambda_s_0_4,2,16,financial_or_accounting_work,56
neural_claq_lambda_s_0_4,2,16,literary_writing,30
neural_claq_lambda_s_0_4,2,16,teaching_or_instruction,7
neural_claq_lambda_s_0_4,2,16,therapy_or_counseling,5
neural_claq_lambda_s_0_4,2,16,medical_training,4
neural_claq_lambda_s_0_4,2,16,film_or_video_production,3
neural_claq_lambda_s_0_4,2,16,reporting_or_news_work,3
neural_claq_lambda_s_0_4,2,16,visual_art_practice,3
neural_claq_lambda_s_0_4,2,16,manual_body_treatment,2
neural_claq_lambda_s_0_4,2,16,surgical_work,2
neural_claq_lambda_s_0_4,2,17,business_or_client_service,960
neural_claq_lambda_s_0_4,2,17,dental_or_oral_health,366
neural_claq_lambda_s_0_4,2,17,software_development,194
neural_claq_lambda_s_0_4,2,17,fitness_instruction,134
neural_claq_lambda_s_0_4,2,17,reporting_or_news_work,113
neural_claq_lambda_s_0_4,2,17,financial_or_accounting_work,82
neural_claq_lambda_s_0_4,2,17,manual_body_treatment,36
neural_claq_lambda_s_0_4,2,17,media_or_publishing_work,35
neural_claq_lambda_s_0_4,2,17,education_or_academic_work,29
neural_claq_lambda_s_0_4,2,17,comedy_or_stage_performance,24
neural_claq_lambda_s_0_4,2,17,literary_writing,7
neural_claq_lambda_s_0_4,2,17,building_or_spatial_design,6
neural_claq_lambda_s_0_4,2,17,gendered_organization_or_award,6
neural_claq_lambda_s_0_4,2,17,mind_body_practice,4
neural_claq_lambda_s_0_4,2,17,legal_or_regulatory_work,2
neural_claq_lambda_s_0_4,2,17,visual_art_practice,2
neural_claq_lambda_s_0_4,2,18,manual_body_treatment,586
neural_claq_lambda_s_0_4,2,18,comedy_or_stage_performance,385
neural_claq_lambda_s_0_4,2,18,business_or_client_service,211
neural_claq_lambda_s_0_4,2,18,reporting_or_news_work,159
neural_claq_lambda_s_0_4,2,18,building_or_spatial_design,153
neural_claq_lambda_s_0_4,2,18,teaching_or_instruction,134
neural_claq_lambda_s_0_4,2,18,mind_body_practice,75
neural_claq_lambda_s_0_4,2,18,therapy_or_counseling,60
neural_claq_lambda_s_0_4,2,18,female_pronouns,57
neural_claq_lambda_s_0_4,2,18,fashion_or_modeling_work,43
neural_claq_lambda_s_0_4,2,18,education_or_academic_work,40
neural_claq_lambda_s_0_4,2,18,dental_or_oral_health,18
neural_claq_lambda_s_0_4,2,18,financial_or_accounting_work,17
neural_claq_lambda_s_0_4,2,18,surgical_work,14
neural_claq_lambda_s_0_4,2,18,literary_writing,12
neural_claq_lambda_s_0_4,2,18,fitness_instruction,10
neural_claq_lambda_s_0_4,2,18,media_or_publishing_work,10
neural_claq_lambda_s_0_4,2,18,software_development,6
neural_claq_lambda_s_0_4,2,18,visual_art_practice,6
neural_claq_lambda_s_0_4,2,18,camera_or_photography_work,4
neural_claq_lambda_s_0_4,2,19,reporting_or_news_work,596
neural_claq_lambda_s_0_4,2,19,teaching_or_instruction,552
neural_claq_lambda_s_0_4,2,19,female_pronouns,219
neural_claq_lambda_s_0_4,2,19,fashion_or_modeling_work,155
neural_claq_lambda_s_0_4,2,19,building_or_spatial_design,113
neural_claq_lambda_s_0_4,2,19,manual_body_treatment,89
neural_claq_lambda_s_0_4,2,19,comedy_or_stage_performance,73
neural_claq_lambda_s_0_4,2,19,surgical_work,59
neural_claq_lambda_s_0_4,2,19,therapy_or_counseling,40
neural_claq_lambda_s_0_4,2,19,literary_writing,25
neural_claq_lambda_s_0_4,2,19,media_or_publishing_work,19
neural_claq_lambda_s_0_4,2,19,business_or_client_service,18
neural_claq_lambda_s_0_4,2,19,mind_body_practice,14
neural_claq_lambda_s_0_4,2,19,financial_or_accounting_work,7
neural_claq_lambda_s_0_4,2,19,live_music_or_recording,7
neural_claq_lambda_s_0_4,2,19,dental_or_oral_health,5
neural_claq_lambda_s_0_4,2,19,university_affiliation,3
neural_claq_lambda_s_0_4,2,19,visual_art_practice,3
neural_claq_lambda_s_0_4,2,19,camera_or_photography_work,1
neural_claq_lambda_s_0_4,2,19,fitness_instruction,1
neural_claq_lambda_s_0_4,2,19,medical_training,1
neural_claq_lambda_s_0_4,2,20,building_or_spatial_design,767
neural_claq_lambda_s_0_4,2,20,university_affiliation,376
neural_claq_lambda_s_0_4,2,20,female_pronouns,265
neural_claq_lambda_s_0_4,2,20,comedy_or_stage_performance,152
neural_claq_lambda_s_0_4,2,20,media_or_publishing_work,73
neural_claq_lambda_s_0_4,2,20,therapy_or_counseling,61
neural_claq_lambda_s_0_4,2,20,teaching_or_instruction,54
neural_claq_lambda_s_0_4,2,20,surgical_work,51
neural_claq_lambda_s_0_4,2,20,music_composition,44
neural_claq_lambda_s_0_4,2,20,manual_body_treatment,37
neural_claq_lambda_s_0_4,2,20,literary_writing,23
neural_claq_lambda_s_0_4,2,20,camera_or_photography_work,17
neural_claq_lambda_s_0_4,2,20,dental_or_oral_health,17
neural_claq_lambda_s_0_4,2,20,mind_body_practice,13
neural_claq_lambda_s_0_4,2,20,live_music_or_recording,8
neural_claq_lambda_s_0_4,2,20,reporting_or_news_work,8
neural_claq_lambda_s_0_4,2,20,financial_or_accounting_work,6
neural_claq_lambda_s_0_4,2,20,business_or_client_service,5
neural_claq_lambda_s_0_4,2,20,education_or_academic_work,5
neural_claq_lambda_s_0_4,2,20,fashion_or_modeling_work,5
neural_claq_lambda_s_0_4,2,20,gendered_organization_or_award,5
neural_claq_lambda_s_0_4,2,20,visual_art_practice,5
neural_claq_lambda_s_0_4,2,20,legal_practice,1
neural_claq_lambda_s_0_4,2,20,male_gendered_titles,1
neural_claq_lambda_s_0_4,2,20,scientific_or_lab_research,1
neural_claq_lambda_s_0_4,3,1,health_or_wellness_work,2000
neural_claq_lambda_s_0_4,3,2,legal_or_regulatory_work,1398
neural_claq_lambda_s_0_4,3,2,nursing_care,602
neural_claq_lambda_s_0_4,3,3,creative_or_artistic_work,1398
neural_claq_lambda_s_0_4,3,3,clinical_care,545
neural_claq_lambda_s_0_4,3,3,dental_or_oral_health,57
neural_claq_lambda_s_0_4,3,4,visual_art_practice,706
neural_claq_lambda_s_0_4,3,4,technical_or_engineering_work,692
neural_claq_lambda_s_0_4,3,4,surgical_work,344
neural_claq_lambda_s_0_4,3,4,dental_or_oral_health,201
neural_claq_lambda_s_0_4,3,4,clinical_care,57
neural_claq_lambda_s_0_4,3,5,design_work,692
neural_claq_lambda_s_0_4,3,5,literary_writing,591
neural_claq_lambda_s_0_4,3,5,dental_or_oral_health,344
neural_claq_lambda_s_0_4,3,5,creative_or_artistic_work,204
neural_claq_lambda_s_0_4,3,5,live_music_or_recording,115
neural_claq_lambda_s_0_4,3,5,surgical_work,54
neural_claq_lambda_s_0_4,3,6,clinical_care,692
neural_claq_lambda_s_0_4,3,6,film_or_video_production,586
neural_claq_lambda_s_0_4,3,6,nutrition_or_diet_guidance,398
neural_claq_lambda_s_0_4,3,6,legal_or_regulatory_work,194
neural_claq_lambda_s_0_4,3,6,literary_writing,125
neural_claq_lambda_s_0_4,3,6,live_music_or_recording,5
neural_claq_lambda_s_0_4,3,7,visual_art_practice,683
neural_claq_lambda_s_0_4,3,7,live_music_or_recording,586
neural_claq_lambda_s_0_4,3,7,creative_or_artistic_work,398
neural_claq_lambda_s_0_4,3,7,technical_or_engineering_work,194
neural_claq_lambda_s_0_4,3,7,film_or_video_production,130
neural_claq_lambda_s_0_4,3,7,dental_or_oral_health,9
neural_claq_lambda_s_0_4,3,8,design_work,707
neural_claq_lambda_s_0_4,3,8,live_music_or_recording,683
neural_claq_lambda_s_0_4,3,8,legal_or_regulatory_work,232
neural_claq_lambda_s_0_4,3,8,surgical_work,194
neural_claq_lambda_s_0_4,3,8,medical_training,165
neural_claq_lambda_s_0_4,3,8,visual_art_practice,10
neural_claq_lambda_s_0_4,3,8,nursing_care,9
neural_claq_lambda_s_0_4,3,9,technical_or_engineering_work,726
neural_claq_lambda_s_0_4,3,9,literary_writing,683
neural_claq_lambda_s_0_4,3,9,medical_training,233
neural_claq_lambda_s_0_4,3,9,design_work,194
neural_claq_lambda_s_0_4,3,9,mind_body_practice,118
neural_claq_lambda_s_0_4,3,9,legal_or_regulatory_work,26
neural_claq_lambda_s_0_4,3,9,live_music_or_recording,10
neural_claq_lambda_s_0_4,3,9,surgical_work,9
neural_claq_lambda_s_0_4,3,9,nutrition_or_diet_guidance,1
neural_claq_lambda_s_0_4,3,10,clinical_care,706
neural_claq_lambda_s_0_4,3,10,film_or_video_production,683
neural_claq_lambda_s_0_4,3,10,nutrition_or_diet_guidance,202
neural_claq_lambda_s_0_4,3,10,technical_or_engineering_work,174
neural_claq_lambda_s_0_4,3,10,mind_body_practice,84
neural_claq_lambda_s_0_4,3,10,male_pronouns,79
neural_claq_lambda_s_0_4,3,10,legal_or_regulatory_work,59
neural_claq_lambda_s_0_4,3,10,design_work,11
neural_claq_lambda_s_0_4,3,10,literary_writing,2
neural_claq_lambda_s_0_4,3,11,camera_or_photography_work,716
neural_claq_lambda_s_0_4,3,11,dental_or_oral_health,642
neural_claq_lambda_s_0_4,3,11,mind_body_practice,199
neural_claq_lambda_s_0_4,3,11,medical_training,191
neural_claq_lambda_s_0_4,3,11,female_pronouns,149
neural_claq_lambda_s_0_4,3,11,teaching_or_instruction,41
neural_claq_lambda_s_0_4,3,11,male_pronouns,39
neural_claq_lambda_s_0_4,3,11,legal_or_regulatory_work,14
neural_claq_lambda_s_0_4,3,11,live_music_or_recording,7
neural_claq_lambda_s_0_4,3,11,visual_art_practice,2
neural_claq_lambda_s_0_4,3,12,teaching_or_instruction,642
neural_claq_lambda_s_0_4,3,12,comedy_or_stage_performance,434
neural_claq_lambda_s_0_4,3,12,design_work,233
neural_claq_lambda_s_0_4,3,12,building_or_spatial_design,202
neural_claq_lambda_s_0_4,3,12,mind_body_practice,191
neural_claq_lambda_s_0_4,3,12,technical_or_engineering_work,126
neural_claq_lambda_s_0_4,3,12,education_or_academic_work,110
neural_claq_lambda_s_0_4,3,12,female_pronouns,40
neural_claq_lambda_s_0_4,3,12,legal_or_regulatory_work,7
neural_claq_lambda_s_0_4,3,12,visual_art_practice,7
neural_claq_lambda_s_0_4,3,12,medical_training,5
neural_claq_lambda_s_0_4,3,12,film_or_video_production,2
neural_claq_lambda_s_0_4,3,12,dental_or_oral_health,1
neural_claq_lambda_s_0_4,3,13,education_or_academic_work,940
neural_claq_lambda_s_0_4,3,13,building_or_spatial_design,355
neural_claq_lambda_s_0_4,3,13,female_pronouns,209
neural_claq_lambda_s_0_4,3,13,visual_art_practice,99
neural_claq_lambda_s_0_4,3,13,teaching_or_instruction,95
neural_claq_lambda_s_0_4,3,13,male_pronouns,84
neural_claq_lambda_s_0_4,3,13,comedy_or_stage_performance,52
neural_claq_lambda_s_0_4,3,13,fitness_instruction,49
neural_claq_lambda_s_0_4,3,13,design_work,40
neural_claq_lambda_s_0_4,3,13,camera_or_photography_work,36
neural_claq_lambda_s_0_4,3,13,therapy_or_counseling,16
neural_claq_lambda_s_0_4,3,13,literary_writing,7
neural_claq_lambda_s_0_4,3,13,technical_or_engineering_work,7
neural_claq_lambda_s_0_4,3,13,music_composition,4
neural_claq_lambda_s_0_4,3,13,legal_or_regulatory_work,3
neural_claq_lambda_s_0_4,3,13,dental_or_oral_health,2
neural_claq_lambda_s_0_4,3,13,live_music_or_recording,2
neural_claq_lambda_s_0_4,3,14,education_or_academic_work,339
neural_claq_lambda_s_0_4,3,14,software_development,274
neural_claq_lambda_s_0_4,3,14,therapy_or_counseling,245
neural_claq_lambda_s_0_4,3,14,music_composition,230
neural_claq_lambda_s_0_4,3,14,comedy_or_stage_performance,224
neural_claq_lambda_s_0_4,3,14,building_or_spatial_design,149
neural_claq_lambda_s_0_4,3,14,mind_body_practice,145
neural_claq_lambda_s_0_4,3,14,visual_art_practice,95
neural_claq_lambda_s_0_4,3,14,teaching_or_instruction,93
neural_claq_lambda_s_0_4,3,14,design_work,57
neural_claq_lambda_s_0_4,3,14,business_or_client_service,43
neural_claq_lambda_s_0_4,3,14,dental_or_oral_health,38
neural_claq_lambda_s_0_4,3,14,male_pronouns,34
neural_claq_lambda_s_0_4,3,14,fitness_instruction,18
neural_claq_lambda_s_0_4,3,14,live_music_or_recording,6
neural_claq_lambda_s_0_4,3,14,nutrition_or_diet_guidance,6
neural_claq_lambda_s_0_4,3,14,camera_or_photography_work,3
neural_claq_lambda_s_0_4,3,14,technical_or_engineering_work,1
neural_claq_lambda_s_0_4,3,15,media_or_publishing_work,670
neural_claq_lambda_s_0_4,3,15,software_development,331
neural_claq_lambda_s_0_4,3,15,camera_or_photography_work,238
neural_claq_lambda_s_0_4,3,15,live_music_or_recording,188
neural_claq_lambda_s_0_4,3,15,male_pronouns,157
neural_claq_lambda_s_0_4,3,15,therapy_or_counseling,133
neural_claq_lambda_s_0_4,3,15,mind_body_practice,98
neural_claq_lambda_s_0_4,3,15,fitness_instruction,79
neural_claq_lambda_s_0_4,3,15,online_public_presence,41
neural_claq_lambda_s_0_4,3,15,design_work,18
neural_claq_lambda_s_0_4,3,15,teaching_or_instruction,16
neural_claq_lambda_s_0_4,3,15,music_composition,12
neural_claq_lambda_s_0_4,3,15,business_or_client_service,7
neural_claq_lambda_s_0_4,3,15,comedy_or_stage_performance,6
neural_claq_lambda_s_0_4,3,15,building_or_spatial_design,2
neural_claq_lambda_s_0_4,3,15,female_pronouns,2
neural_claq_lambda_s_0_4,3,15,legal_or_regulatory_work,1
neural_claq_lambda_s_0_4,3,15,medical_training,1
neural_claq_lambda_s_0_4,3,16,software_development,738
neural_claq_lambda_s_0_4,3,16,camera_or_photography_work,289
neural_claq_lambda_s_0_4,3,16,music_composition,287
neural_claq_lambda_s_0_4,3,16,teaching_or_instruction,152
neural_claq_lambda_s_0_4,3,16,media_or_publishing_work,110
neural_claq_lambda_s_0_4,3,16,business_or_client_service,104
neural_claq_lambda_s_0_4,3,16,online_public_presence,85
neural_claq_lambda_s_0_4,3,16,fitness_instruction,60
neural_claq_lambda_s_0_4,3,16,design_work,48
neural_claq_lambda_s_0_4,3,16,gendered_organization_or_award,38
neural_claq_lambda_s_0_4,3,16,mind_body_practice,32
neural_claq_lambda_s_0_4,3,16,technical_or_engineering_work,25
neural_claq_lambda_s_0_4,3,16,medical_training,14
neural_claq_lambda_s_0_4,3,16,male_pronouns,6
neural_claq_lambda_s_0_4,3,16,nursing_care,5
neural_claq_lambda_s_0_4,3,16,therapy_or_counseling,4
neural_claq_lambda_s_0_4,3,16,building_or_spatial_design,1
neural_claq_lambda_s_0_4,3,16,financial_or_accounting_work,1
neural_claq_lambda_s_0_4,3,16,scientific_or_lab_research,1
neural_claq_lambda_s_0_4,3,17,teaching_or_instruction,399
neural_claq_lambda_s_0_4,3,17,nursing_care,312
neural_claq_lambda_s_0_4,3,17,mind_body_practice,184
neural_claq_lambda_s_0_4,3,17,online_public_presence,177
neural_claq_lambda_s_0_4,3,17,fitness_instruction,151
neural_claq_lambda_s_0_4,3,17,literary_writing,140
neural_claq_lambda_s_0_4,3,17,business_or_client_service,126
neural_claq_lambda_s_0_4,3,17,media_or_publishing_work,118
neural_claq_lambda_s_0_4,3,17,gendered_organization_or_award,99
neural_claq_lambda_s_0_4,3,17,software_development,86
neural_claq_lambda_s_0_4,3,17,legal_practice,64
neural_claq_lambda_s_0_4,3,17,interior_or_decorative_design,56
neural_claq_lambda_s_0_4,3,17,therapy_or_counseling,37
neural_claq_lambda_s_0_4,3,17,education_or_academic_work,17
neural_claq_lambda_s_0_4,3,17,camera_or_photography_work,8
neural_claq_lambda_s_0_4,3,17,building_or_spatial_design,6
neural_claq_lambda_s_0_4,3,17,female_pronouns,4
neural_claq_lambda_s_0_4,3,17,music_composition,4
neural_claq_lambda_s_0_4,3,17,film_or_video_production,3
neural_claq_lambda_s_0_4,3,17,live_music_or_recording,2
neural_claq_lambda_s_0_4,3,17,nutrition_or_diet_guidance,2
neural_claq_lambda_s_0_4,3,17,scientific_or_lab_research,2
neural_claq_lambda_s_0_4,3,17,technical_or_engineering_work,2
neural_claq_lambda_s_0_4,3,17,financial_or_accounting_work,1
neural_claq_lambda_s_0_4,3,18,online_public_presence,377
neural_claq_lambda_s_0_4,3,18,media_or_publishing_work,252
neural_claq_lambda_s_0_4,3,18,mind_body_practice,230
neural_claq_lambda_s_0_4,3,18,education_or_academic_work,172
neural_claq_lambda_s_0_4,3,18,software_development,171
neural_claq_lambda_s_0_4,3,18,teaching_or_instruction,153
neural_claq_lambda_s_0_4,3,18,nutrition_or_diet_guidance,122
neural_claq_lambda_s_0_4,3,18,legal_practice,83
neural_claq_lambda_s_0_4,3,18,interior_or_decorative_design,76
neural_claq_lambda_s_0_4,3,18,fashion_or_modeling_work,66
neural_claq_lambda_s_0_4,3,18,camera_or_photography_work,55
neural_claq_lambda_s_0_4,3,18,nursing_care,54
neural_claq_lambda_s_0_4,3,18,gendered_organization_or_award,50
neural_claq_lambda_s_0_4,3,18,fitness_instruction,37
neural_claq_lambda_s_0_4,3,18,business_or_client_service,28
neural_claq_lambda_s_0_4,3,18,medical_training,22
neural_claq_lambda_s_0_4,3,18,therapy_or_counseling,22
neural_claq_lambda_s_0_4,3,18,technical_or_engineering_work,13
neural_claq_lambda_s_0_4,3,18,music_composition,6
neural_claq_lambda_s_0_4,3,18,literary_writing,4
neural_claq_lambda_s_0_4,3,18,female_pronouns,2
neural_claq_lambda_s_0_4,3,18,financial_or_accounting_work,2
neural_claq_lambda_s_0_4,3,18,visual_art_practice,2
neural_claq_lambda_s_0_4,3,18,male_pronouns,1
neural_claq_lambda_s_0_4,3,19,gendered_organization_or_award,423
neural_claq_lambda_s_0_4,3,19,nutrition_or_diet_guidance,283
neural_claq_lambda_s_0_4,3,19,media_or_publishing_work,236
neural_claq_lambda_s_0_4,3,19,nursing_care,214
neural_claq_lambda_s_0_4,3,19,interior_or_decorative_design,153
neural_claq_lambda_s_0_4,3,19,therapy_or_counseling,115
neural_claq_lambda_s_0_4,3,19,legal_practice,79
neural_claq_lambda_s_0_4,3,19,fashion_or_modeling_work,74
neural_claq_lambda_s_0_4,3,19,university_affiliation,65
neural_claq_lambda_s_0_4,3,19,software_development,55
neural_claq_lambda_s_0_4,3,19,financial_or_accounting_work,41
neural_claq_lambda_s_0_4,3,19,medical_training,40
neural_claq_lambda_s_0_4,3,19,technical_or_engineering_work,38
neural_claq_lambda_s_0_4,3,19,scientific_or_lab_research,36
neural_claq_lambda_s_0_4,3,19,literary_writing,28
neural_claq_lambda_s_0_4,3,19,online_public_presence,28
neural_claq_lambda_s_0_4,3,19,teaching_or_instruction,28
neural_claq_lambda_s_0_4,3,19,female_pronouns,23
neural_claq_lambda_s_0_4,3,19,camera_or_photography_work,18
neural_claq_lambda_s_0_4,3,19,music_composition,8
neural_claq_lambda_s_0_4,3,19,education_or_academic_work,6
neural_claq_lambda_s_0_4,3,19,advanced_degree_or_training,3
neural_claq_lambda_s_0_4,3,19,fitness_instruction,3
neural_claq_lambda_s_0_4,3,19,building_or_spatial_design,1
neural_claq_lambda_s_0_4,3,19,business_or_client_service,1
neural_claq_lambda_s_0_4,3,19,mind_body_practice,1
neural_claq_lambda_s_0_4,3,20,media_or_publishing_work,562
neural_claq_lambda_s_0_4,3,20,interior_or_decorative_design,482
neural_claq_lambda_s_0_4,3,20,nutrition_or_diet_guidance,233
neural_claq_lambda_s_0_4,3,20,medical_training,132
neural_claq_lambda_s_0_4,3,20,teaching_or_instruction,104
neural_claq_lambda_s_0_4,3,20,legal_practice,84
neural_claq_lambda_s_0_4,3,20,business_or_client_service,82
neural_claq_lambda_s_0_4,3,20,gendered_organization_or_award,64
neural_claq_lambda_s_0_4,3,20,camera_or_photography_work,36
neural_claq_lambda_s_0_4,3,20,advanced_degree_or_training,29
neural_claq_lambda_s_0_4,3,20,music_composition,26
neural_claq_lambda_s_0_4,3,20,therapy_or_counseling,25
neural_claq_lambda_s_0_4,3,20,financial_or_accounting_work,21
neural_claq_lambda_s_0_4,3,20,female_gendered_titles,19
neural_claq_lambda_s_0_4,3,20,literary_writing,19
neural_claq_lambda_s_0_4,3,20,religious_ministry,19
neural_claq_lambda_s_0_4,3,20,software_development,15
neural_claq_lambda_s_0_4,3,20,scientific_or_lab_research,11
neural_claq_lambda_s_0_4,3,20,female_pronouns,10
neural_claq_lambda_s_0_4,3,20,fashion_or_modeling_work,7
neural_claq_lambda_s_0_4,3,20,nursing_care,7
neural_claq_lambda_s_0_4,3,20,education_or_academic_work,5
neural_claq_lambda_s_0_4,3,20,fitness_instruction,3
neural_claq_lambda_s_0_4,3,20,live_music_or_recording,3
neural_claq_lambda_s_0_4,3,20,building_or_spatial_design,2
neural_claq_lambda_s_0_4,4,1,creative_or_artistic_work,2000
neural_claq_lambda_s_0_4,4,2,legal_or_regulatory_work,1282
neural_claq_lambda_s_0_4,4,2,visual_art_practice,718
neural_claq_lambda_s_0_4,4,3,health_or_wellness_work,1282
neural_claq_lambda_s_0_4,4,3,film_or_video_production,602
neural_claq_lambda_s_0_4,4,3,literary_writing,116
neural_claq_lambda_s_0_4,4,4,technical_or_engineering_work,692
neural_claq_lambda_s_0_4,4,4,literary_writing,602
neural_claq_lambda_s_0_4,4,4,dental_or_oral_health,590
neural_claq_lambda_s_0_4,4,4,film_or_video_production,116
neural_claq_lambda_s_0_4,4,5,design_work,1410
neural_claq_lambda_s_0_4,4,5,nursing_care,580
neural_claq_lambda_s_0_4,4,5,clinical_care,10
neural_claq_lambda_s_0_4,4,6,clinical_care,1272
neural_claq_lambda_s_0_4,4,6,live_music_or_recording,718
neural_claq_lambda_s_0_4,4,6,nursing_care,10
neural_claq_lambda_s_0_4,4,7,health_or_wellness_work,718
neural_claq_lambda_s_0_4,4,7,visual_art_practice,683
neural_claq_lambda_s_0_4,4,7,nutrition_or_diet_guidance,396
neural_claq_lambda_s_0_4,4,7,technical_or_engineering_work,194
neural_claq_lambda_s_0_4,4,7,nursing_care,9
neural_claq_lambda_s_0_4,4,8,legal_or_regulatory_work,701
neural_claq_lambda_s_0_4,4,8,live_music_or_recording,683
neural_claq_lambda_s_0_4,4,8,design_work,590
neural_claq_lambda_s_0_4,4,8,clinical_care,12
neural_claq_lambda_s_0_4,4,8,dental_or_oral_health,9
neural_claq_lambda_s_0_4,4,8,technical_or_engineering_work,5
neural_claq_lambda_s_0_4,4,9,technical_or_engineering_work,701
neural_claq_lambda_s_0_4,4,9,literary_writing,683
neural_claq_lambda_s_0_4,4,9,fitness_instruction,396
neural_claq_lambda_s_0_4,4,9,nutrition_or_diet_guidance,203
neural_claq_lambda_s_0_4,4,9,media_interviews_or_features,10
neural_claq_lambda_s_0_4,4,9,legal_or_regulatory_work,5
neural_claq_lambda_s_0_4,4,9,dental_or_oral_health,2
neural_claq_lambda_s_0_4,4,10,clinical_care,706
neural_claq_lambda_s_0_4,4,10,film_or_video_production,683
neural_claq_lambda_s_0_4,4,10,therapy_or_counseling,396
neural_claq_lambda_s_0_4,4,10,fitness_instruction,194
neural_claq_lambda_s_0_4,4,10,nutrition_or_diet_guidance,10
neural_claq_lambda_s_0_4,4,10,visual_art_practice,6
neural_claq_lambda_s_0_4,4,10,education_or_academic_work,3
neural_claq_lambda_s_0_4,4,10,nursing_care,2
neural_claq_lambda_s_0_4,4,11,camera_or_photography_work,1389
neural_claq_lambda_s_0_4,4,11,education_or_academic_work,545
neural_claq_lambda_s_0_4,4,11,manual_body_treatment,51
neural_claq_lambda_s_0_4,4,11,celebrity_or_public_attention,10
neural_claq_lambda_s_0_4,4,11,fitness_instruction,3
neural_claq_lambda_s_0_4,4,11,nutrition_or_diet_guidance,2
neural_claq_lambda_s_0_4,4,12,media_or_publishing_work,877
neural_claq_lambda_s_0_4,4,12,fashion_or_modeling_work,715
neural_claq_lambda_s_0_4,4,12,manual_body_treatment,335
neural_claq_lambda_s_0_4,4,12,education_or_academic_work,51
neural_claq_lambda_s_0_4,4,12,mind_body_practice,9
neural_claq_lambda_s_0_4,4,12,fitness_instruction,8
neural_claq_lambda_s_0_4,4,12,visual_art_practice,3
neural_claq_lambda_s_0_4,4,12,technical_or_engineering_work,2
neural_claq_lambda_s_0_4,4,13,education_or_academic_work,673
neural_claq_lambda_s_0_4,4,13,media_interviews_or_features,605
neural_claq_lambda_s_0_4,4,13,mind_body_practice,387
neural_claq_lambda_s_0_4,4,13,teaching_or_instruction,193
neural_claq_lambda_s_0_4,4,13,comedy_or_stage_performance,111
neural_claq_lambda_s_0_4,4,13,manual_body_treatment,20
neural_claq_lambda_s_0_4,4,13,literary_writing,5
neural_claq_lambda_s_0_4,4,13,media_or_publishing_work,4
neural_claq_lambda_s_0_4,4,13,fashion_or_modeling_work,1
neural_claq_lambda_s_0_4,4,13,visual_art_practice,1
neural_claq_lambda_s_0_4,4,14,comedy_or_stage_performance,895
neural_claq_lambda_s_0_4,4,14,dental_or_oral_health,376
neural_claq_lambda_s_0_4,4,14,surgical_work,374
neural_claq_lambda_s_0_4,4,14,therapy_or_counseling,104
neural_claq_lambda_s_0_4,4,14,media_interviews_or_features,101
neural_claq_lambda_s_0_4,4,14,legal_practice,82
neural_claq_lambda_s_0_4,4,14,technical_or_engineering_work,14
neural_claq_lambda_s_0_4,4,14,teaching_or_instruction,11
neural_claq_lambda_s_0_4,4,14,camera_or_photography_work,10
neural_claq_lambda_s_0_4,4,14,education_or_academic_work,10
neural_claq_lambda_s_0_4,4,14,visual_art_practice,9
neural_claq_lambda_s_0_4,4,14,legal_support_work,7
neural_claq_lambda_s_0_4,4,14,media_or_publishing_work,5
neural_claq_lambda_s_0_4,4,14,manual_body_treatment,2
neural_claq_lambda_s_0_4,4,15,celebrity_or_public_attention,540
neural_claq_lambda_s_0_4,4,15,comedy_or_stage_performance,376
neural_claq_lambda_s_0_4,4,15,teaching_or_instruction,268
neural_claq_lambda_s_0_4,4,15,dental_or_oral_health,242
neural_claq_lambda_s_0_4,4,15,legal_practice,171
neural_claq_lambda_s_0_4,4,15,legal_support_work,168
neural_claq_lambda_s_0_4,4,15,visual_art_practice,83
neural_claq_lambda_s_0_4,4,15,technical_or_engineering_work,78
neural_claq_lambda_s_0_4,4,15,advanced_degree_or_training,25
neural_claq_lambda_s_0_4,4,15,surgical_work,21
neural_claq_lambda_s_0_4,4,15,mind_body_practice,16
neural_claq_lambda_s_0_4,4,15,financial_or_accounting_work,9
neural_claq_lambda_s_0_4,4,15,media_interviews_or_features,2
neural_claq_lambda_s_0_4,4,15,media_or_publishing_work,1
neural_claq_lambda_s_0_4,4,16,legal_practice,625
neural_claq_lambda_s_0_4,4,16,legal_support_work,533
neural_claq_lambda_s_0_4,4,16,celebrity_or_public_attention,165
neural_claq_lambda_s_0_4,4,16,advanced_degree_or_training,153
neural_claq_lambda_s_0_4,4,16,technical_or_engineering_work,122
neural_claq_lambda_s_0_4,4,16,teaching_or_instruction,111
neural_claq_lambda_s_0_4,4,16,visual_art_practice,92
neural_claq_lambda_s_0_4,4,16,therapy_or_counseling,84
neural_claq_lambda_s_0_4,4,16,music_composition,70
neural_claq_lambda_s_0_4,4,16,financial_or_accounting_work,9
neural_claq_lambda_s_0_4,4,16,comedy_or_stage_performance,7
neural_claq_lambda_s_0_4,4,16,legal_or_regulatory_work,7
neural_claq_lambda_s_0_4,4,16,literary_writing,7
neural_claq_lambda_s_0_4,4,16,mind_body_practice,4
neural_claq_lambda_s_0_4,4,16,dental_or_oral_health,2
neural_claq_lambda_s_0_4,4,16,parent_role_mentions,2
neural_claq_lambda_s_0_4,4,16,building_or_spatial_design,1
neural_claq_lambda_s_0_4,4,16,fashion_or_modeling_work,1
neural_claq_lambda_s_0_4,4,16,live_music_or_recording,1
neural_claq_lambda_s_0_4,4,16,nutrition_or_diet_guidance,1
neural_claq_lambda_s_0_4,4,16,online_public_presence,1
neural_claq_lambda_s_0_4,4,16,research_publications,1
neural_claq_lambda_s_0_4,4,16,surgical_work,1
neural_claq_lambda_s_0_4,4,17,building_or_spatial_design,705
neural_claq_lambda_s_0_4,4,17,university_affiliation,320
neural_claq_lambda_s_0_4,4,17,research_publications,292
neural_claq_lambda_s_0_4,4,17,music_composition,277
neural_claq_lambda_s_0_4,4,17,mind_body_practice,173
neural_claq_lambda_s_0_4,4,17,nursing_care,73
neural_claq_lambda_s_0_4,4,17,financial_or_accounting_work,47
neural_claq_lambda_s_0_4,4,17,nutrition_or_diet_guidance,32
neural_claq_lambda_s_0_4,4,17,teaching_or_instruction,16
neural_claq_lambda_s_0_4,4,17,technical_or_engineering_work,11
neural_claq_lambda_s_0_4,4,17,visual_art_practice,9
neural_claq_lambda_s_0_4,4,17,dental_or_oral_health,8
neural_claq_lambda_s_0_4,4,17,fashion_or_modeling_work,8
neural_claq_lambda_s_0_4,4,17,therapy_or_counseling,8
neural_claq_lambda_s_0_4,4,17,legal_practice,7
neural_claq_lambda_s_0_4,4,17,camera_or_photography_work,6
neural_claq_lambda_s_0_4,4,17,advanced_degree_or_training,4
neural_claq_lambda_s_0_4,4,17,comedy_or_stage_performance,1
neural_claq_lambda_s_0_4,4,17,education_or_academic_work,1
neural_claq_lambda_s_0_4,4,17,legal_support_work,1
neural_claq_lambda_s_0_4,4,17,management_or_leadership,1
neural_claq_lambda_s_0_4,4,18,research_publications,366
neural_claq_lambda_s_0_4,4,18,software_development,331
neural_claq_lambda_s_0_4,4,18,media_or_publishing_work,326
neural_claq_lambda_s_0_4,4,18,music_composition,239
neural_claq_lambda_s_0_4,4,18,advanced_degree_or_training,232
neural_claq_lambda_s_0_4,4,18,comedy_or_stage_performance,115
neural_claq_lambda_s_0_4,4,18,financial_or_accounting_work,92
neural_claq_lambda_s_0_4,4,18,university_affiliation,73
neural_claq_lambda_s_0_4,4,18,nutrition_or_diet_guidance,65
neural_claq_lambda_s_0_4,4,18,fashion_or_modeling_work,45
neural_claq_lambda_s_0_4,4,18,nursing_care,32
neural_claq_lambda_s_0_4,4,18,surgical_work,21
neural_claq_lambda_s_0_4,4,18,technical_or_engineering_work,20
neural_claq_lambda_s_0_4,4,18,female_gendered_titles,7
neural_claq_lambda_s_0_4,4,18,legal_support_work,7
neural_claq_lambda_s_0_4,4,18,dental_or_oral_health,6
neural_claq_lambda_s_0_4,4,18,mind_body_practice,4
neural_claq_lambda_s_0_4,4,18,building_or_spatial_design,3
neural_claq_lambda_s_0_4,4,18,online_public_presence,3
neural_claq_lambda_s_0_4,4,18,literary_writing,2
neural_claq_lambda_s_0_4,4,18,live_music_or_recording,2
neural_claq_lambda_s_0_4,4,18,parent_role_mentions,2
neural_claq_lambda_s_0_4,4,18,therapy_or_counseling,2
neural_claq_lambda_s_0_4,4,18,appearance_or_body_presentation,1
neural_claq_lambda_s_0_4,4,18,business_or_management_education,1
neural_claq_lambda_s_0_4,4,18,celebrity_or_public_attention,1
neural_claq_lambda_s_0_4,4,18,legal_practice,1
neural_claq_lambda_s_0_4,4,18,manual_body_treatment,1
neural_claq_lambda_s_0_4,4,19,nutrition_or_diet_guidance,431
neural_claq_lambda_s_0_4,4,19,research_publications,367
neural_claq_lambda_s_0_4,4,19,female_gendered_titles,327
neural_claq_lambda_s_0_4,4,19,education_or_academic_work,288
neural_claq_lambda_s_0_4,4,19,fitness_instruction,96
neural_claq_lambda_s_0_4,4,19,university_affiliation,88
neural_claq_lambda_s_0_4,4,19,comedy_or_stage_performance,68
neural_claq_lambda_s_0_4,4,19,building_or_spatial_design,63
neural_claq_lambda_s_0_4,4,19,surgical_work,55
neural_claq_lambda_s_0_4,4,19,financial_or_accounting_work,44
neural_claq_lambda_s_0_4,4,19,software_development,40
neural_claq_lambda_s_0_4,4,19,technical_or_engineering_work,30
neural_claq_lambda_s_0_4,4,19,manual_body_treatment,27
neural_claq_lambda_s_0_4,4,19,scientific_or_lab_research,18
neural_claq_lambda_s_0_4,4,19,advanced_degree_or_training,16
neural_claq_lambda_s_0_4,4,19,male_gendered_titles,13
neural_claq_lambda_s_0_4,4,19,business_or_management_education,8
neural_claq_lambda_s_0_4,4,19,therapy_or_counseling,5
neural_claq_lambda_s_0_4,4,19,camera_or_photography_work,4
neural_claq_lambda_s_0_4,4,19,dental_or_oral_health,3
neural_claq_lambda_s_0_4,4,19,appearance_or_body_presentation,2
neural_claq_lambda_s_0_4,4,19,celebrity_or_public_attention,2
neural_claq_lambda_s_0_4,4,19,media_or_publishing_work,2
neural_claq_lambda_s_0_4,4,19,online_public_presence,2
neural_claq_lambda_s_0_4,4,19,parent_role_mentions,1
neural_claq_lambda_s_0_4,4,20,university_affiliation,459
neural_claq_lambda_s_0_4,4,20,online_public_presence,302
neural_claq_lambda_s_0_4,4,20,advanced_degree_or_training,223
neural_claq_lambda_s_0_4,4,20,financial_or_accounting_work,140
neural_claq_lambda_s_0_4,4,20,surgical_work,104
neural_claq_lambda_s_0_4,4,20,medical_training,100
neural_claq_lambda_s_0_4,4,20,music_composition,98
neural_claq_lambda_s_0_4,4,20,research_publications,92
neural_claq_lambda_s_0_4,4,20,male_gendered_titles,91
neural_claq_lambda_s_0_4,4,20,manual_body_treatment,71
neural_claq_lambda_s_0_4,4,20,female_gendered_titles,62
neural_claq_lambda_s_0_4,4,20,media_or_publishing_work,53
neural_claq_lambda_s_0_4,4,20,software_development,53
neural_claq_lambda_s_0_4,4,20,nutrition_or_diet_guidance,49
neural_claq_lambda_s_0_4,4,20,camera_or_photography_work,25
neural_claq_lambda_s_0_4,4,20,building_or_spatial_design,21
neural_claq_lambda_s_0_4,4,20,comedy_or_stage_performance,16
neural_claq_lambda_s_0_4,4,20,management_or_leadership,10
neural_claq_lambda_s_0_4,4,20,parent_role_mentions,10
neural_claq_lambda_s_0_4,4,20,organizational_role_or_administration,8
neural_claq_lambda_s_0_4,4,20,film_or_video_production,3
neural_claq_lambda_s_0_4,4,20,technical_or_engineering_work,3
neural_claq_lambda_s_0_4,4,20,fitness_instruction,2
neural_claq_lambda_s_0_4,4,20,nursing_care,2
neural_claq_lambda_s_0_4,4,20,live_music_or_recording,1
neural_claq_lambda_s_0_4,4,20,scientific_or_lab_research,1
neural_claq_lambda_s_0_4,4,20,therapy_or_counseling,1
