run_name,budget,query_concept,count,count_std
neural_baseline_lambda_s_0,1,health_or_wellness_work,1200.0,1095.4451150103323
neural_baseline_lambda_s_0,1,creative_or_artistic_work,800.0,1095.4451150103323
neural_baseline_lambda_s_0,1,advanced_degree_or_training,0.0,0.0
neural_baseline_lambda_s_0,1,appearance_or_body_presentation,0.0,0.0
neural_baseline_lambda_s_0,1,building_or_spatial_design,0.0,0.0
neural_baseline_lambda_s_0,1,business_or_client_service,0.0,0.0
neural_baseline_lambda_s_0,1,business_or_management_education,0.0,0.0
neural_baseline_lambda_s_0,1,camera_or_photography_work,0.0,0.0
neural_baseline_lambda_s_0,1,celebrity_or_public_attention,0.0,0.0
neural_baseline_lambda_s_0,1,child_or_family_care_mentions,0.0,0.0
neural_baseline_lambda_s_0,1,classroom_instruction,0.0,0.0
neural_baseline_lambda_s_0,1,clinical_care,0.0,0.0
neural_baseline_lambda_s_0,1,comedy_or_stage_performance,0.0,0.0
neural_baseline_lambda_s_0,1,dental_or_oral_health,0.0,0.0
neural_baseline_lambda_s_0,1,design_work,0.0,0.0
neural_baseline_lambda_s_0,1,education_or_academic_work,0.0,0.0
neural_baseline_lambda_s_0,1,fashion_or_modeling_work,0.0,0.0
neural_baseline_lambda_s_0,1,female_gendered_titles,0.0,0.0
neural_baseline_lambda_s_0,1,female_pronouns,0.0,0.0
neural_baseline_lambda_s_0,1,film_or_video_production,0.0,0.0
neural_baseline_lambda_s_0,1,financial_or_accounting_work,0.0,0.0
neural_baseline_lambda_s_0,1,fitness_instruction,0.0,0.0
neural_baseline_lambda_s_0,1,gendered_organization_or_award,0.0,0.0
neural_baseline_lambda_s_0,1,interior_or_decorative_design,0.0,0.0
neural_baseline_lambda_s_0,1,legal_or_regulatory_work,0.0,0.0
neural_baseline_lambda_s_0,1,legal_practice,0.0,0.0
neural_baseline_lambda_s_0,1,legal_support_work,0.0,0.0
neural_baseline_lambda_s_0,1,literary_writing,0.0,0.0
neural_baseline_lambda_s_0,1,live_music_or_recording,0.0,0.0
neural_baseline_lambda_s_0,1,male_gendered_titles,0.0,0.0
neural_baseline_lambda_s_0,1,male_pronouns,0.0,0.0
neural_baseline_lambda_s_0,1,management_or_leadership,0.0,0.0
neural_baseline_lambda_s_0,1,manual_body_treatment,0.0,0.0
neural_baseline_lambda_s_0,1,media_interviews_or_features,0.0,0.0
neural_baseline_lambda_s_0,1,media_or_publishing_work,0.0,0.0
neural_baseline_lambda_s_0,1,medical_training,0.0,0.0
neural_baseline_lambda_s_0,1,mind_body_practice,0.0,0.0
neural_baseline_lambda_s_0,1,music_composition,0.0,0.0
neural_baseline_lambda_s_0,1,nursing_care,0.0,0.0
neural_baseline_lambda_s_0,1,nutrition_or_diet_guidance,0.0,0.0
neural_baseline_lambda_s_0,1,online_public_presence,0.0,0.0
neural_baseline_lambda_s_0,1,organizational_role_or_administration,0.0,0.0
neural_baseline_lambda_s_0,1,parent_role_mentions,0.0,0.0
neural_baseline_lambda_s_0,1,public_presence_or_recognition,0.0,0.0
neural_baseline_lambda_s_0,1,public_speaking_or_events,0.0,0.0
neural_baseline_lambda_s_0,1,religious_ministry,0.0,0.0
neural_baseline_lambda_s_0,1,reporting_or_news_work,0.0,0.0
neural_baseline_lambda_s_0,1,research_publications,0.0,0.0
neural_baseline_lambda_s_0,1,scientific_or_lab_research,0.0,0.0
neural_baseline_lambda_s_0,1,software_development,0.0,0.0
neural_baseline_lambda_s_0,1,spouse_or_partner_mentions,0.0,0.0
neural_baseline_lambda_s_0,1,surgical_work,0.0,0.0
neural_baseline_lambda_s_0,1,teaching_or_instruction,0.0,0.0
neural_baseline_lambda_s_0,1,technical_infrastructure,0.0,0.0
neural_baseline_lambda_s_0,1,technical_or_engineering_work,0.0,0.0
neural_baseline_lambda_s_0,1,therapy_or_counseling,0.0,0.0
neural_baseline_lambda_s_0,1,university_affiliation,0.0,0.0
neural_baseline_lambda_s_0,1,visual_art_practice,0.0,0.0
neural_baseline_lambda_s_0,2,creative_or_artistic_work,559.2,765.7161353922222
neural_baseline_lambda_s_0,2,clinical_care,376.8,569.218060149184
neural_baseline_lambda_s_0,2,legal_or_regulatory_work,279.6,625.2046065089412
neural_baseline_lambda_s_0,2,health_or_wellness_work,256.4,573.327829430946
neural_baseline_lambda_s_0,2,nursing_care,240.8,329.72897961811
neural_baseline_lambda_s_0,2,film_or_video_production,143.6,321.0993615689698
neural_baseline_lambda_s_0,2,literary_writing,143.6,321.0993615689698
neural_baseline_lambda_s_0,2,advanced_degree_or_training,0.0,0.0
neural_baseline_lambda_s_0,2,appearance_or_body_presentation,0.0,0.0
neural_baseline_lambda_s_0,2,building_or_spatial_design,0.0,0.0
neural_baseline_lambda_s_0,2,business_or_client_service,0.0,0.0
neural_baseline_lambda_s_0,2,business_or_management_education,0.0,0.0
neural_baseline_lambda_s_0,2,camera_or_photography_work,0.0,0.0
neural_baseline_lambda_s_0,2,celebrity_or_public_attention,0.0,0.0
neural_baseline_lambda_s_0,2,child_or_family_care_mentions,0.0,0.0
neural_baseline_lambda_s_0,2,classroom_instruction,0.0,0.0
neural_baseline_lambda_s_0,2,comedy_or_stage_performance,0.0,0.0
neural_baseline_lambda_s_0,2,dental_or_oral_health,0.0,0.0
neural_baseline_lambda_s_0,2,design_work,0.0,0.0
neural_baseline_lambda_s_0,2,education_or_academic_work,0.0,0.0
neural_baseline_lambda_s_0,2,fashion_or_modeling_work,0.0,0.0
neural_baseline_lambda_s_0,2,female_gendered_titles,0.0,0.0
neural_baseline_lambda_s_0,2,female_pronouns,0.0,0.0
neural_baseline_lambda_s_0,2,financial_or_accounting_work,0.0,0.0
neural_baseline_lambda_s_0,2,fitness_instruction,0.0,0.0
neural_baseline_lambda_s_0,2,gendered_organization_or_award,0.0,0.0
neural_baseline_lambda_s_0,2,interior_or_decorative_design,0.0,0.0
neural_baseline_lambda_s_0,2,legal_practice,0.0,0.0
neural_baseline_lambda_s_0,2,legal_support_work,0.0,0.0
neural_baseline_lambda_s_0,2,live_music_or_recording,0.0,0.0
neural_baseline_lambda_s_0,2,male_gendered_titles,0.0,0.0
neural_baseline_lambda_s_0,2,male_pronouns,0.0,0.0
neural_baseline_lambda_s_0,2,management_or_leadership,0.0,0.0
neural_baseline_lambda_s_0,2,manual_body_treatment,0.0,0.0
neural_baseline_lambda_s_0,2,media_interviews_or_features,0.0,0.0
neural_baseline_lambda_s_0,2,media_or_publishing_work,0.0,0.0
neural_baseline_lambda_s_0,2,medical_training,0.0,0.0
neural_baseline_lambda_s_0,2,mind_body_practice,0.0,0.0
neural_baseline_lambda_s_0,2,music_composition,0.0,0.0
neural_baseline_lambda_s_0,2,nutrition_or_diet_guidance,0.0,0.0
neural_baseline_lambda_s_0,2,online_public_presence,0.0,0.0
neural_baseline_lambda_s_0,2,organizational_role_or_administration,0.0,0.0
neural_baseline_lambda_s_0,2,parent_role_mentions,0.0,0.0
neural_baseline_lambda_s_0,2,public_presence_or_recognition,0.0,0.0
neural_baseline_lambda_s_0,2,public_speaking_or_events,0.0,0.0
neural_baseline_lambda_s_0,2,religious_ministry,0.0,0.0
neural_baseline_lambda_s_0,2,reporting_or_news_work,0.0,0.0
neural_baseline_lambda_s_0,2,research_publications,0.0,0.0
neural_baseline_lambda_s_0,2,scientific_or_lab_research,0.0,0.0
neural_baseline_lambda_s_0,2,software_development,0.0,0.0
neural_baseline_lambda_s_0,2,spouse_or_partner_mentions,0.0,0.0
neural_baseline_lambda_s_0,2,surgical_work,0.0,0.0
neural_baseline_lambda_s_0,2,teaching_or_instruction,0.0,0.0
neural_baseline_lambda_s_0,2,technical_infrastructure,0.0,0.0
neural_baseline_lambda_s_0,2,technical_or_engineering_work,0.0,0.0
neural_baseline_lambda_s_0,2,therapy_or_counseling,0.0,0.0
neural_baseline_lambda_s_0,2,university_affiliation,0.0,0.0
neural_baseline_lambda_s_0,2,visual_art_practice,0.0,0.0
neural_baseline_lambda_s_0,3,female_pronouns,905.2,419.0998687663837
neural_baseline_lambda_s_0,3,visual_art_practice,185.0,296.48102806081874
neural_baseline_lambda_s_0,3,health_or_wellness_work,175.4,392.2063232534631
neural_baseline_lambda_s_0,3,literary_writing,141.2,315.7327984229703
neural_baseline_lambda_s_0,3,legal_or_regulatory_work,138.4,309.4718080859709
neural_baseline_lambda_s_0,3,live_music_or_recording,124.2,277.7196428054739
neural_baseline_lambda_s_0,3,clinical_care,120.4,238.63842942828805
neural_baseline_lambda_s_0,3,camera_or_photography_work,119.2,266.5393029179749
neural_baseline_lambda_s_0,3,dental_or_oral_health,91.0,173.38396696349983
neural_baseline_lambda_s_0,3,advanced_degree_or_training,0.0,0.0
neural_baseline_lambda_s_0,3,appearance_or_body_presentation,0.0,0.0
neural_baseline_lambda_s_0,3,building_or_spatial_design,0.0,0.0
neural_baseline_lambda_s_0,3,business_or_client_service,0.0,0.0
neural_baseline_lambda_s_0,3,business_or_management_education,0.0,0.0
neural_baseline_lambda_s_0,3,celebrity_or_public_attention,0.0,0.0
neural_baseline_lambda_s_0,3,child_or_family_care_mentions,0.0,0.0
neural_baseline_lambda_s_0,3,classroom_instruction,0.0,0.0
neural_baseline_lambda_s_0,3,comedy_or_stage_performance,0.0,0.0
neural_baseline_lambda_s_0,3,creative_or_artistic_work,0.0,0.0
neural_baseline_lambda_s_0,3,design_work,0.0,0.0
neural_baseline_lambda_s_0,3,education_or_academic_work,0.0,0.0
neural_baseline_lambda_s_0,3,fashion_or_modeling_work,0.0,0.0
neural_baseline_lambda_s_0,3,female_gendered_titles,0.0,0.0
neural_baseline_lambda_s_0,3,film_or_video_production,0.0,0.0
neural_baseline_lambda_s_0,3,financial_or_accounting_work,0.0,0.0
neural_baseline_lambda_s_0,3,fitness_instruction,0.0,0.0
neural_baseline_lambda_s_0,3,gendered_organization_or_award,0.0,0.0
neural_baseline_lambda_s_0,3,interior_or_decorative_design,0.0,0.0
neural_baseline_lambda_s_0,3,legal_practice,0.0,0.0
neural_baseline_lambda_s_0,3,legal_support_work,0.0,0.0
neural_baseline_lambda_s_0,3,male_gendered_titles,0.0,0.0
neural_baseline_lambda_s_0,3,male_pronouns,0.0,0.0
neural_baseline_lambda_s_0,3,management_or_leadership,0.0,0.0
neural_baseline_lambda_s_0,3,manual_body_treatment,0.0,0.0
neural_baseline_lambda_s_0,3,media_interviews_or_features,0.0,0.0
neural_baseline_lambda_s_0,3,media_or_publishing_work,0.0,0.0
neural_baseline_lambda_s_0,3,medical_training,0.0,0.0
neural_baseline_lambda_s_0,3,mind_body_practice,0.0,0.0
neural_baseline_lambda_s_0,3,music_composition,0.0,0.0
neural_baseline_lambda_s_0,3,nursing_care,0.0,0.0
neural_baseline_lambda_s_0,3,nutrition_or_diet_guidance,0.0,0.0
neural_baseline_lambda_s_0,3,online_public_presence,0.0,0.0
neural_baseline_lambda_s_0,3,organizational_role_or_administration,0.0,0.0
neural_baseline_lambda_s_0,3,parent_role_mentions,0.0,0.0
neural_baseline_lambda_s_0,3,public_presence_or_recognition,0.0,0.0
neural_baseline_lambda_s_0,3,public_speaking_or_events,0.0,0.0
neural_baseline_lambda_s_0,3,religious_ministry,0.0,0.0
neural_baseline_lambda_s_0,3,reporting_or_news_work,0.0,0.0
neural_baseline_lambda_s_0,3,research_publications,0.0,0.0
neural_baseline_lambda_s_0,3,scientific_or_lab_research,0.0,0.0
neural_baseline_lambda_s_0,3,software_development,0.0,0.0
neural_baseline_lambda_s_0,3,spouse_or_partner_mentions,0.0,0.0
neural_baseline_lambda_s_0,3,surgical_work,0.0,0.0
neural_baseline_lambda_s_0,3,teaching_or_instruction,0.0,0.0
neural_baseline_lambda_s_0,3,technical_infrastructure,0.0,0.0
neural_baseline_lambda_s_0,3,technical_or_engineering_work,0.0,0.0
neural_baseline_lambda_s_0,3,therapy_or_counseling,0.0,0.0
neural_baseline_lambda_s_0,3,university_affiliation,0.0,0.0
neural_baseline_lambda_s_0,4,female_pronouns,431.6,323.2503673625136
neural_baseline_lambda_s_0,4,legal_or_regulatory_work,413.4,377.39872813776145
neural_baseline_lambda_s_0,4,visual_art_practice,234.8,293.39938650242607
neural_baseline_lambda_s_0,4,creative_or_artistic_work,234.4,419.5006555418001
neural_baseline_lambda_s_0,4,dental_or_oral_health,183.0,148.71449156017042
neural_baseline_lambda_s_0,4,clinical_care,182.2,239.67206762574568
neural_baseline_lambda_s_0,4,literary_writing,118.2,264.30323494047514
neural_baseline_lambda_s_0,4,design_work,86.0,192.3018460649819
neural_baseline_lambda_s_0,4,nutrition_or_diet_guidance,38.8,86.75943752699185
neural_baseline_lambda_s_0,4,nursing_care,33.8,75.57909763949289
neural_baseline_lambda_s_0,4,camera_or_photography_work,25.4,50.182666330118415
neural_baseline_lambda_s_0,4,live_music_or_recording,18.4,41.14365078599613
neural_baseline_lambda_s_0,4,advanced_degree_or_training,0.0,0.0
neural_baseline_lambda_s_0,4,appearance_or_body_presentation,0.0,0.0
neural_baseline_lambda_s_0,4,building_or_spatial_design,0.0,0.0
neural_baseline_lambda_s_0,4,business_or_client_service,0.0,0.0
neural_baseline_lambda_s_0,4,business_or_management_education,0.0,0.0
neural_baseline_lambda_s_0,4,celebrity_or_public_attention,0.0,0.0
neural_baseline_lambda_s_0,4,child_or_family_care_mentions,0.0,0.0
neural_baseline_lambda_s_0,4,classroom_instruction,0.0,0.0
neural_baseline_lambda_s_0,4,comedy_or_stage_performance,0.0,0.0
neural_baseline_lambda_s_0,4,education_or_academic_work,0.0,0.0
neural_baseline_lambda_s_0,4,fashion_or_modeling_work,0.0,0.0
neural_baseline_lambda_s_0,4,female_gendered_titles,0.0,0.0
neural_baseline_lambda_s_0,4,film_or_video_production,0.0,0.0
neural_baseline_lambda_s_0,4,financial_or_accounting_work,0.0,0.0
neural_baseline_lambda_s_0,4,fitness_instruction,0.0,0.0
neural_baseline_lambda_s_0,4,gendered_organization_or_award,0.0,0.0
neural_baseline_lambda_s_0,4,health_or_wellness_work,0.0,0.0
neural_baseline_lambda_s_0,4,interior_or_decorative_design,0.0,0.0
neural_baseline_lambda_s_0,4,legal_practice,0.0,0.0
neural_baseline_lambda_s_0,4,legal_support_work,0.0,0.0
neural_baseline_lambda_s_0,4,male_gendered_titles,0.0,0.0
neural_baseline_lambda_s_0,4,male_pronouns,0.0,0.0
neural_baseline_lambda_s_0,4,management_or_leadership,0.0,0.0
neural_baseline_lambda_s_0,4,manual_body_treatment,0.0,0.0
neural_baseline_lambda_s_0,4,media_interviews_or_features,0.0,0.0
neural_baseline_lambda_s_0,4,media_or_publishing_work,0.0,0.0
neural_baseline_lambda_s_0,4,medical_training,0.0,0.0
neural_baseline_lambda_s_0,4,mind_body_practice,0.0,0.0
neural_baseline_lambda_s_0,4,music_composition,0.0,0.0
neural_baseline_lambda_s_0,4,online_public_presence,0.0,0.0
neural_baseline_lambda_s_0,4,organizational_role_or_administration,0.0,0.0
neural_baseline_lambda_s_0,4,parent_role_mentions,0.0,0.0
neural_baseline_lambda_s_0,4,public_presence_or_recognition,0.0,0.0
neural_baseline_lambda_s_0,4,public_speaking_or_events,0.0,0.0
neural_baseline_lambda_s_0,4,religious_ministry,0.0,0.0
neural_baseline_lambda_s_0,4,reporting_or_news_work,0.0,0.0
neural_baseline_lambda_s_0,4,research_publications,0.0,0.0
neural_baseline_lambda_s_0,4,scientific_or_lab_research,0.0,0.0
neural_baseline_lambda_s_0,4,software_development,0.0,0.0
neural_baseline_lambda_s_0,4,spouse_or_partner_mentions,0.0,0.0
neural_baseline_lambda_s_0,4,surgical_work,0.0,0.0
neural_baseline_lambda_s_0,4,teaching_or_instruction,0.0,0.0
neural_baseline_lambda_s_0,4,technical_infrastructure,0.0,0.0
neural_baseline_lambda_s_0,4,technical_or_engineering_work,0.0,0.0
neural_baseline_lambda_s_0,4,therapy_or_counseling,0.0,0.0
neural_baseline_lambda_s_0,4,university_affiliation,0.0,0.0
neural_baseline_lambda_s_0,5,clinical_care,519.0,350.60162578060016
neural_baseline_lambda_s_0,5,female_pronouns,398.8,391.18116007803854
neural_baseline_lambda_s_0,5,design_work,261.0,289.1876553381904
neural_baseline_lambda_s_0,5,visual_art_practice,213.0,199.19713853366468
neural_baseline_lambda_s_0,5,creative_or_artistic_work,167.0,274.0127734248898
neural_baseline_lambda_s_0,5,dental_or_oral_health,136.2,143.49982578386636
neural_baseline_lambda_s_0,5,nursing_care,126.8,182.83106956969868
neural_baseline_lambda_s_0,5,legal_or_regulatory_work,67.0,93.637599285757
neural_baseline_lambda_s_0,5,film_or_video_production,33.2,74.237456852993
neural_baseline_lambda_s_0,5,literary_writing,31.4,41.63892409753163
neural_baseline_lambda_s_0,5,camera_or_photography_work,22.2,49.64070910049533
neural_baseline_lambda_s_0,5,live_music_or_recording,14.0,29.120439557122072
neural_baseline_lambda_s_0,5,technical_or_engineering_work,10.4,23.255106965997815
neural_baseline_lambda_s_0,5,advanced_degree_or_training,0.0,0.0
neural_baseline_lambda_s_0,5,appearance_or_body_presentation,0.0,0.0
neural_baseline_lambda_s_0,5,building_or_spatial_design,0.0,0.0
neural_baseline_lambda_s_0,5,business_or_client_service,0.0,0.0
neural_baseline_lambda_s_0,5,business_or_management_education,0.0,0.0
neural_baseline_lambda_s_0,5,celebrity_or_public_attention,0.0,0.0
neural_baseline_lambda_s_0,5,child_or_family_care_mentions,0.0,0.0
neural_baseline_lambda_s_0,5,classroom_instruction,0.0,0.0
neural_baseline_lambda_s_0,5,comedy_or_stage_performance,0.0,0.0
neural_baseline_lambda_s_0,5,education_or_academic_work,0.0,0.0
neural_baseline_lambda_s_0,5,fashion_or_modeling_work,0.0,0.0
neural_baseline_lambda_s_0,5,female_gendered_titles,0.0,0.0
neural_baseline_lambda_s_0,5,financial_or_accounting_work,0.0,0.0
neural_baseline_lambda_s_0,5,fitness_instruction,0.0,0.0
neural_baseline_lambda_s_0,5,gendered_organization_or_award,0.0,0.0
neural_baseline_lambda_s_0,5,health_or_wellness_work,0.0,0.0
neural_baseline_lambda_s_0,5,interior_or_decorative_design,0.0,0.0
neural_baseline_lambda_s_0,5,legal_practice,0.0,0.0
neural_baseline_lambda_s_0,5,legal_support_work,0.0,0.0
neural_baseline_lambda_s_0,5,male_gendered_titles,0.0,0.0
neural_baseline_lambda_s_0,5,male_pronouns,0.0,0.0
neural_baseline_lambda_s_0,5,management_or_leadership,0.0,0.0
neural_baseline_lambda_s_0,5,manual_body_treatment,0.0,0.0
neural_baseline_lambda_s_0,5,media_interviews_or_features,0.0,0.0
neural_baseline_lambda_s_0,5,media_or_publishing_work,0.0,0.0
neural_baseline_lambda_s_0,5,medical_training,0.0,0.0
neural_baseline_lambda_s_0,5,mind_body_practice,0.0,0.0
neural_baseline_lambda_s_0,5,music_composition,0.0,0.0
neural_baseline_lambda_s_0,5,nutrition_or_diet_guidance,0.0,0.0
neural_baseline_lambda_s_0,5,online_public_presence,0.0,0.0
neural_baseline_lambda_s_0,5,organizational_role_or_administration,0.0,0.0
neural_baseline_lambda_s_0,5,parent_role_mentions,0.0,0.0
neural_baseline_lambda_s_0,5,public_presence_or_recognition,0.0,0.0
neural_baseline_lambda_s_0,5,public_speaking_or_events,0.0,0.0
neural_baseline_lambda_s_0,5,religious_ministry,0.0,0.0
neural_baseline_lambda_s_0,5,reporting_or_news_work,0.0,0.0
neural_baseline_lambda_s_0,5,research_publications,0.0,0.0
neural_baseline_lambda_s_0,5,scientific_or_lab_research,0.0,0.0
neural_baseline_lambda_s_0,5,software_development,0.0,0.0
neural_baseline_lambda_s_0,5,spouse_or_partner_mentions,0.0,0.0
neural_baseline_lambda_s_0,5,surgical_work,0.0,0.0
neural_baseline_lambda_s_0,5,teaching_or_instruction,0.0,0.0
neural_baseline_lambda_s_0,5,technical_infrastructure,0.0,0.0
neural_baseline_lambda_s_0,5,therapy_or_counseling,0.0,0.0
neural_baseline_lambda_s_0,5,university_affiliation,0.0,0.0
neural_baseline_lambda_s_0,6,design_work,361.4,211.84735070328352
neural_baseline_lambda_s_0,6,visual_art_practice,253.0,233.8674838450185
neural_baseline_lambda_s_0,6,film_or_video_production,243.0,304.9942622411117
neural_baseline_lambda_s_0,6,live_music_or_recording,173.2,237.89010067676207
neural_baseline_lambda_s_0,6,dental_or_oral_health,133.6,73.31302749170845
neural_baseline_lambda_s_0,6,technical_or_engineering_work,126.2,282.1917787604734
neural_baseline_lambda_s_0,6,creative_or_artistic_work,125.8,181.1551820953516
neural_baseline_lambda_s_0,6,literary_writing,124.8,248.683935950837
neural_baseline_lambda_s_0,6,nursing_care,100.8,171.9409782454433
neural_baseline_lambda_s_0,6,clinical_care,90.8,102.81390956480548
neural_baseline_lambda_s_0,6,surgical_work,79.6,177.99101100898326
neural_baseline_lambda_s_0,6,health_or_wellness_work,47.2,105.54240853799007
neural_baseline_lambda_s_0,6,legal_or_regulatory_work,45.0,56.753854494650845
neural_baseline_lambda_s_0,6,male_pronouns,34.0,76.02631123499285
neural_baseline_lambda_s_0,6,nutrition_or_diet_guidance,33.8,75.57909763949289
neural_baseline_lambda_s_0,6,camera_or_photography_work,15.4,34.435446853496764
neural_baseline_lambda_s_0,6,female_pronouns,12.4,26.623298067669978
neural_baseline_lambda_s_0,6,advanced_degree_or_training,0.0,0.0
neural_baseline_lambda_s_0,6,appearance_or_body_presentation,0.0,0.0
neural_baseline_lambda_s_0,6,building_or_spatial_design,0.0,0.0
neural_baseline_lambda_s_0,6,business_or_client_service,0.0,0.0
neural_baseline_lambda_s_0,6,business_or_management_education,0.0,0.0
neural_baseline_lambda_s_0,6,celebrity_or_public_attention,0.0,0.0
neural_baseline_lambda_s_0,6,child_or_family_care_mentions,0.0,0.0
neural_baseline_lambda_s_0,6,classroom_instruction,0.0,0.0
neural_baseline_lambda_s_0,6,comedy_or_stage_performance,0.0,0.0
neural_baseline_lambda_s_0,6,education_or_academic_work,0.0,0.0
neural_baseline_lambda_s_0,6,fashion_or_modeling_work,0.0,0.0
neural_baseline_lambda_s_0,6,female_gendered_titles,0.0,0.0
neural_baseline_lambda_s_0,6,financial_or_accounting_work,0.0,0.0
neural_baseline_lambda_s_0,6,fitness_instruction,0.0,0.0
neural_baseline_lambda_s_0,6,gendered_organization_or_award,0.0,0.0
neural_baseline_lambda_s_0,6,interior_or_decorative_design,0.0,0.0
neural_baseline_lambda_s_0,6,legal_practice,0.0,0.0
neural_baseline_lambda_s_0,6,legal_support_work,0.0,0.0
neural_baseline_lambda_s_0,6,male_gendered_titles,0.0,0.0
neural_baseline_lambda_s_0,6,management_or_leadership,0.0,0.0
neural_baseline_lambda_s_0,6,manual_body_treatment,0.0,0.0
neural_baseline_lambda_s_0,6,media_interviews_or_features,0.0,0.0
neural_baseline_lambda_s_0,6,media_or_publishing_work,0.0,0.0
neural_baseline_lambda_s_0,6,medical_training,0.0,0.0
neural_baseline_lambda_s_0,6,mind_body_practice,0.0,0.0
neural_baseline_lambda_s_0,6,music_composition,0.0,0.0
neural_baseline_lambda_s_0,6,online_public_presence,0.0,0.0
neural_baseline_lambda_s_0,6,organizational_role_or_administration,0.0,0.0
neural_baseline_lambda_s_0,6,parent_role_mentions,0.0,0.0
neural_baseline_lambda_s_0,6,public_presence_or_recognition,0.0,0.0
neural_baseline_lambda_s_0,6,public_speaking_or_events,0.0,0.0
neural_baseline_lambda_s_0,6,religious_ministry,0.0,0.0
neural_baseline_lambda_s_0,6,reporting_or_news_work,0.0,0.0
neural_baseline_lambda_s_0,6,research_publications,0.0,0.0
neural_baseline_lambda_s_0,6,scientific_or_lab_research,0.0,0.0
neural_baseline_lambda_s_0,6,software_development,0.0,0.0
neural_baseline_lambda_s_0,6,spouse_or_partner_mentions,0.0,0.0
neural_baseline_lambda_s_0,6,teaching_or_instruction,0.0,0.0
neural_baseline_lambda_s_0,6,technical_infrastructure,0.0,0.0
neural_baseline_lambda_s_0,6,therapy_or_counseling,0.0,0.0
neural_baseline_lambda_s_0,6,university_affiliation,0.0,0.0
neural_baseline_lambda_s_0,7,visual_art_practice,445.8,195.37323255758452
neural_baseline_lambda_s_0,7,design_work,306.6,257.6000776397399
neural_baseline_lambda_s_0,7,live_music_or_recording,236.6,238.34701592426117
neural_baseline_lambda_s_0,7,nutrition_or_diet_guidance,214.8,186.55615776489392
neural_baseline_lambda_s_0,7,film_or_video_production,208.2,236.67847388387477
neural_baseline_lambda_s_0,7,female_pronouns,140.6,240.78164381862666
neural_baseline_lambda_s_0,7,legal_or_regulatory_work,114.2,82.45726165717608
neural_baseline_lambda_s_0,7,nursing_care,90.0,100.04748872410542
neural_baseline_lambda_s_0,7,literary_writing,54.0,83.90172823011456
neural_baseline_lambda_s_0,7,medical_training,48.6,108.67290370648978
neural_baseline_lambda_s_0,7,male_pronouns,45.6,101.9646997739904
neural_baseline_lambda_s_0,7,health_or_wellness_work,33.8,75.57909763949289
neural_baseline_lambda_s_0,7,dental_or_oral_health,27.8,61.60519458617106
neural_baseline_lambda_s_0,7,creative_or_artistic_work,23.6,52.771204268995035
neural_baseline_lambda_s_0,7,camera_or_photography_work,8.4,15.565988564816564
neural_baseline_lambda_s_0,7,technical_or_engineering_work,1.4,3.1304951684997055
neural_baseline_lambda_s_0,7,advanced_degree_or_training,0.0,0.0
neural_baseline_lambda_s_0,7,appearance_or_body_presentation,0.0,0.0
neural_baseline_lambda_s_0,7,building_or_spatial_design,0.0,0.0
neural_baseline_lambda_s_0,7,business_or_client_service,0.0,0.0
neural_baseline_lambda_s_0,7,business_or_management_education,0.0,0.0
neural_baseline_lambda_s_0,7,celebrity_or_public_attention,0.0,0.0
neural_baseline_lambda_s_0,7,child_or_family_care_mentions,0.0,0.0
neural_baseline_lambda_s_0,7,classroom_instruction,0.0,0.0
neural_baseline_lambda_s_0,7,clinical_care,0.0,0.0
neural_baseline_lambda_s_0,7,comedy_or_stage_performance,0.0,0.0
neural_baseline_lambda_s_0,7,education_or_academic_work,0.0,0.0
neural_baseline_lambda_s_0,7,fashion_or_modeling_work,0.0,0.0
neural_baseline_lambda_s_0,7,female_gendered_titles,0.0,0.0
neural_baseline_lambda_s_0,7,financial_or_accounting_work,0.0,0.0
neural_baseline_lambda_s_0,7,fitness_instruction,0.0,0.0
neural_baseline_lambda_s_0,7,gendered_organization_or_award,0.0,0.0
neural_baseline_lambda_s_0,7,interior_or_decorative_design,0.0,0.0
neural_baseline_lambda_s_0,7,legal_practice,0.0,0.0
neural_baseline_lambda_s_0,7,legal_support_work,0.0,0.0
neural_baseline_lambda_s_0,7,male_gendered_titles,0.0,0.0
neural_baseline_lambda_s_0,7,management_or_leadership,0.0,0.0
neural_baseline_lambda_s_0,7,manual_body_treatment,0.0,0.0
neural_baseline_lambda_s_0,7,media_interviews_or_features,0.0,0.0
neural_baseline_lambda_s_0,7,media_or_publishing_work,0.0,0.0
neural_baseline_lambda_s_0,7,mind_body_practice,0.0,0.0
neural_baseline_lambda_s_0,7,music_composition,0.0,0.0
neural_baseline_lambda_s_0,7,online_public_presence,0.0,0.0
neural_baseline_lambda_s_0,7,organizational_role_or_administration,0.0,0.0
neural_baseline_lambda_s_0,7,parent_role_mentions,0.0,0.0
neural_baseline_lambda_s_0,7,public_presence_or_recognition,0.0,0.0
neural_baseline_lambda_s_0,7,public_speaking_or_events,0.0,0.0
neural_baseline_lambda_s_0,7,religious_ministry,0.0,0.0
neural_baseline_lambda_s_0,7,reporting_or_news_work,0.0,0.0
neural_baseline_lambda_s_0,7,research_publications,0.0,0.0
neural_baseline_lambda_s_0,7,scientific_or_lab_research,0.0,0.0
neural_baseline_lambda_s_0,7,software_development,0.0,0.0
neural_baseline_lambda_s_0,7,spouse_or_partner_mentions,0.0,0.0
neural_baseline_lambda_s_0,7,surgical_work,0.0,0.0
neural_baseline_lambda_s_0,7,teaching_or_instruction,0.0,0.0
neural_baseline_lambda_s_0,7,technical_infrastructure,0.0,0.0
neural_baseline_lambda_s_0,7,therapy_or_counseling,0.0,0.0
neural_baseline_lambda_s_0,7,university_affiliation,0.0,0.0
neural_baseline_lambda_s_0,8,live_music_or_recording,451.6,170.79607723832535
neural_baseline_lambda_s_0,8,literary_writing,340.4,244.88834190299872
neural_baseline_lambda_s_0,8,design_work,250.2,228.2973937652377
neural_baseline_lambda_s_0,8,male_pronouns,200.0,249.95099519705857
neural_baseline_lambda_s_0,8,medical_training,189.8,199.45224992463736
neural_baseline_lambda_s_0,8,camera_or_photography_work,136.2,240.76482301200068
neural_baseline_lambda_s_0,8,female_pronouns,99.2,221.81794336797913
neural_baseline_lambda_s_0,8,nutrition_or_diet_guidance,98.8,150.47657625025897
neural_baseline_lambda_s_0,8,film_or_video_production,86.6,119.82403765522174
neural_baseline_lambda_s_0,8,technical_or_engineering_work,39.2,87.65386471799177
neural_baseline_lambda_s_0,8,dental_or_oral_health,28.6,62.83549952057356
neural_baseline_lambda_s_0,8,therapy_or_counseling,27.6,61.715476178994194
neural_baseline_lambda_s_0,8,legal_or_regulatory_work,21.2,46.84762534003191
neural_baseline_lambda_s_0,8,nursing_care,12.0,23.119256043393783
neural_baseline_lambda_s_0,8,creative_or_artistic_work,10.4,23.255106965997815
neural_baseline_lambda_s_0,8,health_or_wellness_work,7.8,17.44133022449836
neural_baseline_lambda_s_0,8,visual_art_practice,0.4,0.894427190999916
neural_baseline_lambda_s_0,8,advanced_degree_or_training,0.0,0.0
neural_baseline_lambda_s_0,8,appearance_or_body_presentation,0.0,0.0
neural_baseline_lambda_s_0,8,building_or_spatial_design,0.0,0.0
neural_baseline_lambda_s_0,8,business_or_client_service,0.0,0.0
neural_baseline_lambda_s_0,8,business_or_management_education,0.0,0.0
neural_baseline_lambda_s_0,8,celebrity_or_public_attention,0.0,0.0
neural_baseline_lambda_s_0,8,child_or_family_care_mentions,0.0,0.0
neural_baseline_lambda_s_0,8,classroom_instruction,0.0,0.0
neural_baseline_lambda_s_0,8,clinical_care,0.0,0.0
neural_baseline_lambda_s_0,8,comedy_or_stage_performance,0.0,0.0
neural_baseline_lambda_s_0,8,education_or_academic_work,0.0,0.0
neural_baseline_lambda_s_0,8,fashion_or_modeling_work,0.0,0.0
neural_baseline_lambda_s_0,8,female_gendered_titles,0.0,0.0
neural_baseline_lambda_s_0,8,financial_or_accounting_work,0.0,0.0
neural_baseline_lambda_s_0,8,fitness_instruction,0.0,0.0
neural_baseline_lambda_s_0,8,gendered_organization_or_award,0.0,0.0
neural_baseline_lambda_s_0,8,interior_or_decorative_design,0.0,0.0
neural_baseline_lambda_s_0,8,legal_practice,0.0,0.0
neural_baseline_lambda_s_0,8,legal_support_work,0.0,0.0
neural_baseline_lambda_s_0,8,male_gendered_titles,0.0,0.0
neural_baseline_lambda_s_0,8,management_or_leadership,0.0,0.0
neural_baseline_lambda_s_0,8,manual_body_treatment,0.0,0.0
neural_baseline_lambda_s_0,8,media_interviews_or_features,0.0,0.0
neural_baseline_lambda_s_0,8,media_or_publishing_work,0.0,0.0
neural_baseline_lambda_s_0,8,mind_body_practice,0.0,0.0
neural_baseline_lambda_s_0,8,music_composition,0.0,0.0
neural_baseline_lambda_s_0,8,online_public_presence,0.0,0.0
neural_baseline_lambda_s_0,8,organizational_role_or_administration,0.0,0.0
neural_baseline_lambda_s_0,8,parent_role_mentions,0.0,0.0
neural_baseline_lambda_s_0,8,public_presence_or_recognition,0.0,0.0
neural_baseline_lambda_s_0,8,public_speaking_or_events,0.0,0.0
neural_baseline_lambda_s_0,8,religious_ministry,0.0,0.0
neural_baseline_lambda_s_0,8,reporting_or_news_work,0.0,0.0
neural_baseline_lambda_s_0,8,research_publications,0.0,0.0
neural_baseline_lambda_s_0,8,scientific_or_lab_research,0.0,0.0
neural_baseline_lambda_s_0,8,software_development,0.0,0.0
neural_baseline_lambda_s_0,8,spouse_or_partner_mentions,0.0,0.0
neural_baseline_lambda_s_0,8,surgical_work,0.0,0.0
neural_baseline_lambda_s_0,8,teaching_or_instruction,0.0,0.0
neural_baseline_lambda_s_0,8,technical_infrastructure,0.0,0.0
neural_baseline_lambda_s_0,8,university_affiliation,0.0,0.0
neural_baseline_lambda_s_0,9,literary_writing,294.8,293.27325142262805
neural_baseline_lambda_s_0,9,health_or_wellness_work,279.4,382.83260049269575
neural_baseline_lambda_s_0,9,male_pronouns,251.0,121.66141541178945
neural_baseline_lambda_s_0,9,camera_or_photography_work,204.6,272.3018545658475
neural_baseline_lambda_s_0,9,legal_or_regulatory_work,185.6,150.27408292849435
neural_baseline_lambda_s_0,9,live_music_or_recording,131.8,112.56420390159565
neural_baseline_lambda_s_0,9,film_or_video_production,124.0,273.9306481575218
neural_baseline_lambda_s_0,9,design_work,98.6,117.34905197742331
neural_baseline_lambda_s_0,9,technical_or_engineering_work,95.2,212.87367145797998
neural_baseline_lambda_s_0,9,visual_art_practice,78.6,146.95169274288745
neural_baseline_lambda_s_0,9,nutrition_or_diet_guidance,78.2,88.6690475870808
neural_baseline_lambda_s_0,9,surgical_work,49.4,84.8752025034403
neural_baseline_lambda_s_0,9,mind_body_practice,41.6,90.8008810529942
neural_baseline_lambda_s_0,9,creative_or_artistic_work,39.2,87.65386471799177
neural_baseline_lambda_s_0,9,therapy_or_counseling,35.4,79.15680640349255
neural_baseline_lambda_s_0,9,female_pronouns,12.2,27.280029325497438
neural_baseline_lambda_s_0,9,clinical_care,0.4,0.8944271909999159
neural_baseline_lambda_s_0,9,advanced_degree_or_training,0.0,0.0
neural_baseline_lambda_s_0,9,appearance_or_body_presentation,0.0,0.0
neural_baseline_lambda_s_0,9,building_or_spatial_design,0.0,0.0
neural_baseline_lambda_s_0,9,business_or_client_service,0.0,0.0
neural_baseline_lambda_s_0,9,business_or_management_education,0.0,0.0
neural_baseline_lambda_s_0,9,celebrity_or_public_attention,0.0,0.0
neural_baseline_lambda_s_0,9,child_or_family_care_mentions,0.0,0.0
neural_baseline_lambda_s_0,9,classroom_instruction,0.0,0.0
neural_baseline_lambda_s_0,9,comedy_or_stage_performance,0.0,0.0
neural_baseline_lambda_s_0,9,dental_or_oral_health,0.0,0.0
neural_baseline_lambda_s_0,9,education_or_academic_work,0.0,0.0
neural_baseline_lambda_s_0,9,fashion_or_modeling_work,0.0,0.0
neural_baseline_lambda_s_0,9,female_gendered_titles,0.0,0.0
neural_baseline_lambda_s_0,9,financial_or_accounting_work,0.0,0.0
neural_baseline_lambda_s_0,9,fitness_instruction,0.0,0.0
neural_baseline_lambda_s_0,9,gendered_organization_or_award,0.0,0.0
neural_baseline_lambda_s_0,9,interior_or_decorative_design,0.0,0.0
neural_baseline_lambda_s_0,9,legal_practice,0.0,0.0
neural_baseline_lambda_s_0,9,legal_support_work,0.0,0.0
neural_baseline_lambda_s_0,9,male_gendered_titles,0.0,0.0
neural_baseline_lambda_s_0,9,management_or_leadership,0.0,0.0
neural_baseline_lambda_s_0,9,manual_body_treatment,0.0,0.0
neural_baseline_lambda_s_0,9,media_interviews_or_features,0.0,0.0
neural_baseline_lambda_s_0,9,media_or_publishing_work,0.0,0.0
neural_baseline_lambda_s_0,9,medical_training,0.0,0.0
neural_baseline_lambda_s_0,9,music_composition,0.0,0.0
neural_baseline_lambda_s_0,9,nursing_care,0.0,0.0
neural_baseline_lambda_s_0,9,online_public_presence,0.0,0.0
neural_baseline_lambda_s_0,9,organizational_role_or_administration,0.0,0.0
neural_baseline_lambda_s_0,9,parent_role_mentions,0.0,0.0
neural_baseline_lambda_s_0,9,public_presence_or_recognition,0.0,0.0
neural_baseline_lambda_s_0,9,public_speaking_or_events,0.0,0.0
neural_baseline_lambda_s_0,9,religious_ministry,0.0,0.0
neural_baseline_lambda_s_0,9,reporting_or_news_work,0.0,0.0
neural_baseline_lambda_s_0,9,research_publications,0.0,0.0
neural_baseline_lambda_s_0,9,scientific_or_lab_research,0.0,0.0
neural_baseline_lambda_s_0,9,software_development,0.0,0.0
neural_baseline_lambda_s_0,9,spouse_or_partner_mentions,0.0,0.0
neural_baseline_lambda_s_0,9,teaching_or_instruction,0.0,0.0
neural_baseline_lambda_s_0,9,technical_infrastructure,0.0,0.0
neural_baseline_lambda_s_0,9,university_affiliation,0.0,0.0
neural_baseline_lambda_s_0,10,legal_or_regulatory_work,632.2,287.51382575451913
neural_baseline_lambda_s_0,10,live_music_or_recording,220.4,262.7590150689411
neural_baseline_lambda_s_0,10,design_work,215.0,231.893294426553
neural_baseline_lambda_s_0,10,film_or_video_production,193.6,243.20629103705357
neural_baseline_lambda_s_0,10,male_pronouns,174.2,162.705869592956
neural_baseline_lambda_s_0,10,literary_writing,163.4,223.7516480386234
neural_baseline_lambda_s_0,10,mind_body_practice,87.6,103.4954105262644
neural_baseline_lambda_s_0,10,nursing_care,56.8,127.00866112198806
neural_baseline_lambda_s_0,10,camera_or_photography_work,50.6,85.46227237793295
neural_baseline_lambda_s_0,10,nutrition_or_diet_guidance,49.8,65.1436873380683
neural_baseline_lambda_s_0,10,technical_or_engineering_work,48.4,108.22569011098982
neural_baseline_lambda_s_0,10,creative_or_artistic_work,40.4,90.33714629099151
neural_baseline_lambda_s_0,10,surgical_work,33.4,53.5051399400095
neural_baseline_lambda_s_0,10,clinical_care,20.0,38.80077318817243
neural_baseline_lambda_s_0,10,therapy_or_counseling,12.0,26.832815729997478
neural_baseline_lambda_s_0,10,visual_art_practice,2.0,3.464101615137755
neural_baseline_lambda_s_0,10,medical_training,0.2,0.447213595499958
neural_baseline_lambda_s_0,10,advanced_degree_or_training,0.0,0.0
neural_baseline_lambda_s_0,10,appearance_or_body_presentation,0.0,0.0
neural_baseline_lambda_s_0,10,building_or_spatial_design,0.0,0.0
neural_baseline_lambda_s_0,10,business_or_client_service,0.0,0.0
neural_baseline_lambda_s_0,10,business_or_management_education,0.0,0.0
neural_baseline_lambda_s_0,10,celebrity_or_public_attention,0.0,0.0
neural_baseline_lambda_s_0,10,child_or_family_care_mentions,0.0,0.0
neural_baseline_lambda_s_0,10,classroom_instruction,0.0,0.0
neural_baseline_lambda_s_0,10,comedy_or_stage_performance,0.0,0.0
neural_baseline_lambda_s_0,10,dental_or_oral_health,0.0,0.0
neural_baseline_lambda_s_0,10,education_or_academic_work,0.0,0.0
neural_baseline_lambda_s_0,10,fashion_or_modeling_work,0.0,0.0
neural_baseline_lambda_s_0,10,female_gendered_titles,0.0,0.0
neural_baseline_lambda_s_0,10,female_pronouns,0.0,0.0
neural_baseline_lambda_s_0,10,financial_or_accounting_work,0.0,0.0
neural_baseline_lambda_s_0,10,fitness_instruction,0.0,0.0
neural_baseline_lambda_s_0,10,gendered_organization_or_award,0.0,0.0
neural_baseline_lambda_s_0,10,health_or_wellness_work,0.0,0.0
neural_baseline_lambda_s_0,10,interior_or_decorative_design,0.0,0.0
neural_baseline_lambda_s_0,10,legal_practice,0.0,0.0
neural_baseline_lambda_s_0,10,legal_support_work,0.0,0.0
neural_baseline_lambda_s_0,10,male_gendered_titles,0.0,0.0
neural_baseline_lambda_s_0,10,management_or_leadership,0.0,0.0
neural_baseline_lambda_s_0,10,manual_body_treatment,0.0,0.0
neural_baseline_lambda_s_0,10,media_interviews_or_features,0.0,0.0
neural_baseline_lambda_s_0,10,media_or_publishing_work,0.0,0.0
neural_baseline_lambda_s_0,10,music_composition,0.0,0.0
neural_baseline_lambda_s_0,10,online_public_presence,0.0,0.0
neural_baseline_lambda_s_0,10,organizational_role_or_administration,0.0,0.0
neural_baseline_lambda_s_0,10,parent_role_mentions,0.0,0.0
neural_baseline_lambda_s_0,10,public_presence_or_recognition,0.0,0.0
neural_baseline_lambda_s_0,10,public_speaking_or_events,0.0,0.0
neural_baseline_lambda_s_0,10,religious_ministry,0.0,0.0
neural_baseline_lambda_s_0,10,reporting_or_news_work,0.0,0.0
neural_baseline_lambda_s_0,10,research_publications,0.0,0.0
neural_baseline_lambda_s_0,10,scientific_or_lab_research,0.0,0.0
neural_baseline_lambda_s_0,10,software_development,0.0,0.0
neural_baseline_lambda_s_0,10,spouse_or_partner_mentions,0.0,0.0
neural_baseline_lambda_s_0,10,teaching_or_instruction,0.0,0.0
neural_baseline_lambda_s_0,10,technical_infrastructure,0.0,0.0
neural_baseline_lambda_s_0,10,university_affiliation,0.0,0.0
neural_baseline_lambda_s_0,11,male_pronouns,485.6,388.53223804466984
neural_baseline_lambda_s_0,11,clinical_care,395.2,260.7387581469238
neural_baseline_lambda_s_0,11,mind_body_practice,266.2,59.85983628444034
neural_baseline_lambda_s_0,11,camera_or_photography_work,264.8,360.91924304475646
neural_baseline_lambda_s_0,11,film_or_video_production,246.4,203.59837916840104
neural_baseline_lambda_s_0,11,design_work,78.6,99.07724259384696
neural_baseline_lambda_s_0,11,visual_art_practice,51.0,55.31726674375732
neural_baseline_lambda_s_0,11,surgical_work,48.4,73.5751316682478
neural_baseline_lambda_s_0,11,nutrition_or_diet_guidance,34.4,74.13029070494733
neural_baseline_lambda_s_0,11,live_music_or_recording,28.0,37.34300469967568
neural_baseline_lambda_s_0,11,therapy_or_counseling,24.6,55.00727224649483
neural_baseline_lambda_s_0,11,medical_training,24.2,31.56263613832026
neural_baseline_lambda_s_0,11,legal_or_regulatory_work,21.4,35.7673035047374
neural_baseline_lambda_s_0,11,media_or_publishing_work,15.2,33.988233257996804
neural_baseline_lambda_s_0,11,technical_or_engineering_work,11.8,26.385602134497518
neural_baseline_lambda_s_0,11,literary_writing,3.4,6.50384501660364
neural_baseline_lambda_s_0,11,dental_or_oral_health,0.8,1.0954451150103321
neural_baseline_lambda_s_0,11,advanced_degree_or_training,0.0,0.0
neural_baseline_lambda_s_0,11,appearance_or_body_presentation,0.0,0.0
neural_baseline_lambda_s_0,11,building_or_spatial_design,0.0,0.0
neural_baseline_lambda_s_0,11,business_or_client_service,0.0,0.0
neural_baseline_lambda_s_0,11,business_or_management_education,0.0,0.0
neural_baseline_lambda_s_0,11,celebrity_or_public_attention,0.0,0.0
neural_baseline_lambda_s_0,11,child_or_family_care_mentions,0.0,0.0
neural_baseline_lambda_s_0,11,classroom_instruction,0.0,0.0
neural_baseline_lambda_s_0,11,comedy_or_stage_performance,0.0,0.0
neural_baseline_lambda_s_0,11,creative_or_artistic_work,0.0,0.0
neural_baseline_lambda_s_0,11,education_or_academic_work,0.0,0.0
neural_baseline_lambda_s_0,11,fashion_or_modeling_work,0.0,0.0
neural_baseline_lambda_s_0,11,female_gendered_titles,0.0,0.0
neural_baseline_lambda_s_0,11,female_pronouns,0.0,0.0
neural_baseline_lambda_s_0,11,financial_or_accounting_work,0.0,0.0
neural_baseline_lambda_s_0,11,fitness_instruction,0.0,0.0
neural_baseline_lambda_s_0,11,gendered_organization_or_award,0.0,0.0
neural_baseline_lambda_s_0,11,health_or_wellness_work,0.0,0.0
neural_baseline_lambda_s_0,11,interior_or_decorative_design,0.0,0.0
neural_baseline_lambda_s_0,11,legal_practice,0.0,0.0
neural_baseline_lambda_s_0,11,legal_support_work,0.0,0.0
neural_baseline_lambda_s_0,11,male_gendered_titles,0.0,0.0
neural_baseline_lambda_s_0,11,management_or_leadership,0.0,0.0
neural_baseline_lambda_s_0,11,manual_body_treatment,0.0,0.0
neural_baseline_lambda_s_0,11,media_interviews_or_features,0.0,0.0
neural_baseline_lambda_s_0,11,music_composition,0.0,0.0
neural_baseline_lambda_s_0,11,nursing_care,0.0,0.0
neural_baseline_lambda_s_0,11,online_public_presence,0.0,0.0
neural_baseline_lambda_s_0,11,organizational_role_or_administration,0.0,0.0
neural_baseline_lambda_s_0,11,parent_role_mentions,0.0,0.0
neural_baseline_lambda_s_0,11,public_presence_or_recognition,0.0,0.0
neural_baseline_lambda_s_0,11,public_speaking_or_events,0.0,0.0
neural_baseline_lambda_s_0,11,religious_ministry,0.0,0.0
neural_baseline_lambda_s_0,11,reporting_or_news_work,0.0,0.0
neural_baseline_lambda_s_0,11,research_publications,0.0,0.0
neural_baseline_lambda_s_0,11,scientific_or_lab_research,0.0,0.0
neural_baseline_lambda_s_0,11,software_development,0.0,0.0
neural_baseline_lambda_s_0,11,spouse_or_partner_mentions,0.0,0.0
neural_baseline_lambda_s_0,11,teaching_or_instruction,0.0,0.0
neural_baseline_lambda_s_0,11,technical_infrastructure,0.0,0.0
neural_baseline_lambda_s_0,11,university_affiliation,0.0,0.0
neural_baseline_lambda_s_0,12,male_pronouns,790.4,482.7994407618965
neural_baseline_lambda_s_0,12,clinical_care,282.8,256.2239255026743
neural_baseline_lambda_s_0,12,mind_body_practice,175.0,86.53900854527974
neural_baseline_lambda_s_0,12,medical_training,171.4,116.42078852163817
neural_baseline_lambda_s_0,12,camera_or_photography_work,155.6,212.73763183790498
neural_baseline_lambda_s_0,12,film_or_video_production,115.6,104.26552642172771
neural_baseline_lambda_s_0,12,nutrition_or_diet_guidance,59.4,125.57189175926274
neural_baseline_lambda_s_0,12,legal_or_regulatory_work,51.4,97.44382997399066
neural_baseline_lambda_s_0,12,design_work,43.2,36.43761792433748
neural_baseline_lambda_s_0,12,live_music_or_recording,33.8,68.54341689761316
neural_baseline_lambda_s_0,12,teaching_or_instruction,28.2,63.05711696549407
neural_baseline_lambda_s_0,12,therapy_or_counseling,23.2,40.27033647736259
neural_baseline_lambda_s_0,12,visual_art_practice,15.2,20.1791972090071
neural_baseline_lambda_s_0,12,literary_writing,13.6,29.296757499764375
neural_baseline_lambda_s_0,12,fitness_instruction,12.8,28.621670111997307
neural_baseline_lambda_s_0,12,comedy_or_stage_performance,7.6,16.994116628998402
neural_baseline_lambda_s_0,12,nursing_care,6.0,8.860022573334675
neural_baseline_lambda_s_0,12,surgical_work,5.8,12.417729261020309
neural_baseline_lambda_s_0,12,building_or_spatial_design,3.0,6.708203932499369
neural_baseline_lambda_s_0,12,technical_or_engineering_work,2.8,5.718391382198319
neural_baseline_lambda_s_0,12,dental_or_oral_health,2.6,2.4083189157584592
neural_baseline_lambda_s_0,12,software_development,0.6,1.3416407864998738
neural_baseline_lambda_s_0,12,advanced_degree_or_training,0.0,0.0
neural_baseline_lambda_s_0,12,appearance_or_body_presentation,0.0,0.0
neural_baseline_lambda_s_0,12,business_or_client_service,0.0,0.0
neural_baseline_lambda_s_0,12,business_or_management_education,0.0,0.0
neural_baseline_lambda_s_0,12,celebrity_or_public_attention,0.0,0.0
neural_baseline_lambda_s_0,12,child_or_family_care_mentions,0.0,0.0
neural_baseline_lambda_s_0,12,classroom_instruction,0.0,0.0
neural_baseline_lambda_s_0,12,creative_or_artistic_work,0.0,0.0
neural_baseline_lambda_s_0,12,education_or_academic_work,0.0,0.0
neural_baseline_lambda_s_0,12,fashion_or_modeling_work,0.0,0.0
neural_baseline_lambda_s_0,12,female_gendered_titles,0.0,0.0
neural_baseline_lambda_s_0,12,female_pronouns,0.0,0.0
neural_baseline_lambda_s_0,12,financial_or_accounting_work,0.0,0.0
neural_baseline_lambda_s_0,12,gendered_organization_or_award,0.0,0.0
neural_baseline_lambda_s_0,12,health_or_wellness_work,0.0,0.0
neural_baseline_lambda_s_0,12,interior_or_decorative_design,0.0,0.0
neural_baseline_lambda_s_0,12,legal_practice,0.0,0.0
neural_baseline_lambda_s_0,12,legal_support_work,0.0,0.0
neural_baseline_lambda_s_0,12,male_gendered_titles,0.0,0.0
neural_baseline_lambda_s_0,12,management_or_leadership,0.0,0.0
neural_baseline_lambda_s_0,12,manual_body_treatment,0.0,0.0
neural_baseline_lambda_s_0,12,media_interviews_or_features,0.0,0.0
neural_baseline_lambda_s_0,12,media_or_publishing_work,0.0,0.0
neural_baseline_lambda_s_0,12,music_composition,0.0,0.0
neural_baseline_lambda_s_0,12,online_public_presence,0.0,0.0
neural_baseline_lambda_s_0,12,organizational_role_or_administration,0.0,0.0
neural_baseline_lambda_s_0,12,parent_role_mentions,0.0,0.0
neural_baseline_lambda_s_0,12,public_presence_or_recognition,0.0,0.0
neural_baseline_lambda_s_0,12,public_speaking_or_events,0.0,0.0
neural_baseline_lambda_s_0,12,religious_ministry,0.0,0.0
neural_baseline_lambda_s_0,12,reporting_or_news_work,0.0,0.0
neural_baseline_lambda_s_0,12,research_publications,0.0,0.0
neural_baseline_lambda_s_0,12,scientific_or_lab_research,0.0,0.0
neural_baseline_lambda_s_0,12,spouse_or_partner_mentions,0.0,0.0
neural_baseline_lambda_s_0,12,technical_infrastructure,0.0,0.0
neural_baseline_lambda_s_0,12,university_affiliation,0.0,0.0
neural_baseline_lambda_s_0,13,technical_or_engineering_work,473.8,482.96138562001
neural_baseline_lambda_s_0,13,media_or_publishing_work,172.8,302.1368895054028
neural_baseline_lambda_s_0,13,software_development,153.4,309.5202739724815
neural_baseline_lambda_s_0,13,camera_or_photography_work,136.6,181.3775068744744
neural_baseline_lambda_s_0,13,literary_writing,123.4,132.43224682833105
neural_baseline_lambda_s_0,13,visual_art_practice,112.8,122.76277937550942
neural_baseline_lambda_s_0,13,comedy_or_stage_performance,88.8,187.582515176655
neural_baseline_lambda_s_0,13,live_music_or_recording,88.8,145.31758324442367
neural_baseline_lambda_s_0,13,nutrition_or_diet_guidance,77.6,120.72820714315276
neural_baseline_lambda_s_0,13,dental_or_oral_health,76.4,143.45487095250547
neural_baseline_lambda_s_0,13,mind_body_practice,72.6,93.16812759737098
neural_baseline_lambda_s_0,13,therapy_or_counseling,67.2,119.1289217612583
neural_baseline_lambda_s_0,13,design_work,65.0,64.91147818375421
neural_baseline_lambda_s_0,13,nursing_care,61.6,136.0709373819406
neural_baseline_lambda_s_0,13,building_or_spatial_design,54.2,116.22908413990021
neural_baseline_lambda_s_0,13,fitness_instruction,52.4,65.46984038471454
neural_baseline_lambda_s_0,13,surgical_work,51.4,31.36558623714851
neural_baseline_lambda_s_0,13,film_or_video_production,17.8,38.69366873275265
neural_baseline_lambda_s_0,13,male_pronouns,17.8,29.354727046934023
neural_baseline_lambda_s_0,13,medical_training,15.6,20.181674856165927
neural_baseline_lambda_s_0,13,child_or_family_care_mentions,10.2,22.807893370497855
neural_baseline_lambda_s_0,13,clinical_care,5.0,7.280109889280519
neural_baseline_lambda_s_0,13,legal_or_regulatory_work,3.0,2.449489742783178
neural_baseline_lambda_s_0,13,education_or_academic_work,1.0,2.2360679774997894
neural_baseline_lambda_s_0,13,advanced_degree_or_training,0.4,0.8944271909999159
neural_baseline_lambda_s_0,13,teaching_or_instruction,0.4,0.8944271909999159
neural_baseline_lambda_s_0,13,appearance_or_body_presentation,0.0,0.0
neural_baseline_lambda_s_0,13,business_or_client_service,0.0,0.0
neural_baseline_lambda_s_0,13,business_or_management_education,0.0,0.0
neural_baseline_lambda_s_0,13,celebrity_or_public_attention,0.0,0.0
neural_baseline_lambda_s_0,13,classroom_instruction,0.0,0.0
neural_baseline_lambda_s_0,13,creative_or_artistic_work,0.0,0.0
neural_baseline_lambda_s_0,13,fashion_or_modeling_work,0.0,0.0
neural_baseline_lambda_s_0,13,female_gendered_titles,0.0,0.0
neural_baseline_lambda_s_0,13,female_pronouns,0.0,0.0
neural_baseline_lambda_s_0,13,financial_or_accounting_work,0.0,0.0
neural_baseline_lambda_s_0,13,gendered_organization_or_award,0.0,0.0
neural_baseline_lambda_s_0,13,health_or_wellness_work,0.0,0.0
neural_baseline_lambda_s_0,13,interior_or_decorative_design,0.0,0.0
neural_baseline_lambda_s_0,13,legal_practice,0.0,0.0
neural_baseline_lambda_s_0,13,legal_support_work,0.0,0.0
neural_baseline_lambda_s_0,13,male_gendered_titles,0.0,0.0
neural_baseline_lambda_s_0,13,management_or_leadership,0.0,0.0
neural_baseline_lambda_s_0,13,manual_body_treatment,0.0,0.0
neural_baseline_lambda_s_0,13,media_interviews_or_features,0.0,0.0
neural_baseline_lambda_s_0,13,music_composition,0.0,0.0
neural_baseline_lambda_s_0,13,online_public_presence,0.0,0.0
neural_baseline_lambda_s_0,13,organizational_role_or_administration,0.0,0.0
neural_baseline_lambda_s_0,13,parent_role_mentions,0.0,0.0
neural_baseline_lambda_s_0,13,public_presence_or_recognition,0.0,0.0
neural_baseline_lambda_s_0,13,public_speaking_or_events,0.0,0.0
neural_baseline_lambda_s_0,13,religious_ministry,0.0,0.0
neural_baseline_lambda_s_0,13,reporting_or_news_work,0.0,0.0
neural_baseline_lambda_s_0,13,research_publications,0.0,0.0
neural_baseline_lambda_s_0,13,scientific_or_lab_research,0.0,0.0
neural_baseline_lambda_s_0,13,spouse_or_partner_mentions,0.0,0.0
neural_baseline_lambda_s_0,13,technical_infrastructure,0.0,0.0
neural_baseline_lambda_s_0,13,university_affiliation,0.0,0.0
neural_baseline_lambda_s_0,14,software_development,213.6,373.28112730219834
neural_baseline_lambda_s_0,14,technical_or_engineering_work,168.2,225.3623748543665
neural_baseline_lambda_s_0,14,surgical_work,153.2,178.87202128896516
neural_baseline_lambda_s_0,14,camera_or_photography_work,149.0,327.0389885013712
neural_baseline_lambda_s_0,14,comedy_or_stage_performance,141.6,304.97917961723226
neural_baseline_lambda_s_0,14,mind_body_practice,137.4,131.794537064326
neural_baseline_lambda_s_0,14,building_or_spatial_design,128.2,191.57818247389235
neural_baseline_lambda_s_0,14,nutrition_or_diet_guidance,123.2,146.9071135105445
neural_baseline_lambda_s_0,14,dental_or_oral_health,112.6,153.48876180359264
neural_baseline_lambda_s_0,14,media_or_publishing_work,110.0,146.26517015338956
neural_baseline_lambda_s_0,14,medical_training,80.8,87.22786252110045
neural_baseline_lambda_s_0,14,design_work,69.6,116.01206833773804
neural_baseline_lambda_s_0,14,therapy_or_counseling,64.2,71.68821381510354
neural_baseline_lambda_s_0,14,fitness_instruction,48.2,104.99619040708096
neural_baseline_lambda_s_0,14,reporting_or_news_work,45.8,102.41191336949038
neural_baseline_lambda_s_0,14,fashion_or_modeling_work,41.2,92.12600067299132
neural_baseline_lambda_s_0,14,nursing_care,40.6,89.11677732054723
neural_baseline_lambda_s_0,14,literary_writing,39.4,65.26714334180714
neural_baseline_lambda_s_0,14,film_or_video_production,28.8,64.39875775199394
neural_baseline_lambda_s_0,14,advanced_degree_or_training,26.2,58.58498101049449
neural_baseline_lambda_s_0,14,child_or_family_care_mentions,16.8,37.56594202199647
neural_baseline_lambda_s_0,14,live_music_or_recording,12.2,22.895414388038493
neural_baseline_lambda_s_0,14,teaching_or_instruction,10.8,14.805404418657398
neural_baseline_lambda_s_0,14,education_or_academic_work,10.0,15.0996688705415
neural_baseline_lambda_s_0,14,visual_art_practice,9.4,16.087262041752165
neural_baseline_lambda_s_0,14,female_gendered_titles,8.8,19.677398201998148
neural_baseline_lambda_s_0,14,clinical_care,7.4,16.546903033498445
neural_baseline_lambda_s_0,14,legal_or_regulatory_work,2.2,2.588435821108957
neural_baseline_lambda_s_0,14,male_pronouns,0.4,0.8944271909999159
neural_baseline_lambda_s_0,14,parent_role_mentions,0.2,0.4472135954999579
neural_baseline_lambda_s_0,14,appearance_or_body_presentation,0.0,0.0
neural_baseline_lambda_s_0,14,business_or_client_service,0.0,0.0
neural_baseline_lambda_s_0,14,business_or_management_education,0.0,0.0
neural_baseline_lambda_s_0,14,celebrity_or_public_attention,0.0,0.0
neural_baseline_lambda_s_0,14,classroom_instruction,0.0,0.0
neural_baseline_lambda_s_0,14,creative_or_artistic_work,0.0,0.0
neural_baseline_lambda_s_0,14,female_pronouns,0.0,0.0
neural_baseline_lambda_s_0,14,financial_or_accounting_work,0.0,0.0
neural_baseline_lambda_s_0,14,gendered_organization_or_award,0.0,0.0
neural_baseline_lambda_s_0,14,health_or_wellness_work,0.0,0.0
neural_baseline_lambda_s_0,14,interior_or_decorative_design,0.0,0.0
neural_baseline_lambda_s_0,14,legal_practice,0.0,0.0
neural_baseline_lambda_s_0,14,legal_support_work,0.0,0.0
neural_baseline_lambda_s_0,14,male_gendered_titles,0.0,0.0
neural_baseline_lambda_s_0,14,management_or_leadership,0.0,0.0
neural_baseline_lambda_s_0,14,manual_body_treatment,0.0,0.0
neural_baseline_lambda_s_0,14,media_interviews_or_features,0.0,0.0
neural_baseline_lambda_s_0,14,music_composition,0.0,0.0
neural_baseline_lambda_s_0,14,online_public_presence,0.0,0.0
neural_baseline_lambda_s_0,14,organizational_role_or_administration,0.0,0.0
neural_baseline_lambda_s_0,14,public_presence_or_recognition,0.0,0.0
neural_baseline_lambda_s_0,14,public_speaking_or_events,0.0,0.0
neural_baseline_lambda_s_0,14,religious_ministry,0.0,0.0
neural_baseline_lambda_s_0,14,research_publications,0.0,0.0
neural_baseline_lambda_s_0,14,scientific_or_lab_research,0.0,0.0
neural_baseline_lambda_s_0,14,spouse_or_partner_mentions,0.0,0.0
neural_baseline_lambda_s_0,14,technical_infrastructure,0.0,0.0
neural_baseline_lambda_s_0,14,university_affiliation,0.0,0.0
neural_baseline_lambda_s_0,15,education_or_academic_work,197.6,419.82055690497106
neural_baseline_lambda_s_0,15,technical_or_engineering_work,151.8,116.00948237105449
neural_baseline_lambda_s_0,15,media_or_publishing_work,142.0,138.7786006558648
neural_baseline_lambda_s_0,15,building_or_spatial_design,131.6,221.43689846093852
neural_baseline_lambda_s_0,15,dental_or_oral_health,128.8,143.1352507246206
neural_baseline_lambda_s_0,15,teaching_or_instruction,123.6,111.34765376962372
neural_baseline_lambda_s_0,15,nutrition_or_diet_guidance,118.6,128.4865751742181
neural_baseline_lambda_s_0,15,camera_or_photography_work,113.2,154.55322707727586
neural_baseline_lambda_s_0,15,software_development,110.8,153.11988766976026
neural_baseline_lambda_s_0,15,comedy_or_stage_performance,104.6,223.89350146889035
neural_baseline_lambda_s_0,15,music_composition,96.8,216.45138022197963
neural_baseline_lambda_s_0,15,financial_or_accounting_work,65.6,146.6860593239862
neural_baseline_lambda_s_0,15,surgical_work,59.6,72.15469492694152
neural_baseline_lambda_s_0,15,visual_art_practice,58.4,52.52428009977862
neural_baseline_lambda_s_0,15,fitness_instruction,55.8,58.661742217564594
neural_baseline_lambda_s_0,15,literary_writing,50.0,78.87648572293266
neural_baseline_lambda_s_0,15,nursing_care,41.0,87.78952101475437
neural_baseline_lambda_s_0,15,mind_body_practice,35.0,47.66550115125194
neural_baseline_lambda_s_0,15,therapy_or_counseling,33.6,61.14572756947128
neural_baseline_lambda_s_0,15,film_or_video_production,25.6,35.02570484658374
neural_baseline_lambda_s_0,15,parent_role_mentions,24.8,55.45448584199479
neural_baseline_lambda_s_0,15,advanced_degree_or_training,23.8,53.218417864494995
neural_baseline_lambda_s_0,15,live_music_or_recording,19.6,25.667099563448925
neural_baseline_lambda_s_0,15,fashion_or_modeling_work,19.4,43.379718763495916
neural_baseline_lambda_s_0,15,child_or_family_care_mentions,16.0,35.77708763999664
neural_baseline_lambda_s_0,15,design_work,13.6,26.576305236055667
neural_baseline_lambda_s_0,15,female_gendered_titles,13.4,29.963310898497184
neural_baseline_lambda_s_0,15,medical_training,12.6,25.40275575601986
neural_baseline_lambda_s_0,15,legal_or_regulatory_work,10.8,23.59449088240727
neural_baseline_lambda_s_0,15,reporting_or_news_work,1.6,3.577708763999664
neural_baseline_lambda_s_0,15,male_pronouns,0.4,0.8944271909999159
neural_baseline_lambda_s_0,15,appearance_or_body_presentation,0.0,0.0
neural_baseline_lambda_s_0,15,business_or_client_service,0.0,0.0
neural_baseline_lambda_s_0,15,business_or_management_education,0.0,0.0
neural_baseline_lambda_s_0,15,celebrity_or_public_attention,0.0,0.0
neural_baseline_lambda_s_0,15,classroom_instruction,0.0,0.0
neural_baseline_lambda_s_0,15,clinical_care,0.0,0.0
neural_baseline_lambda_s_0,15,creative_or_artistic_work,0.0,0.0
neural_baseline_lambda_s_0,15,female_pronouns,0.0,0.0
neural_baseline_lambda_s_0,15,gendered_organization_or_award,0.0,0.0
neural_baseline_lambda_s_0,15,health_or_wellness_work,0.0,0.0
neural_baseline_lambda_s_0,15,interior_or_decorative_design,0.0,0.0
neural_baseline_lambda_s_0,15,legal_practice,0.0,0.0
neural_baseline_lambda_s_0,15,legal_support_work,0.0,0.0
neural_baseline_lambda_s_0,15,male_gendered_titles,0.0,0.0
neural_baseline_lambda_s_0,15,management_or_leadership,0.0,0.0
neural_baseline_lambda_s_0,15,manual_body_treatment,0.0,0.0
neural_baseline_lambda_s_0,15,media_interviews_or_features,0.0,0.0
neural_baseline_lambda_s_0,15,online_public_presence,0.0,0.0
neural_baseline_lambda_s_0,15,organizational_role_or_administration,0.0,0.0
neural_baseline_lambda_s_0,15,public_presence_or_recognition,0.0,0.0
neural_baseline_lambda_s_0,15,public_speaking_or_events,0.0,0.0
neural_baseline_lambda_s_0,15,religious_ministry,0.0,0.0
neural_baseline_lambda_s_0,15,research_publications,0.0,0.0
neural_baseline_lambda_s_0,15,scientific_or_lab_research,0.0,0.0
neural_baseline_lambda_s_0,15,spouse_or_partner_mentions,0.0,0.0
neural_baseline_lambda_s_0,15,technical_infrastructure,0.0,0.0
neural_baseline_lambda_s_0,15,university_affiliation,0.0,0.0
neural_baseline_lambda_s_0,16,media_or_publishing_work,398.4,169.92439495257884
neural_baseline_lambda_s_0,16,software_development,268.8,375.4886150071664
neural_baseline_lambda_s_0,16,building_or_spatial_design,185.2,263.9028230239306
neural_baseline_lambda_s_0,16,teaching_or_instruction,148.4,143.5768087122708
neural_baseline_lambda_s_0,16,medical_training,127.0,233.6835467036565
neural_baseline_lambda_s_0,16,technical_or_engineering_work,93.8,157.52841013607673
neural_baseline_lambda_s_0,16,fashion_or_modeling_work,90.0,201.24611797498108
neural_baseline_lambda_s_0,16,fitness_instruction,85.8,57.44736721556524
neural_baseline_lambda_s_0,16,financial_or_accounting_work,75.2,110.07134050242144
neural_baseline_lambda_s_0,16,therapy_or_counseling,67.0,61.22907805936653
neural_baseline_lambda_s_0,16,music_composition,59.6,87.01034421262796
neural_baseline_lambda_s_0,16,nursing_care,57.4,53.02640851500316
neural_baseline_lambda_s_0,16,education_or_academic_work,47.2,43.32666615376724
neural_baseline_lambda_s_0,16,female_gendered_titles,41.0,87.8179936004006
neural_baseline_lambda_s_0,16,dental_or_oral_health,39.6,26.500943379434627
neural_baseline_lambda_s_0,16,advanced_degree_or_training,33.8,75.57909763949289
neural_baseline_lambda_s_0,16,surgical_work,31.6,38.86901079266104
neural_baseline_lambda_s_0,16,nutrition_or_diet_guidance,18.0,13.946325680981353
neural_baseline_lambda_s_0,16,literary_writing,17.8,19.044684297724654
neural_baseline_lambda_s_0,16,visual_art_practice,16.2,21.77613372479146
neural_baseline_lambda_s_0,16,manual_body_treatment,15.0,33.54101966249684
neural_baseline_lambda_s_0,16,comedy_or_stage_performance,14.2,13.1224997618594
neural_baseline_lambda_s_0,16,live_music_or_recording,12.8,16.146206984923733
neural_baseline_lambda_s_0,16,spouse_or_partner_mentions,11.8,26.385602134497518
neural_baseline_lambda_s_0,16,public_presence_or_recognition,9.0,20.12461179749811
neural_baseline_lambda_s_0,16,design_work,8.8,18.019433953373785
neural_baseline_lambda_s_0,16,mind_body_practice,7.6,7.893034904268446
neural_baseline_lambda_s_0,16,organizational_role_or_administration,6.4,14.310835055998655
neural_baseline_lambda_s_0,16,legal_or_regulatory_work,3.8,6.870225614927067
neural_baseline_lambda_s_0,16,university_affiliation,2.2,4.919349550499537
neural_baseline_lambda_s_0,16,child_or_family_care_mentions,1.2,2.6832815729997477
neural_baseline_lambda_s_0,16,film_or_video_production,1.2,2.16794833886788
neural_baseline_lambda_s_0,16,parent_role_mentions,1.2,2.6832815729997477
neural_baseline_lambda_s_0,16,camera_or_photography_work,0.8,0.8366600265340756
neural_baseline_lambda_s_0,16,public_speaking_or_events,0.8,1.3038404810405297
neural_baseline_lambda_s_0,16,male_pronouns,0.6,1.3416407864998738
neural_baseline_lambda_s_0,16,reporting_or_news_work,0.6,1.3416407864998738
neural_baseline_lambda_s_0,16,legal_practice,0.2,0.447213595499958
neural_baseline_lambda_s_0,16,appearance_or_body_presentation,0.0,0.0
neural_baseline_lambda_s_0,16,business_or_client_service,0.0,0.0
neural_baseline_lambda_s_0,16,business_or_management_education,0.0,0.0
neural_baseline_lambda_s_0,16,celebrity_or_public_attention,0.0,0.0
neural_baseline_lambda_s_0,16,classroom_instruction,0.0,0.0
neural_baseline_lambda_s_0,16,clinical_care,0.0,0.0
neural_baseline_lambda_s_0,16,creative_or_artistic_work,0.0,0.0
neural_baseline_lambda_s_0,16,female_pronouns,0.0,0.0
neural_baseline_lambda_s_0,16,gendered_organization_or_award,0.0,0.0
neural_baseline_lambda_s_0,16,health_or_wellness_work,0.0,0.0
neural_baseline_lambda_s_0,16,interior_or_decorative_design,0.0,0.0
neural_baseline_lambda_s_0,16,legal_support_work,0.0,0.0
neural_baseline_lambda_s_0,16,male_gendered_titles,0.0,0.0
neural_baseline_lambda_s_0,16,management_or_leadership,0.0,0.0
neural_baseline_lambda_s_0,16,media_interviews_or_features,0.0,0.0
neural_baseline_lambda_s_0,16,online_public_presence,0.0,0.0
neural_baseline_lambda_s_0,16,religious_ministry,0.0,0.0
neural_baseline_lambda_s_0,16,research_publications,0.0,0.0
neural_baseline_lambda_s_0,16,scientific_or_lab_research,0.0,0.0
neural_baseline_lambda_s_0,16,technical_infrastructure,0.0,0.0
neural_baseline_lambda_s_0,17,media_or_publishing_work,288.0,237.11178798195587
neural_baseline_lambda_s_0,17,financial_or_accounting_work,179.0,296.00337835909914
neural_baseline_lambda_s_0,17,music_composition,176.6,237.7200033653037
neural_baseline_lambda_s_0,17,building_or_spatial_design,173.4,216.01458284106656
neural_baseline_lambda_s_0,17,mind_body_practice,121.4,117.4384945407595
neural_baseline_lambda_s_0,17,teaching_or_instruction,120.8,197.17428838466742
neural_baseline_lambda_s_0,17,legal_practice,76.8,171.73002067198385
neural_baseline_lambda_s_0,17,education_or_academic_work,71.0,78.27515570089912
neural_baseline_lambda_s_0,17,female_gendered_titles,69.2,84.52928486625213
neural_baseline_lambda_s_0,17,fashion_or_modeling_work,67.8,151.60540887448573
neural_baseline_lambda_s_0,17,surgical_work,60.0,92.45809861769817
neural_baseline_lambda_s_0,17,fitness_instruction,58.6,40.45120517364099
neural_baseline_lambda_s_0,17,software_development,51.4,62.00645127726631
neural_baseline_lambda_s_0,17,comedy_or_stage_performance,48.6,81.76062622069378
neural_baseline_lambda_s_0,17,public_speaking_or_events,39.2,74.46945682627207
neural_baseline_lambda_s_0,17,medical_training,38.8,53.20432313261771
neural_baseline_lambda_s_0,17,spouse_or_partner_mentions,37.4,83.62894235849213
neural_baseline_lambda_s_0,17,online_public_presence,34.6,77.36795202149273
neural_baseline_lambda_s_0,17,technical_or_engineering_work,32.6,45.18628110389258
neural_baseline_lambda_s_0,17,organizational_role_or_administration,28.2,63.05711696549407
neural_baseline_lambda_s_0,17,therapy_or_counseling,26.8,31.292171544972714
neural_baseline_lambda_s_0,17,design_work,24.4,35.47252457889063
neural_baseline_lambda_s_0,17,visual_art_practice,23.6,21.23205124334434
neural_baseline_lambda_s_0,17,advanced_degree_or_training,22.6,50.53513629149525
neural_baseline_lambda_s_0,17,camera_or_photography_work,20.4,43.41428336388843
neural_baseline_lambda_s_0,17,live_music_or_recording,18.6,24.182638400306942
neural_baseline_lambda_s_0,17,dental_or_oral_health,17.0,27.046256672597043
neural_baseline_lambda_s_0,17,parent_role_mentions,13.6,30.41052449399714
neural_baseline_lambda_s_0,17,public_presence_or_recognition,13.6,30.41052449399714
neural_baseline_lambda_s_0,17,film_or_video_production,13.4,17.126003620226175
neural_baseline_lambda_s_0,17,child_or_family_care_mentions,12.6,28.17445651649735
neural_baseline_lambda_s_0,17,reporting_or_news_work,7.4,16.546903033498445
neural_baseline_lambda_s_0,17,legal_or_regulatory_work,6.4,14.310835055998654
neural_baseline_lambda_s_0,17,nutrition_or_diet_guidance,2.6,1.9493588689617927
neural_baseline_lambda_s_0,17,manual_body_treatment,2.0,4.472135954999579
neural_baseline_lambda_s_0,17,literary_writing,1.4,1.949358868961793
neural_baseline_lambda_s_0,17,university_affiliation,0.2,0.4472135954999579
neural_baseline_lambda_s_0,17,appearance_or_body_presentation,0.0,0.0
neural_baseline_lambda_s_0,17,business_or_client_service,0.0,0.0
neural_baseline_lambda_s_0,17,business_or_management_education,0.0,0.0
neural_baseline_lambda_s_0,17,celebrity_or_public_attention,0.0,0.0
neural_baseline_lambda_s_0,17,classroom_instruction,0.0,0.0
neural_baseline_lambda_s_0,17,clinical_care,0.0,0.0
neural_baseline_lambda_s_0,17,creative_or_artistic_work,0.0,0.0
neural_baseline_lambda_s_0,17,female_pronouns,0.0,0.0
neural_baseline_lambda_s_0,17,gendered_organization_or_award,0.0,0.0
neural_baseline_lambda_s_0,17,health_or_wellness_work,0.0,0.0
neural_baseline_lambda_s_0,17,interior_or_decorative_design,0.0,0.0
neural_baseline_lambda_s_0,17,legal_support_work,0.0,0.0
neural_baseline_lambda_s_0,17,male_gendered_titles,0.0,0.0
neural_baseline_lambda_s_0,17,male_pronouns,0.0,0.0
neural_baseline_lambda_s_0,17,management_or_leadership,0.0,0.0
neural_baseline_lambda_s_0,17,media_interviews_or_features,0.0,0.0
neural_baseline_lambda_s_0,17,nursing_care,0.0,0.0
neural_baseline_lambda_s_0,17,religious_ministry,0.0,0.0
neural_baseline_lambda_s_0,17,research_publications,0.0,0.0
neural_baseline_lambda_s_0,17,scientific_or_lab_research,0.0,0.0
neural_baseline_lambda_s_0,17,technical_infrastructure,0.0,0.0
neural_baseline_lambda_s_0,18,teaching_or_instruction,226.4,265.13072247478226
neural_baseline_lambda_s_0,18,media_or_publishing_work,193.0,146.6253729748027
neural_baseline_lambda_s_0,18,comedy_or_stage_performance,179.8,143.8478362715269
neural_baseline_lambda_s_0,18,education_or_academic_work,178.6,202.31238222115817
neural_baseline_lambda_s_0,18,financial_or_accounting_work,153.8,155.40173744202477
neural_baseline_lambda_s_0,18,dental_or_oral_health,88.8,128.0359324564788
neural_baseline_lambda_s_0,18,software_development,87.4,142.1189642517845
neural_baseline_lambda_s_0,18,reporting_or_news_work,85.4,190.96020527848205
neural_baseline_lambda_s_0,18,mind_body_practice,76.4,67.27035008084916
neural_baseline_lambda_s_0,18,female_gendered_titles,65.4,109.06786877903134
neural_baseline_lambda_s_0,18,fitness_instruction,62.0,43.9829512424985
neural_baseline_lambda_s_0,18,organizational_role_or_administration,58.4,130.58636988598772
neural_baseline_lambda_s_0,18,spouse_or_partner_mentions,56.8,127.00866112198806
neural_baseline_lambda_s_0,18,music_composition,48.2,81.06910632293908
neural_baseline_lambda_s_0,18,manual_body_treatment,47.8,106.32591405673408
neural_baseline_lambda_s_0,18,technical_or_engineering_work,44.8,87.93008586371333
neural_baseline_lambda_s_0,18,building_or_spatial_design,42.0,75.85182924623506
neural_baseline_lambda_s_0,18,public_speaking_or_events,28.2,38.80979257867787
neural_baseline_lambda_s_0,18,therapy_or_counseling,27.2,54.751255693362864
neural_baseline_lambda_s_0,18,university_affiliation,26.0,52.206321456314086
neural_baseline_lambda_s_0,18,design_work,23.8,51.548035850069006
neural_baseline_lambda_s_0,18,legal_practice,23.8,52.10758102234261
neural_baseline_lambda_s_0,18,visual_art_practice,22.4,41.24681805909396
neural_baseline_lambda_s_0,18,live_music_or_recording,21.0,19.209372712298546
neural_baseline_lambda_s_0,18,medical_training,20.6,27.763285108214408
neural_baseline_lambda_s_0,18,camera_or_photography_work,19.6,39.43095230906806
neural_baseline_lambda_s_0,18,film_or_video_production,15.4,25.412595302329905
neural_baseline_lambda_s_0,18,scientific_or_lab_research,14.2,31.752165280497014
neural_baseline_lambda_s_0,18,online_public_presence,13.4,29.963310898497184
neural_baseline_lambda_s_0,18,literary_writing,12.8,21.51046257057249
neural_baseline_lambda_s_0,18,celebrity_or_public_attention,9.6,21.46625258399798
neural_baseline_lambda_s_0,18,nursing_care,7.6,16.44080290010193
neural_baseline_lambda_s_0,18,surgical_work,5.4,7.797435475847171
neural_baseline_lambda_s_0,18,fashion_or_modeling_work,3.8,4.764451699828639
neural_baseline_lambda_s_0,18,parent_role_mentions,3.0,6.708203932499369
neural_baseline_lambda_s_0,18,public_presence_or_recognition,2.4,4.8270073544588685
neural_baseline_lambda_s_0,18,child_or_family_care_mentions,2.0,2.7386127875258306
neural_baseline_lambda_s_0,18,legal_or_regulatory_work,1.0,1.0
neural_baseline_lambda_s_0,18,advanced_degree_or_training,0.8,1.7888543819998317
neural_baseline_lambda_s_0,18,nutrition_or_diet_guidance,0.8,1.3038404810405297
neural_baseline_lambda_s_0,18,business_or_client_service,0.2,0.447213595499958
neural_baseline_lambda_s_0,18,appearance_or_body_presentation,0.0,0.0
neural_baseline_lambda_s_0,18,business_or_management_education,0.0,0.0
neural_baseline_lambda_s_0,18,classroom_instruction,0.0,0.0
neural_baseline_lambda_s_0,18,clinical_care,0.0,0.0
neural_baseline_lambda_s_0,18,creative_or_artistic_work,0.0,0.0
neural_baseline_lambda_s_0,18,female_pronouns,0.0,0.0
neural_baseline_lambda_s_0,18,gendered_organization_or_award,0.0,0.0
neural_baseline_lambda_s_0,18,health_or_wellness_work,0.0,0.0
neural_baseline_lambda_s_0,18,interior_or_decorative_design,0.0,0.0
neural_baseline_lambda_s_0,18,legal_support_work,0.0,0.0
neural_baseline_lambda_s_0,18,male_gendered_titles,0.0,0.0
neural_baseline_lambda_s_0,18,male_pronouns,0.0,0.0
neural_baseline_lambda_s_0,18,management_or_leadership,0.0,0.0
neural_baseline_lambda_s_0,18,media_interviews_or_features,0.0,0.0
neural_baseline_lambda_s_0,18,religious_ministry,0.0,0.0
neural_baseline_lambda_s_0,18,research_publications,0.0,0.0
neural_baseline_lambda_s_0,18,technical_infrastructure,0.0,0.0
neural_baseline_lambda_s_0,19,education_or_academic_work,278.0,270.1656899015861
neural_baseline_lambda_s_0,19,public_speaking_or_events,249.4,432.14673433915937
neural_baseline_lambda_s_0,19,legal_practice,125.2,216.9393924578936
neural_baseline_lambda_s_0,19,teaching_or_instruction,110.2,116.79982876699778
neural_baseline_lambda_s_0,19,fashion_or_modeling_work,98.2,106.78576684184087
neural_baseline_lambda_s_0,19,financial_or_accounting_work,97.8,82.11090061617885
neural_baseline_lambda_s_0,19,scientific_or_lab_research,97.0,216.89859381747962
neural_baseline_lambda_s_0,19,media_or_publishing_work,90.4,76.81341028752728
neural_baseline_lambda_s_0,19,comedy_or_stage_performance,88.6,122.41445993018962
neural_baseline_lambda_s_0,19,technical_or_engineering_work,84.8,147.18253972533563
neural_baseline_lambda_s_0,19,mind_body_practice,74.8,131.77518734572152
neural_baseline_lambda_s_0,19,software_development,67.4,70.74814485200301
neural_baseline_lambda_s_0,19,spouse_or_partner_mentions,58.6,89.01572894719224
neural_baseline_lambda_s_0,19,building_or_spatial_design,53.4,73.77533463156911
neural_baseline_lambda_s_0,19,organizational_role_or_administration,47.8,106.88404932448995
neural_baseline_lambda_s_0,19,fitness_instruction,42.2,40.15843622453444
neural_baseline_lambda_s_0,19,dental_or_oral_health,40.6,80.58411754185809
neural_baseline_lambda_s_0,19,literary_writing,40.0,53.995370171895296
neural_baseline_lambda_s_0,19,nutrition_or_diet_guidance,38.4,52.07014499691738
neural_baseline_lambda_s_0,19,camera_or_photography_work,36.2,78.1549742498838
neural_baseline_lambda_s_0,19,university_affiliation,35.8,49.12433205652775
neural_baseline_lambda_s_0,19,female_gendered_titles,29.0,41.012193308819754
neural_baseline_lambda_s_0,19,child_or_family_care_mentions,23.0,48.14561246884289
neural_baseline_lambda_s_0,19,live_music_or_recording,19.6,25.442091109026396
neural_baseline_lambda_s_0,19,celebrity_or_public_attention,15.2,33.988233257996804
neural_baseline_lambda_s_0,19,surgical_work,12.4,18.132843130629016
neural_baseline_lambda_s_0,19,film_or_video_production,11.2,21.787611158637837
neural_baseline_lambda_s_0,19,music_composition,9.0,9.669539802906858
neural_baseline_lambda_s_0,19,therapy_or_counseling,6.0,4.898979485566356
neural_baseline_lambda_s_0,19,medical_training,4.6,6.841052550594828
neural_baseline_lambda_s_0,19,public_presence_or_recognition,4.0,5.656854249492381
neural_baseline_lambda_s_0,19,nursing_care,1.6,2.5099800796022267
neural_baseline_lambda_s_0,19,religious_ministry,1.6,3.5777087639996634
neural_baseline_lambda_s_0,19,legal_or_regulatory_work,1.4,3.1304951684997055
neural_baseline_lambda_s_0,19,manual_body_treatment,1.2,2.16794833886788
neural_baseline_lambda_s_0,19,online_public_presence,1.0,2.2360679774997894
neural_baseline_lambda_s_0,19,parent_role_mentions,1.0,2.23606797749979
neural_baseline_lambda_s_0,19,visual_art_practice,1.0,2.2360679774997894
neural_baseline_lambda_s_0,19,business_or_client_service,0.6,1.3416407864998738
neural_baseline_lambda_s_0,19,design_work,0.6,0.8944271909999159
neural_baseline_lambda_s_0,19,reporting_or_news_work,0.6,1.3416407864998738
neural_baseline_lambda_s_0,19,advanced_degree_or_training,0.4,0.5477225575051661
neural_baseline_lambda_s_0,19,gendered_organization_or_award,0.2,0.447213595499958
neural_baseline_lambda_s_0,19,appearance_or_body_presentation,0.0,0.0
neural_baseline_lambda_s_0,19,business_or_management_education,0.0,0.0
neural_baseline_lambda_s_0,19,classroom_instruction,0.0,0.0
neural_baseline_lambda_s_0,19,clinical_care,0.0,0.0
neural_baseline_lambda_s_0,19,creative_or_artistic_work,0.0,0.0
neural_baseline_lambda_s_0,19,female_pronouns,0.0,0.0
neural_baseline_lambda_s_0,19,health_or_wellness_work,0.0,0.0
neural_baseline_lambda_s_0,19,interior_or_decorative_design,0.0,0.0
neural_baseline_lambda_s_0,19,legal_support_work,0.0,0.0
neural_baseline_lambda_s_0,19,male_gendered_titles,0.0,0.0
neural_baseline_lambda_s_0,19,male_pronouns,0.0,0.0
neural_baseline_lambda_s_0,19,management_or_leadership,0.0,0.0
neural_baseline_lambda_s_0,19,media_interviews_or_features,0.0,0.0
neural_baseline_lambda_s_0,19,research_publications,0.0,0.0
neural_baseline_lambda_s_0,19,technical_infrastructure,0.0,0.0
neural_baseline_lambda_s_0,20,financial_or_accounting_work,180.0,306.4661482121639
neural_baseline_lambda_s_0,20,software_development,177.8,217.11678884876682
neural_baseline_lambda_s_0,20,education_or_academic_work,167.4,138.5543214771737
neural_baseline_lambda_s_0,20,child_or_family_care_mentions,129.0,271.99264695943526
neural_baseline_lambda_s_0,20,mind_body_practice,126.6,146.33113134258207
neural_baseline_lambda_s_0,20,legal_practice,118.8,153.4460817355725
neural_baseline_lambda_s_0,20,comedy_or_stage_performance,74.8,120.3357802151962
neural_baseline_lambda_s_0,20,fashion_or_modeling_work,72.2,88.38947901192766
neural_baseline_lambda_s_0,20,media_or_publishing_work,66.2,83.70005973713519
neural_baseline_lambda_s_0,20,technical_or_engineering_work,66.0,100.65038499677983
neural_baseline_lambda_s_0,20,spouse_or_partner_mentions,63.6,132.88453634640865
neural_baseline_lambda_s_0,20,scientific_or_lab_research,58.6,131.03358348148768
neural_baseline_lambda_s_0,20,public_speaking_or_events,57.2,78.52833883382482
neural_baseline_lambda_s_0,20,gendered_organization_or_award,55.8,123.6575917604738
neural_baseline_lambda_s_0,20,manual_body_treatment,54.2,100.81765718365014
neural_baseline_lambda_s_0,20,building_or_spatial_design,50.2,37.58590161217368
neural_baseline_lambda_s_0,20,public_presence_or_recognition,49.2,72.79560426289488
neural_baseline_lambda_s_0,20,teaching_or_instruction,49.2,61.19803918427452
neural_baseline_lambda_s_0,20,fitness_instruction,35.4,47.579407310306
neural_baseline_lambda_s_0,20,surgical_work,34.2,49.33761242703177
neural_baseline_lambda_s_0,20,nursing_care,33.4,74.68467044849298
neural_baseline_lambda_s_0,20,music_composition,32.0,60.054142238483436
neural_baseline_lambda_s_0,20,nutrition_or_diet_guidance,28.8,43.00813876465709
neural_baseline_lambda_s_0,20,business_or_management_education,24.8,55.45448584199479
neural_baseline_lambda_s_0,20,management_or_leadership,24.2,54.11284505549491
neural_baseline_lambda_s_0,20,film_or_video_production,21.8,47.07122263124254
neural_baseline_lambda_s_0,20,organizational_role_or_administration,19.2,42.93250516799596
neural_baseline_lambda_s_0,20,technical_infrastructure,16.4,36.67151483099655
neural_baseline_lambda_s_0,20,live_music_or_recording,14.0,19.987496091306685
neural_baseline_lambda_s_0,20,female_gendered_titles,13.0,18.083141320025124
neural_baseline_lambda_s_0,20,parent_role_mentions,12.0,26.832815729997478
neural_baseline_lambda_s_0,20,therapy_or_counseling,11.0,11.180339887498949
neural_baseline_lambda_s_0,20,advanced_degree_or_training,9.8,21.913466179497938
neural_baseline_lambda_s_0,20,business_or_client_service,9.2,20.571825392998065
neural_baseline_lambda_s_0,20,literary_writing,7.8,10.686440005914037
neural_baseline_lambda_s_0,20,online_public_presence,7.4,16.546903033498445
neural_baseline_lambda_s_0,20,camera_or_photography_work,5.6,7.602631123499285
neural_baseline_lambda_s_0,20,interior_or_decorative_design,4.8,10.73312629199899
neural_baseline_lambda_s_0,20,design_work,4.4,8.734987120768983
neural_baseline_lambda_s_0,20,religious_ministry,4.4,6.6558245169174945
neural_baseline_lambda_s_0,20,medical_training,3.8,5.495452665613635
neural_baseline_lambda_s_0,20,dental_or_oral_health,2.4,3.361547262794322
neural_baseline_lambda_s_0,20,university_affiliation,1.4,1.9493588689617927
neural_baseline_lambda_s_0,20,research_publications,1.2,2.6832815729997477
neural_baseline_lambda_s_0,20,reporting_or_news_work,0.4,0.894427190999916
neural_baseline_lambda_s_0,20,celebrity_or_public_attention,0.2,0.4472135954999579
neural_baseline_lambda_s_0,20,legal_or_regulatory_work,0.2,0.4472135954999579
neural_baseline_lambda_s_0,20,appearance_or_body_presentation,0.0,0.0
neural_baseline_lambda_s_0,20,classroom_instruction,0.0,0.0
neural_baseline_lambda_s_0,20,clinical_care,0.0,0.0
neural_baseline_lambda_s_0,20,creative_or_artistic_work,0.0,0.0
neural_baseline_lambda_s_0,20,female_pronouns,0.0,0.0
neural_baseline_lambda_s_0,20,health_or_wellness_work,0.0,0.0
neural_baseline_lambda_s_0,20,legal_support_work,0.0,0.0
neural_baseline_lambda_s_0,20,male_gendered_titles,0.0,0.0
neural_baseline_lambda_s_0,20,male_pronouns,0.0,0.0
neural_baseline_lambda_s_0,20,media_interviews_or_features,0.0,0.0
neural_baseline_lambda_s_0,20,visual_art_practice,0.0,0.0
neural_claq_lambda_s_0_4,1,health_or_wellness_work,1200.0,1095.4451150103323
neural_claq_lambda_s_0_4,1,creative_or_artistic_work,800.0,1095.4451150103323
neural_claq_lambda_s_0_4,1,advanced_degree_or_training,0.0,0.0
neural_claq_lambda_s_0_4,1,appearance_or_body_presentation,0.0,0.0
neural_claq_lambda_s_0_4,1,building_or_spatial_design,0.0,0.0
neural_claq_lambda_s_0_4,1,business_or_client_service,0.0,0.0
neural_claq_lambda_s_0_4,1,business_or_management_education,0.0,0.0
neural_claq_lambda_s_0_4,1,camera_or_photography_work,0.0,0.0
neural_claq_lambda_s_0_4,1,celebrity_or_public_attention,0.0,0.0
neural_claq_lambda_s_0_4,1,child_or_family_care_mentions,0.0,0.0
neural_claq_lambda_s_0_4,1,classroom_instruction,0.0,0.0
neural_claq_lambda_s_0_4,1,clinical_care,0.0,0.0
neural_claq_lambda_s_0_4,1,comedy_or_stage_performance,0.0,0.0
neural_claq_lambda_s_0_4,1,dental_or_oral_health,0.0,0.0
neural_claq_lambda_s_0_4,1,design_work,0.0,0.0
neural_claq_lambda_s_0_4,1,education_or_academic_work,0.0,0.0
neural_claq_lambda_s_0_4,1,fashion_or_modeling_work,0.0,0.0
neural_claq_lambda_s_0_4,1,female_gendered_titles,0.0,0.0
neural_claq_lambda_s_0_4,1,female_pronouns,0.0,0.0
neural_claq_lambda_s_0_4,1,film_or_video_production,0.0,0.0
neural_claq_lambda_s_0_4,1,financial_or_accounting_work,0.0,0.0
neural_claq_lambda_s_0_4,1,fitness_instruction,0.0,0.0
neural_claq_lambda_s_0_4,1,gendered_organization_or_award,0.0,0.0
neural_claq_lambda_s_0_4,1,interior_or_decorative_design,0.0,0.0
neural_claq_lambda_s_0_4,1,legal_or_regulatory_work,0.0,0.0
neural_claq_lambda_s_0_4,1,legal_practice,0.0,0.0
neural_claq_lambda_s_0_4,1,legal_support_work,0.0,0.0
neural_claq_lambda_s_0_4,1,literary_writing,0.0,0.0
neural_claq_lambda_s_0_4,1,live_music_or_recording,0.0,0.0
neural_claq_lambda_s_0_4,1,male_gendered_titles,0.0,0.0
neural_claq_lambda_s_0_4,1,male_pronouns,0.0,0.0
neural_claq_lambda_s_0_4,1,management_or_leadership,0.0,0.0
neural_claq_lambda_s_0_4,1,manual_body_treatment,0.0,0.0
neural_claq_lambda_s_0_4,1,media_interviews_or_features,0.0,0.0
neural_claq_lambda_s_0_4,1,media_or_publishing_work,0.0,0.0
neural_claq_lambda_s_0_4,1,medical_training,0.0,0.0
neural_claq_lambda_s_0_4,1,mind_body_practice,0.0,0.0
neural_claq_lambda_s_0_4,1,music_composition,0.0,0.0
neural_claq_lambda_s_0_4,1,nursing_care,0.0,0.0
neural_claq_lambda_s_0_4,1,nutrition_or_diet_guidance,0.0,0.0
neural_claq_lambda_s_0_4,1,online_public_presence,0.0,0.0
neural_claq_lambda_s_0_4,1,organizational_role_or_administration,0.0,0.0
neural_claq_lambda_s_0_4,1,parent_role_mentions,0.0,0.0
neural_claq_lambda_s_0_4,1,public_presence_or_recognition,0.0,0.0
neural_claq_lambda_s_0_4,1,public_speaking_or_events,0.0,0.0
neural_claq_lambda_s_0_4,1,religious_ministry,0.0,0.0
neural_claq_lambda_s_0_4,1,reporting_or_news_work,0.0,0.0
neural_claq_lambda_s_0_4,1,research_publications,0.0,0.0
neural_claq_lambda_s_0_4,1,scientific_or_lab_research,0.0,0.0
neural_claq_lambda_s_0_4,1,software_development,0.0,0.0
neural_claq_lambda_s_0_4,1,spouse_or_partner_mentions,0.0,0.0
neural_claq_lambda_s_0_4,1,surgical_work,0.0,0.0
neural_claq_lambda_s_0_4,1,teaching_or_instruction,0.0,0.0
neural_claq_lambda_s_0_4,1,technical_infrastructure,0.0,0.0
neural_claq_lambda_s_0_4,1,technical_or_engineering_work,0.0,0.0
neural_claq_lambda_s_0_4,1,therapy_or_counseling,0.0,0.0
neural_claq_lambda_s_0_4,1,university_affiliation,0.0,0.0
neural_claq_lambda_s_0_4,1,visual_art_practice,0.0,0.0
neural_claq_lambda_s_0_4,2,clinical_care,497.2,532.0462385920983
neural_claq_lambda_s_0_4,2,creative_or_artistic_work,279.6,625.2046065089412
neural_claq_lambda_s_0_4,2,legal_or_regulatory_work,279.6,625.2046065089412
neural_claq_lambda_s_0_4,2,visual_art_practice,279.6,625.2046065089412
neural_claq_lambda_s_0_4,2,health_or_wellness_work,256.4,573.327829430946
neural_claq_lambda_s_0_4,2,literary_writing,143.6,321.0993615689698
neural_claq_lambda_s_0_4,2,live_music_or_recording,143.6,321.09936156896975
neural_claq_lambda_s_0_4,2,dental_or_oral_health,120.4,269.22258449097467
neural_claq_lambda_s_0_4,2,advanced_degree_or_training,0.0,0.0
neural_claq_lambda_s_0_4,2,appearance_or_body_presentation,0.0,0.0
neural_claq_lambda_s_0_4,2,building_or_spatial_design,0.0,0.0
neural_claq_lambda_s_0_4,2,business_or_client_service,0.0,0.0
neural_claq_lambda_s_0_4,2,business_or_management_education,0.0,0.0
neural_claq_lambda_s_0_4,2,camera_or_photography_work,0.0,0.0
neural_claq_lambda_s_0_4,2,celebrity_or_public_attention,0.0,0.0
neural_claq_lambda_s_0_4,2,child_or_family_care_mentions,0.0,0.0
neural_claq_lambda_s_0_4,2,classroom_instruction,0.0,0.0
neural_claq_lambda_s_0_4,2,comedy_or_stage_performance,0.0,0.0
neural_claq_lambda_s_0_4,2,design_work,0.0,0.0
neural_claq_lambda_s_0_4,2,education_or_academic_work,0.0,0.0
neural_claq_lambda_s_0_4,2,fashion_or_modeling_work,0.0,0.0
neural_claq_lambda_s_0_4,2,female_gendered_titles,0.0,0.0
neural_claq_lambda_s_0_4,2,female_pronouns,0.0,0.0
neural_claq_lambda_s_0_4,2,film_or_video_production,0.0,0.0
neural_claq_lambda_s_0_4,2,financial_or_accounting_work,0.0,0.0
neural_claq_lambda_s_0_4,2,fitness_instruction,0.0,0.0
neural_claq_lambda_s_0_4,2,gendered_organization_or_award,0.0,0.0
neural_claq_lambda_s_0_4,2,interior_or_decorative_design,0.0,0.0
neural_claq_lambda_s_0_4,2,legal_practice,0.0,0.0
neural_claq_lambda_s_0_4,2,legal_support_work,0.0,0.0
neural_claq_lambda_s_0_4,2,male_gendered_titles,0.0,0.0
neural_claq_lambda_s_0_4,2,male_pronouns,0.0,0.0
neural_claq_lambda_s_0_4,2,management_or_leadership,0.0,0.0
neural_claq_lambda_s_0_4,2,manual_body_treatment,0.0,0.0
neural_claq_lambda_s_0_4,2,media_interviews_or_features,0.0,0.0
neural_claq_lambda_s_0_4,2,media_or_publishing_work,0.0,0.0
neural_claq_lambda_s_0_4,2,medical_training,0.0,0.0
neural_claq_lambda_s_0_4,2,mind_body_practice,0.0,0.0
neural_claq_lambda_s_0_4,2,music_composition,0.0,0.0
neural_claq_lambda_s_0_4,2,nursing_care,0.0,0.0
neural_claq_lambda_s_0_4,2,nutrition_or_diet_guidance,0.0,0.0
neural_claq_lambda_s_0_4,2,online_public_presence,0.0,0.0
neural_claq_lambda_s_0_4,2,organizational_role_or_administration,0.0,0.0
neural_claq_lambda_s_0_4,2,parent_role_mentions,0.0,0.0
neural_claq_lambda_s_0_4,2,public_presence_or_recognition,0.0,0.0
neural_claq_lambda_s_0_4,2,public_speaking_or_events,0.0,0.0
neural_claq_lambda_s_0_4,2,religious_ministry,0.0,0.0
neural_claq_lambda_s_0_4,2,reporting_or_news_work,0.0,0.0
neural_claq_lambda_s_0_4,2,research_publications,0.0,0.0
neural_claq_lambda_s_0_4,2,scientific_or_lab_research,0.0,0.0
neural_claq_lambda_s_0_4,2,software_development,0.0,0.0
neural_claq_lambda_s_0_4,2,spouse_or_partner_mentions,0.0,0.0
neural_claq_lambda_s_0_4,2,surgical_work,0.0,0.0
neural_claq_lambda_s_0_4,2,teaching_or_instruction,0.0,0.0
neural_claq_lambda_s_0_4,2,technical_infrastructure,0.0,0.0
neural_claq_lambda_s_0_4,2,technical_or_engineering_work,0.0,0.0
neural_claq_lambda_s_0_4,2,therapy_or_counseling,0.0,0.0
neural_claq_lambda_s_0_4,2,university_affiliation,0.0,0.0
neural_claq_lambda_s_0_4,3,creative_or_artistic_work,559.2,765.7161353922222
neural_claq_lambda_s_0_4,3,visual_art_practice,284.8,390.001538458504
neural_claq_lambda_s_0_4,3,legal_or_regulatory_work,276.8,379.024009793575
neural_claq_lambda_s_0_4,3,dental_or_oral_health,201.4,200.77051576364494
neural_claq_lambda_s_0_4,3,health_or_wellness_work,175.4,392.2063232534631
neural_claq_lambda_s_0_4,3,design_work,143.6,321.0993615689698
neural_claq_lambda_s_0_4,3,clinical_care,120.4,269.22258449097467
neural_claq_lambda_s_0_4,3,mind_body_practice,118.0,263.8560213449752
neural_claq_lambda_s_0_4,3,nursing_care,79.6,177.99101100898326
neural_claq_lambda_s_0_4,3,nutrition_or_diet_guidance,40.8,91.23157348199142
neural_claq_lambda_s_0_4,3,advanced_degree_or_training,0.0,0.0
neural_claq_lambda_s_0_4,3,appearance_or_body_presentation,0.0,0.0
neural_claq_lambda_s_0_4,3,building_or_spatial_design,0.0,0.0
neural_claq_lambda_s_0_4,3,business_or_client_service,0.0,0.0
neural_claq_lambda_s_0_4,3,business_or_management_education,0.0,0.0
neural_claq_lambda_s_0_4,3,camera_or_photography_work,0.0,0.0
neural_claq_lambda_s_0_4,3,celebrity_or_public_attention,0.0,0.0
neural_claq_lambda_s_0_4,3,child_or_family_care_mentions,0.0,0.0
neural_claq_lambda_s_0_4,3,classroom_instruction,0.0,0.0
neural_claq_lambda_s_0_4,3,comedy_or_stage_performance,0.0,0.0
neural_claq_lambda_s_0_4,3,education_or_academic_work,0.0,0.0
neural_claq_lambda_s_0_4,3,fashion_or_modeling_work,0.0,0.0
neural_claq_lambda_s_0_4,3,female_gendered_titles,0.0,0.0
neural_claq_lambda_s_0_4,3,female_pronouns,0.0,0.0
neural_claq_lambda_s_0_4,3,film_or_video_production,0.0,0.0
neural_claq_lambda_s_0_4,3,financial_or_accounting_work,0.0,0.0
neural_claq_lambda_s_0_4,3,fitness_instruction,0.0,0.0
neural_claq_lambda_s_0_4,3,gendered_organization_or_award,0.0,0.0
neural_claq_lambda_s_0_4,3,interior_or_decorative_design,0.0,0.0
neural_claq_lambda_s_0_4,3,legal_practice,0.0,0.0
neural_claq_lambda_s_0_4,3,legal_support_work,0.0,0.0
neural_claq_lambda_s_0_4,3,literary_writing,0.0,0.0
neural_claq_lambda_s_0_4,3,live_music_or_recording,0.0,0.0
neural_claq_lambda_s_0_4,3,male_gendered_titles,0.0,0.0
neural_claq_lambda_s_0_4,3,male_pronouns,0.0,0.0
neural_claq_lambda_s_0_4,3,management_or_leadership,0.0,0.0
neural_claq_lambda_s_0_4,3,manual_body_treatment,0.0,0.0
neural_claq_lambda_s_0_4,3,media_interviews_or_features,0.0,0.0
neural_claq_lambda_s_0_4,3,media_or_publishing_work,0.0,0.0
neural_claq_lambda_s_0_4,3,medical_training,0.0,0.0
neural_claq_lambda_s_0_4,3,music_composition,0.0,0.0
neural_claq_lambda_s_0_4,3,online_public_presence,0.0,0.0
neural_claq_lambda_s_0_4,3,organizational_role_or_administration,0.0,0.0
neural_claq_lambda_s_0_4,3,parent_role_mentions,0.0,0.0
neural_claq_lambda_s_0_4,3,public_presence_or_recognition,0.0,0.0
neural_claq_lambda_s_0_4,3,public_speaking_or_events,0.0,0.0
neural_claq_lambda_s_0_4,3,religious_ministry,0.0,0.0
neural_claq_lambda_s_0_4,3,reporting_or_news_work,0.0,0.0
neural_claq_lambda_s_0_4,3,research_publications,0.0,0.0
neural_claq_lambda_s_0_4,3,scientific_or_lab_research,0.0,0.0
neural_claq_lambda_s_0_4,3,software_development,0.0,0.0
neural_claq_lambda_s_0_4,3,spouse_or_partner_mentions,0.0,0.0
neural_claq_lambda_s_0_4,3,surgical_work,0.0,0.0
neural_claq_lambda_s_0_4,3,teaching_or_instruction,0.0,0.0
neural_claq_lambda_s_0_4,3,technical_infrastructure,0.0,0.0
neural_claq_lambda_s_0_4,3,technical_or_engineering_work,0.0,0.0
neural_claq_lambda_s_0_4,3,therapy_or_counseling,0.0,0.0
neural_claq_lambda_s_0_4,3,university_affiliation,0.0,0.0
neural_claq_lambda_s_0_4,4,technical_or_engineering_work,413.4,377.39872813776145
neural_claq_lambda_s_0_4,4,nursing_care,281.0,178.6365024288149
neural_claq_lambda_s_0_4,4,visual_art_practice,260.4,358.6820318889699
neural_claq_lambda_s_0_4,4,design_work,256.6,573.7750430264459
neural_claq_lambda_s_0_4,4,legal_or_regulatory_work,177.2,299.791927843296
neural_claq_lambda_s_0_4,4,film_or_video_production,165.6,306.6770288104409
neural_claq_lambda_s_0_4,4,literary_writing,143.6,321.09936156896975
neural_claq_lambda_s_0_4,4,dental_or_oral_health,120.4,178.56315409400676
neural_claq_lambda_s_0_4,4,clinical_care,118.0,263.8560213449752
neural_claq_lambda_s_0_4,4,creative_or_artistic_work,40.8,91.23157348199142
neural_claq_lambda_s_0_4,4,camera_or_photography_work,23.0,51.42956348249516
neural_claq_lambda_s_0_4,4,advanced_degree_or_training,0.0,0.0
neural_claq_lambda_s_0_4,4,appearance_or_body_presentation,0.0,0.0
neural_claq_lambda_s_0_4,4,building_or_spatial_design,0.0,0.0
neural_claq_lambda_s_0_4,4,business_or_client_service,0.0,0.0
neural_claq_lambda_s_0_4,4,business_or_management_education,0.0,0.0
neural_claq_lambda_s_0_4,4,celebrity_or_public_attention,0.0,0.0
neural_claq_lambda_s_0_4,4,child_or_family_care_mentions,0.0,0.0
neural_claq_lambda_s_0_4,4,classroom_instruction,0.0,0.0
neural_claq_lambda_s_0_4,4,comedy_or_stage_performance,0.0,0.0
neural_claq_lambda_s_0_4,4,education_or_academic_work,0.0,0.0
neural_claq_lambda_s_0_4,4,fashion_or_modeling_work,0.0,0.0
neural_claq_lambda_s_0_4,4,female_gendered_titles,0.0,0.0
neural_claq_lambda_s_0_4,4,female_pronouns,0.0,0.0
neural_claq_lambda_s_0_4,4,financial_or_accounting_work,0.0,0.0
neural_claq_lambda_s_0_4,4,fitness_instruction,0.0,0.0
neural_claq_lambda_s_0_4,4,gendered_organization_or_award,0.0,0.0
neural_claq_lambda_s_0_4,4,health_or_wellness_work,0.0,0.0
neural_claq_lambda_s_0_4,4,interior_or_decorative_design,0.0,0.0
neural_claq_lambda_s_0_4,4,legal_practice,0.0,0.0
neural_claq_lambda_s_0_4,4,legal_support_work,0.0,0.0
neural_claq_lambda_s_0_4,4,live_music_or_recording,0.0,0.0
neural_claq_lambda_s_0_4,4,male_gendered_titles,0.0,0.0
neural_claq_lambda_s_0_4,4,male_pronouns,0.0,0.0
neural_claq_lambda_s_0_4,4,management_or_leadership,0.0,0.0
neural_claq_lambda_s_0_4,4,manual_body_treatment,0.0,0.0
neural_claq_lambda_s_0_4,4,media_interviews_or_features,0.0,0.0
neural_claq_lambda_s_0_4,4,media_or_publishing_work,0.0,0.0
neural_claq_lambda_s_0_4,4,medical_training,0.0,0.0
neural_claq_lambda_s_0_4,4,mind_body_practice,0.0,0.0
neural_claq_lambda_s_0_4,4,music_composition,0.0,0.0
neural_claq_lambda_s_0_4,4,nutrition_or_diet_guidance,0.0,0.0
neural_claq_lambda_s_0_4,4,online_public_presence,0.0,0.0
neural_claq_lambda_s_0_4,4,organizational_role_or_administration,0.0,0.0
neural_claq_lambda_s_0_4,4,parent_role_mentions,0.0,0.0
neural_claq_lambda_s_0_4,4,public_presence_or_recognition,0.0,0.0
neural_claq_lambda_s_0_4,4,public_speaking_or_events,0.0,0.0
neural_claq_lambda_s_0_4,4,religious_ministry,0.0,0.0
neural_claq_lambda_s_0_4,4,reporting_or_news_work,0.0,0.0
neural_claq_lambda_s_0_4,4,research_publications,0.0,0.0
neural_claq_lambda_s_0_4,4,scientific_or_lab_research,0.0,0.0
neural_claq_lambda_s_0_4,4,software_development,0.0,0.0
neural_claq_lambda_s_0_4,4,spouse_or_partner_mentions,0.0,0.0
neural_claq_lambda_s_0_4,4,surgical_work,0.0,0.0
neural_claq_lambda_s_0_4,4,teaching_or_instruction,0.0,0.0
neural_claq_lambda_s_0_4,4,technical_infrastructure,0.0,0.0
neural_claq_lambda_s_0_4,4,therapy_or_counseling,0.0,0.0
neural_claq_lambda_s_0_4,4,university_affiliation,0.0,0.0
neural_claq_lambda_s_0_4,5,design_work,477.8,450.1557508240898
neural_claq_lambda_s_0_4,5,literary_writing,387.8,356.3484250000272
neural_claq_lambda_s_0_4,5,nutrition_or_diet_guidance,277.6,178.56315409400676
neural_claq_lambda_s_0_4,5,film_or_video_production,185.8,270.8767247291653
neural_claq_lambda_s_0_4,5,legal_or_regulatory_work,175.4,295.9303972220495
neural_claq_lambda_s_0_4,5,clinical_care,165.6,300.1013162250376
neural_claq_lambda_s_0_4,5,dental_or_oral_health,118.0,176.6578614157887
neural_claq_lambda_s_0_4,5,health_or_wellness_work,81.0,181.12150617748296
neural_claq_lambda_s_0_4,5,creative_or_artistic_work,40.8,91.23157348199142
neural_claq_lambda_s_0_4,5,nursing_care,40.8,91.23157348199142
neural_claq_lambda_s_0_4,5,visual_art_practice,26.4,53.61716143176548
neural_claq_lambda_s_0_4,5,live_music_or_recording,23.0,51.42956348249516
neural_claq_lambda_s_0_4,5,advanced_degree_or_training,0.0,0.0
neural_claq_lambda_s_0_4,5,appearance_or_body_presentation,0.0,0.0
neural_claq_lambda_s_0_4,5,building_or_spatial_design,0.0,0.0
neural_claq_lambda_s_0_4,5,business_or_client_service,0.0,0.0
neural_claq_lambda_s_0_4,5,business_or_management_education,0.0,0.0
neural_claq_lambda_s_0_4,5,camera_or_photography_work,0.0,0.0
neural_claq_lambda_s_0_4,5,celebrity_or_public_attention,0.0,0.0
neural_claq_lambda_s_0_4,5,child_or_family_care_mentions,0.0,0.0
neural_claq_lambda_s_0_4,5,classroom_instruction,0.0,0.0
neural_claq_lambda_s_0_4,5,comedy_or_stage_performance,0.0,0.0
neural_claq_lambda_s_0_4,5,education_or_academic_work,0.0,0.0
neural_claq_lambda_s_0_4,5,fashion_or_modeling_work,0.0,0.0
neural_claq_lambda_s_0_4,5,female_gendered_titles,0.0,0.0
neural_claq_lambda_s_0_4,5,female_pronouns,0.0,0.0
neural_claq_lambda_s_0_4,5,financial_or_accounting_work,0.0,0.0
neural_claq_lambda_s_0_4,5,fitness_instruction,0.0,0.0
neural_claq_lambda_s_0_4,5,gendered_organization_or_award,0.0,0.0
neural_claq_lambda_s_0_4,5,interior_or_decorative_design,0.0,0.0
neural_claq_lambda_s_0_4,5,legal_practice,0.0,0.0
neural_claq_lambda_s_0_4,5,legal_support_work,0.0,0.0
neural_claq_lambda_s_0_4,5,male_gendered_titles,0.0,0.0
neural_claq_lambda_s_0_4,5,male_pronouns,0.0,0.0
neural_claq_lambda_s_0_4,5,management_or_leadership,0.0,0.0
neural_claq_lambda_s_0_4,5,manual_body_treatment,0.0,0.0
neural_claq_lambda_s_0_4,5,media_interviews_or_features,0.0,0.0
neural_claq_lambda_s_0_4,5,media_or_publishing_work,0.0,0.0
neural_claq_lambda_s_0_4,5,medical_training,0.0,0.0
neural_claq_lambda_s_0_4,5,mind_body_practice,0.0,0.0
neural_claq_lambda_s_0_4,5,music_composition,0.0,0.0
neural_claq_lambda_s_0_4,5,online_public_presence,0.0,0.0
neural_claq_lambda_s_0_4,5,organizational_role_or_administration,0.0,0.0
neural_claq_lambda_s_0_4,5,parent_role_mentions,0.0,0.0
neural_claq_lambda_s_0_4,5,public_presence_or_recognition,0.0,0.0
neural_claq_lambda_s_0_4,5,public_speaking_or_events,0.0,0.0
neural_claq_lambda_s_0_4,5,religious_ministry,0.0,0.0
neural_claq_lambda_s_0_4,5,reporting_or_news_work,0.0,0.0
neural_claq_lambda_s_0_4,5,research_publications,0.0,0.0
neural_claq_lambda_s_0_4,5,scientific_or_lab_research,0.0,0.0
neural_claq_lambda_s_0_4,5,software_development,0.0,0.0
neural_claq_lambda_s_0_4,5,spouse_or_partner_mentions,0.0,0.0
neural_claq_lambda_s_0_4,5,surgical_work,0.0,0.0
neural_claq_lambda_s_0_4,5,teaching_or_instruction,0.0,0.0
neural_claq_lambda_s_0_4,5,technical_infrastructure,0.0,0.0
neural_claq_lambda_s_0_4,5,technical_or_engineering_work,0.0,0.0
neural_claq_lambda_s_0_4,5,therapy_or_counseling,0.0,0.0
neural_claq_lambda_s_0_4,5,university_affiliation,0.0,0.0
neural_claq_lambda_s_0_4,6,clinical_care,388.0,358.5191766140272
neural_claq_lambda_s_0_4,6,design_work,371.6,317.7566679080079
neural_claq_lambda_s_0_4,6,creative_or_artistic_work,279.6,268.4824016579113
neural_claq_lambda_s_0_4,6,live_music_or_recording,238.4,326.4617894945747
neural_claq_lambda_s_0_4,6,nursing_care,158.8,163.45855743888112
neural_claq_lambda_s_0_4,6,legal_or_regulatory_work,158.4,168.41704189303408
neural_claq_lambda_s_0_4,6,health_or_wellness_work,143.6,321.0993615689698
neural_claq_lambda_s_0_4,6,visual_art_practice,138.6,309.91902168147084
neural_claq_lambda_s_0_4,6,film_or_video_production,87.2,167.9336178375253
neural_claq_lambda_s_0_4,6,literary_writing,35.8,52.23217399266471
neural_claq_lambda_s_0_4,6,advanced_degree_or_training,0.0,0.0
neural_claq_lambda_s_0_4,6,appearance_or_body_presentation,0.0,0.0
neural_claq_lambda_s_0_4,6,building_or_spatial_design,0.0,0.0
neural_claq_lambda_s_0_4,6,business_or_client_service,0.0,0.0
neural_claq_lambda_s_0_4,6,business_or_management_education,0.0,0.0
neural_claq_lambda_s_0_4,6,camera_or_photography_work,0.0,0.0
neural_claq_lambda_s_0_4,6,celebrity_or_public_attention,0.0,0.0
neural_claq_lambda_s_0_4,6,child_or_family_care_mentions,0.0,0.0
neural_claq_lambda_s_0_4,6,classroom_instruction,0.0,0.0
neural_claq_lambda_s_0_4,6,comedy_or_stage_performance,0.0,0.0
neural_claq_lambda_s_0_4,6,dental_or_oral_health,0.0,0.0
neural_claq_lambda_s_0_4,6,education_or_academic_work,0.0,0.0
neural_claq_lambda_s_0_4,6,fashion_or_modeling_work,0.0,0.0
neural_claq_lambda_s_0_4,6,female_gendered_titles,0.0,0.0
neural_claq_lambda_s_0_4,6,female_pronouns,0.0,0.0
neural_claq_lambda_s_0_4,6,financial_or_accounting_work,0.0,0.0
neural_claq_lambda_s_0_4,6,fitness_instruction,0.0,0.0
neural_claq_lambda_s_0_4,6,gendered_organization_or_award,0.0,0.0
neural_claq_lambda_s_0_4,6,interior_or_decorative_design,0.0,0.0
neural_claq_lambda_s_0_4,6,legal_practice,0.0,0.0
neural_claq_lambda_s_0_4,6,legal_support_work,0.0,0.0
neural_claq_lambda_s_0_4,6,male_gendered_titles,0.0,0.0
neural_claq_lambda_s_0_4,6,male_pronouns,0.0,0.0
neural_claq_lambda_s_0_4,6,management_or_leadership,0.0,0.0
neural_claq_lambda_s_0_4,6,manual_body_treatment,0.0,0.0
neural_claq_lambda_s_0_4,6,media_interviews_or_features,0.0,0.0
neural_claq_lambda_s_0_4,6,media_or_publishing_work,0.0,0.0
neural_claq_lambda_s_0_4,6,medical_training,0.0,0.0
neural_claq_lambda_s_0_4,6,mind_body_practice,0.0,0.0
neural_claq_lambda_s_0_4,6,music_composition,0.0,0.0
neural_claq_lambda_s_0_4,6,nutrition_or_diet_guidance,0.0,0.0
neural_claq_lambda_s_0_4,6,online_public_presence,0.0,0.0
neural_claq_lambda_s_0_4,6,organizational_role_or_administration,0.0,0.0
neural_claq_lambda_s_0_4,6,parent_role_mentions,0.0,0.0
neural_claq_lambda_s_0_4,6,public_presence_or_recognition,0.0,0.0
neural_claq_lambda_s_0_4,6,public_speaking_or_events,0.0,0.0
neural_claq_lambda_s_0_4,6,religious_ministry,0.0,0.0
neural_claq_lambda_s_0_4,6,reporting_or_news_work,0.0,0.0
neural_claq_lambda_s_0_4,6,research_publications,0.0,0.0
neural_claq_lambda_s_0_4,6,scientific_or_lab_research,0.0,0.0
neural_claq_lambda_s_0_4,6,software_development,0.0,0.0
neural_claq_lambda_s_0_4,6,spouse_or_partner_mentions,0.0,0.0
neural_claq_lambda_s_0_4,6,surgical_work,0.0,0.0
neural_claq_lambda_s_0_4,6,teaching_or_instruction,0.0,0.0
neural_claq_lambda_s_0_4,6,technical_infrastructure,0.0,0.0
neural_claq_lambda_s_0_4,6,technical_or_engineering_work,0.0,0.0
neural_claq_lambda_s_0_4,6,therapy_or_counseling,0.0,0.0
neural_claq_lambda_s_0_4,6,university_affiliation,0.0,0.0
neural_claq_lambda_s_0_4,7,visual_art_practice,411.8,371.3727238233848
neural_claq_lambda_s_0_4,7,legal_or_regulatory_work,338.6,327.9112684858512
neural_claq_lambda_s_0_4,7,live_music_or_recording,277.8,380.4802228763014
neural_claq_lambda_s_0_4,7,film_or_video_production,272.2,373.16109121932845
neural_claq_lambda_s_0_4,7,mind_body_practice,158.4,216.89813277204578
neural_claq_lambda_s_0_4,7,health_or_wellness_work,143.6,321.09936156896975
neural_claq_lambda_s_0_4,7,literary_writing,140.4,303.3600171413497
neural_claq_lambda_s_0_4,7,nutrition_or_diet_guidance,118.6,176.1612897318818
neural_claq_lambda_s_0_4,7,technical_or_engineering_work,78.8,107.9847211414652
neural_claq_lambda_s_0_4,7,dental_or_oral_health,38.8,71.77186078122818
neural_claq_lambda_s_0_4,7,design_work,11.0,22.38302928559939
neural_claq_lambda_s_0_4,7,nursing_care,7.0,15.652475842498529
neural_claq_lambda_s_0_4,7,clinical_care,2.4,5.366563145999495
neural_claq_lambda_s_0_4,7,camera_or_photography_work,0.6,1.3416407864998738
neural_claq_lambda_s_0_4,7,advanced_degree_or_training,0.0,0.0
neural_claq_lambda_s_0_4,7,appearance_or_body_presentation,0.0,0.0
neural_claq_lambda_s_0_4,7,building_or_spatial_design,0.0,0.0
neural_claq_lambda_s_0_4,7,business_or_client_service,0.0,0.0
neural_claq_lambda_s_0_4,7,business_or_management_education,0.0,0.0
neural_claq_lambda_s_0_4,7,celebrity_or_public_attention,0.0,0.0
neural_claq_lambda_s_0_4,7,child_or_family_care_mentions,0.0,0.0
neural_claq_lambda_s_0_4,7,classroom_instruction,0.0,0.0
neural_claq_lambda_s_0_4,7,comedy_or_stage_performance,0.0,0.0
neural_claq_lambda_s_0_4,7,creative_or_artistic_work,0.0,0.0
neural_claq_lambda_s_0_4,7,education_or_academic_work,0.0,0.0
neural_claq_lambda_s_0_4,7,fashion_or_modeling_work,0.0,0.0
neural_claq_lambda_s_0_4,7,female_gendered_titles,0.0,0.0
neural_claq_lambda_s_0_4,7,female_pronouns,0.0,0.0
neural_claq_lambda_s_0_4,7,financial_or_accounting_work,0.0,0.0
neural_claq_lambda_s_0_4,7,fitness_instruction,0.0,0.0
neural_claq_lambda_s_0_4,7,gendered_organization_or_award,0.0,0.0
neural_claq_lambda_s_0_4,7,interior_or_decorative_design,0.0,0.0
neural_claq_lambda_s_0_4,7,legal_practice,0.0,0.0
neural_claq_lambda_s_0_4,7,legal_support_work,0.0,0.0
neural_claq_lambda_s_0_4,7,male_gendered_titles,0.0,0.0
neural_claq_lambda_s_0_4,7,male_pronouns,0.0,0.0
neural_claq_lambda_s_0_4,7,management_or_leadership,0.0,0.0
neural_claq_lambda_s_0_4,7,manual_body_treatment,0.0,0.0
neural_claq_lambda_s_0_4,7,media_interviews_or_features,0.0,0.0
neural_claq_lambda_s_0_4,7,media_or_publishing_work,0.0,0.0
neural_claq_lambda_s_0_4,7,medical_training,0.0,0.0
neural_claq_lambda_s_0_4,7,music_composition,0.0,0.0
neural_claq_lambda_s_0_4,7,online_public_presence,0.0,0.0
neural_claq_lambda_s_0_4,7,organizational_role_or_administration,0.0,0.0
neural_claq_lambda_s_0_4,7,parent_role_mentions,0.0,0.0
neural_claq_lambda_s_0_4,7,public_presence_or_recognition,0.0,0.0
neural_claq_lambda_s_0_4,7,public_speaking_or_events,0.0,0.0
neural_claq_lambda_s_0_4,7,religious_ministry,0.0,0.0
neural_claq_lambda_s_0_4,7,reporting_or_news_work,0.0,0.0
neural_claq_lambda_s_0_4,7,research_publications,0.0,0.0
neural_claq_lambda_s_0_4,7,scientific_or_lab_research,0.0,0.0
neural_claq_lambda_s_0_4,7,software_development,0.0,0.0
neural_claq_lambda_s_0_4,7,spouse_or_partner_mentions,0.0,0.0
neural_claq_lambda_s_0_4,7,surgical_work,0.0,0.0
neural_claq_lambda_s_0_4,7,teaching_or_instruction,0.0,0.0
neural_claq_lambda_s_0_4,7,technical_infrastructure,0.0,0.0
neural_claq_lambda_s_0_4,7,therapy_or_counseling,0.0,0.0
neural_claq_lambda_s_0_4,7,university_affiliation,0.0,0.0
neural_claq_lambda_s_0_4,8,live_music_or_recording,432.8,345.0046376499887
neural_claq_lambda_s_0_4,8,legal_or_regulatory_work,363.6,512.8145863760117
neural_claq_lambda_s_0_4,8,literary_writing,273.4,374.3685350026094
neural_claq_lambda_s_0_4,8,surgical_work,238.4,217.62996117262898
neural_claq_lambda_s_0_4,8,design_work,224.4,287.03884754506663
neural_claq_lambda_s_0_4,8,technical_or_engineering_work,141.2,314.0584340532825
neural_claq_lambda_s_0_4,8,mind_body_practice,118.4,177.44520280920528
neural_claq_lambda_s_0_4,8,camera_or_photography_work,118.2,264.30323494047514
neural_claq_lambda_s_0_4,8,nutrition_or_diet_guidance,40.0,84.50147927699254
neural_claq_lambda_s_0_4,8,nursing_care,37.0,72.81140020628638
neural_claq_lambda_s_0_4,8,dental_or_oral_health,7.6,15.899685531481433
neural_claq_lambda_s_0_4,8,clinical_care,3.0,5.196152422706632
neural_claq_lambda_s_0_4,8,film_or_video_production,2.0,4.47213595499958
neural_claq_lambda_s_0_4,8,advanced_degree_or_training,0.0,0.0
neural_claq_lambda_s_0_4,8,appearance_or_body_presentation,0.0,0.0
neural_claq_lambda_s_0_4,8,building_or_spatial_design,0.0,0.0
neural_claq_lambda_s_0_4,8,business_or_client_service,0.0,0.0
neural_claq_lambda_s_0_4,8,business_or_management_education,0.0,0.0
neural_claq_lambda_s_0_4,8,celebrity_or_public_attention,0.0,0.0
neural_claq_lambda_s_0_4,8,child_or_family_care_mentions,0.0,0.0
neural_claq_lambda_s_0_4,8,classroom_instruction,0.0,0.0
neural_claq_lambda_s_0_4,8,comedy_or_stage_performance,0.0,0.0
neural_claq_lambda_s_0_4,8,creative_or_artistic_work,0.0,0.0
neural_claq_lambda_s_0_4,8,education_or_academic_work,0.0,0.0
neural_claq_lambda_s_0_4,8,fashion_or_modeling_work,0.0,0.0
neural_claq_lambda_s_0_4,8,female_gendered_titles,0.0,0.0
neural_claq_lambda_s_0_4,8,female_pronouns,0.0,0.0
neural_claq_lambda_s_0_4,8,financial_or_accounting_work,0.0,0.0
neural_claq_lambda_s_0_4,8,fitness_instruction,0.0,0.0
neural_claq_lambda_s_0_4,8,gendered_organization_or_award,0.0,0.0
neural_claq_lambda_s_0_4,8,health_or_wellness_work,0.0,0.0
neural_claq_lambda_s_0_4,8,interior_or_decorative_design,0.0,0.0
neural_claq_lambda_s_0_4,8,legal_practice,0.0,0.0
neural_claq_lambda_s_0_4,8,legal_support_work,0.0,0.0
neural_claq_lambda_s_0_4,8,male_gendered_titles,0.0,0.0
neural_claq_lambda_s_0_4,8,male_pronouns,0.0,0.0
neural_claq_lambda_s_0_4,8,management_or_leadership,0.0,0.0
neural_claq_lambda_s_0_4,8,manual_body_treatment,0.0,0.0
neural_claq_lambda_s_0_4,8,media_interviews_or_features,0.0,0.0
neural_claq_lambda_s_0_4,8,media_or_publishing_work,0.0,0.0
neural_claq_lambda_s_0_4,8,medical_training,0.0,0.0
neural_claq_lambda_s_0_4,8,music_composition,0.0,0.0
neural_claq_lambda_s_0_4,8,online_public_presence,0.0,0.0
neural_claq_lambda_s_0_4,8,organizational_role_or_administration,0.0,0.0
neural_claq_lambda_s_0_4,8,parent_role_mentions,0.0,0.0
neural_claq_lambda_s_0_4,8,public_presence_or_recognition,0.0,0.0
neural_claq_lambda_s_0_4,8,public_speaking_or_events,0.0,0.0
neural_claq_lambda_s_0_4,8,religious_ministry,0.0,0.0
neural_claq_lambda_s_0_4,8,reporting_or_news_work,0.0,0.0
neural_claq_lambda_s_0_4,8,research_publications,0.0,0.0
neural_claq_lambda_s_0_4,8,scientific_or_lab_research,0.0,0.0
neural_claq_lambda_s_0_4,8,software_development,0.0,0.0
neural_claq_lambda_s_0_4,8,spouse_or_partner_mentions,0.0,0.0
neural_claq_lambda_s_0_4,8,teaching_or_instruction,0.0,0.0
neural_claq_lambda_s_0_4,8,technical_infrastructure,0.0,0.0
neural_claq_lambda_s_0_4,8,therapy_or_counseling,0.0,0.0
neural_claq_lambda_s_0_4,8,university_affiliation,0.0,0.0
neural_claq_lambda_s_0_4,8,visual_art_practice,0.0,0.0
neural_claq_lambda_s_0_4,9,technical_or_engineering_work,403.0,584.4176588707771
neural_claq_lambda_s_0_4,9,film_or_video_production,377.4,350.4372982432093
neural_claq_lambda_s_0_4,9,clinical_care,281.8,385.87199950242564
neural_claq_lambda_s_0_4,9,legal_or_regulatory_work,220.4,492.8293822409537
neural_claq_lambda_s_0_4,9,mind_body_practice,182.8,299.74105491240266
neural_claq_lambda_s_0_4,9,design_work,163.4,257.22908078209196
neural_claq_lambda_s_0_4,9,medical_training,153.8,210.7562573211054
neural_claq_lambda_s_0_4,9,camera_or_photography_work,136.6,305.4468857264713
neural_claq_lambda_s_0_4,9,visual_art_practice,39.0,86.09297300012354
neural_claq_lambda_s_0_4,9,literary_writing,35.0,72.80109889280519
neural_claq_lambda_s_0_4,9,nutrition_or_diet_guidance,4.2,4.54972526643093
neural_claq_lambda_s_0_4,9,live_music_or_recording,1.8,4.024922359499621
neural_claq_lambda_s_0_4,9,dental_or_oral_health,0.4,0.894427190999916
neural_claq_lambda_s_0_4,9,nursing_care,0.4,0.8944271909999159
neural_claq_lambda_s_0_4,9,advanced_degree_or_training,0.0,0.0
neural_claq_lambda_s_0_4,9,appearance_or_body_presentation,0.0,0.0
neural_claq_lambda_s_0_4,9,building_or_spatial_design,0.0,0.0
neural_claq_lambda_s_0_4,9,business_or_client_service,0.0,0.0
neural_claq_lambda_s_0_4,9,business_or_management_education,0.0,0.0
neural_claq_lambda_s_0_4,9,celebrity_or_public_attention,0.0,0.0
neural_claq_lambda_s_0_4,9,child_or_family_care_mentions,0.0,0.0
neural_claq_lambda_s_0_4,9,classroom_instruction,0.0,0.0
neural_claq_lambda_s_0_4,9,comedy_or_stage_performance,0.0,0.0
neural_claq_lambda_s_0_4,9,creative_or_artistic_work,0.0,0.0
neural_claq_lambda_s_0_4,9,education_or_academic_work,0.0,0.0
neural_claq_lambda_s_0_4,9,fashion_or_modeling_work,0.0,0.0
neural_claq_lambda_s_0_4,9,female_gendered_titles,0.0,0.0
neural_claq_lambda_s_0_4,9,female_pronouns,0.0,0.0
neural_claq_lambda_s_0_4,9,financial_or_accounting_work,0.0,0.0
neural_claq_lambda_s_0_4,9,fitness_instruction,0.0,0.0
neural_claq_lambda_s_0_4,9,gendered_organization_or_award,0.0,0.0
neural_claq_lambda_s_0_4,9,health_or_wellness_work,0.0,0.0
neural_claq_lambda_s_0_4,9,interior_or_decorative_design,0.0,0.0
neural_claq_lambda_s_0_4,9,legal_practice,0.0,0.0
neural_claq_lambda_s_0_4,9,legal_support_work,0.0,0.0
neural_claq_lambda_s_0_4,9,male_gendered_titles,0.0,0.0
neural_claq_lambda_s_0_4,9,male_pronouns,0.0,0.0
neural_claq_lambda_s_0_4,9,management_or_leadership,0.0,0.0
neural_claq_lambda_s_0_4,9,manual_body_treatment,0.0,0.0
neural_claq_lambda_s_0_4,9,media_interviews_or_features,0.0,0.0
neural_claq_lambda_s_0_4,9,media_or_publishing_work,0.0,0.0
neural_claq_lambda_s_0_4,9,music_composition,0.0,0.0
neural_claq_lambda_s_0_4,9,online_public_presence,0.0,0.0
neural_claq_lambda_s_0_4,9,organizational_role_or_administration,0.0,0.0
neural_claq_lambda_s_0_4,9,parent_role_mentions,0.0,0.0
neural_claq_lambda_s_0_4,9,public_presence_or_recognition,0.0,0.0
neural_claq_lambda_s_0_4,9,public_speaking_or_events,0.0,0.0
neural_claq_lambda_s_0_4,9,religious_ministry,0.0,0.0
neural_claq_lambda_s_0_4,9,reporting_or_news_work,0.0,0.0
neural_claq_lambda_s_0_4,9,research_publications,0.0,0.0
neural_claq_lambda_s_0_4,9,scientific_or_lab_research,0.0,0.0
neural_claq_lambda_s_0_4,9,software_development,0.0,0.0
neural_claq_lambda_s_0_4,9,spouse_or_partner_mentions,0.0,0.0
neural_claq_lambda_s_0_4,9,surgical_work,0.0,0.0
neural_claq_lambda_s_0_4,9,teaching_or_instruction,0.0,0.0
neural_claq_lambda_s_0_4,9,technical_infrastructure,0.0,0.0
neural_claq_lambda_s_0_4,9,therapy_or_counseling,0.0,0.0
neural_claq_lambda_s_0_4,9,university_affiliation,0.0,0.0
neural_claq_lambda_s_0_4,10,film_or_video_production,309.6,350.98475750379816
neural_claq_lambda_s_0_4,10,technical_or_engineering_work,298.2,658.9971168373955
neural_claq_lambda_s_0_4,10,clinical_care,282.4,386.69212559864724
neural_claq_lambda_s_0_4,10,design_work,192.2,272.3319665408378
neural_claq_lambda_s_0_4,10,camera_or_photography_work,166.4,311.22226784084717
neural_claq_lambda_s_0_4,10,mind_body_practice,158.8,258.4389676500044
neural_claq_lambda_s_0_4,10,live_music_or_recording,143.2,320.2049343779699
neural_claq_lambda_s_0_4,10,literary_writing,104.0,232.55106965997814
neural_claq_lambda_s_0_4,10,dental_or_oral_health,101.2,226.2900793229787
neural_claq_lambda_s_0_4,10,medical_training,84.4,174.51733438257645
neural_claq_lambda_s_0_4,10,nutrition_or_diet_guidance,77.6,170.18460564927722
neural_claq_lambda_s_0_4,10,surgical_work,40.6,90.78435988649146
neural_claq_lambda_s_0_4,10,software_development,35.4,79.15680640349255
neural_claq_lambda_s_0_4,10,visual_art_practice,2.8,4.381780460041329
neural_claq_lambda_s_0_4,10,legal_or_regulatory_work,1.8,4.024922359499621
neural_claq_lambda_s_0_4,10,education_or_academic_work,1.0,2.2360679774997894
neural_claq_lambda_s_0_4,10,nursing_care,0.4,0.894427190999916
neural_claq_lambda_s_0_4,10,advanced_degree_or_training,0.0,0.0
neural_claq_lambda_s_0_4,10,appearance_or_body_presentation,0.0,0.0
neural_claq_lambda_s_0_4,10,building_or_spatial_design,0.0,0.0
neural_claq_lambda_s_0_4,10,business_or_client_service,0.0,0.0
neural_claq_lambda_s_0_4,10,business_or_management_education,0.0,0.0
neural_claq_lambda_s_0_4,10,celebrity_or_public_attention,0.0,0.0
neural_claq_lambda_s_0_4,10,child_or_family_care_mentions,0.0,0.0
neural_claq_lambda_s_0_4,10,classroom_instruction,0.0,0.0
neural_claq_lambda_s_0_4,10,comedy_or_stage_performance,0.0,0.0
neural_claq_lambda_s_0_4,10,creative_or_artistic_work,0.0,0.0
neural_claq_lambda_s_0_4,10,fashion_or_modeling_work,0.0,0.0
neural_claq_lambda_s_0_4,10,female_gendered_titles,0.0,0.0
neural_claq_lambda_s_0_4,10,female_pronouns,0.0,0.0
neural_claq_lambda_s_0_4,10,financial_or_accounting_work,0.0,0.0
neural_claq_lambda_s_0_4,10,fitness_instruction,0.0,0.0
neural_claq_lambda_s_0_4,10,gendered_organization_or_award,0.0,0.0
neural_claq_lambda_s_0_4,10,health_or_wellness_work,0.0,0.0
neural_claq_lambda_s_0_4,10,interior_or_decorative_design,0.0,0.0
neural_claq_lambda_s_0_4,10,legal_practice,0.0,0.0
neural_claq_lambda_s_0_4,10,legal_support_work,0.0,0.0
neural_claq_lambda_s_0_4,10,male_gendered_titles,0.0,0.0
neural_claq_lambda_s_0_4,10,male_pronouns,0.0,0.0
neural_claq_lambda_s_0_4,10,management_or_leadership,0.0,0.0
neural_claq_lambda_s_0_4,10,manual_body_treatment,0.0,0.0
neural_claq_lambda_s_0_4,10,media_interviews_or_features,0.0,0.0
neural_claq_lambda_s_0_4,10,media_or_publishing_work,0.0,0.0
neural_claq_lambda_s_0_4,10,music_composition,0.0,0.0
neural_claq_lambda_s_0_4,10,online_public_presence,0.0,0.0
neural_claq_lambda_s_0_4,10,organizational_role_or_administration,0.0,0.0
neural_claq_lambda_s_0_4,10,parent_role_mentions,0.0,0.0
neural_claq_lambda_s_0_4,10,public_presence_or_recognition,0.0,0.0
neural_claq_lambda_s_0_4,10,public_speaking_or_events,0.0,0.0
neural_claq_lambda_s_0_4,10,religious_ministry,0.0,0.0
neural_claq_lambda_s_0_4,10,reporting_or_news_work,0.0,0.0
neural_claq_lambda_s_0_4,10,research_publications,0.0,0.0
neural_claq_lambda_s_0_4,10,scientific_or_lab_research,0.0,0.0
neural_claq_lambda_s_0_4,10,spouse_or_partner_mentions,0.0,0.0
neural_claq_lambda_s_0_4,10,teaching_or_instruction,0.0,0.0
neural_claq_lambda_s_0_4,10,technical_infrastructure,0.0,0.0
neural_claq_lambda_s_0_4,10,therapy_or_counseling,0.0,0.0
neural_claq_lambda_s_0_4,10,university_affiliation,0.0,0.0
neural_claq_lambda_s_0_4,11,camera_or_photography_work,415.6,564.2759076905552
neural_claq_lambda_s_0_4,11,software_development,244.4,546.4950137009486
neural_claq_lambda_s_0_4,11,technical_or_engineering_work,235.6,454.96461400860613
neural_claq_lambda_s_0_4,11,literary_writing,177.6,295.80111561655747
neural_claq_lambda_s_0_4,11,teaching_or_instruction,155.6,252.6426329818465
neural_claq_lambda_s_0_4,11,clinical_care,141.2,315.7327984229703
neural_claq_lambda_s_0_4,11,media_or_publishing_work,136.6,305.4468857264713
neural_claq_lambda_s_0_4,11,education_or_academic_work,117.0,261.6199533674754
neural_claq_lambda_s_0_4,11,medical_training,81.2,106.81619727363449
neural_claq_lambda_s_0_4,11,female_pronouns,73.2,163.6801759529846
neural_claq_lambda_s_0_4,11,fashion_or_modeling_work,68.8,153.84147685198553
neural_claq_lambda_s_0_4,11,surgical_work,40.4,90.33714629099151
neural_claq_lambda_s_0_4,11,design_work,35.6,76.83944299641948
neural_claq_lambda_s_0_4,11,dental_or_oral_health,35.4,79.15680640349255
neural_claq_lambda_s_0_4,11,therapy_or_counseling,23.2,51.87677707799513
neural_claq_lambda_s_0_4,11,fitness_instruction,4.6,10.285912696499032
neural_claq_lambda_s_0_4,11,nutrition_or_diet_guidance,4.0,6.164414002968976
neural_claq_lambda_s_0_4,11,visual_art_practice,3.2,4.43846820423443
neural_claq_lambda_s_0_4,11,mind_body_practice,2.4,3.9115214431215892
neural_claq_lambda_s_0_4,11,legal_or_regulatory_work,2.2,3.8987177379235853
neural_claq_lambda_s_0_4,11,live_music_or_recording,2.2,4.381780460041329
neural_claq_lambda_s_0_4,11,advanced_degree_or_training,0.0,0.0
neural_claq_lambda_s_0_4,11,appearance_or_body_presentation,0.0,0.0
neural_claq_lambda_s_0_4,11,building_or_spatial_design,0.0,0.0
neural_claq_lambda_s_0_4,11,business_or_client_service,0.0,0.0
neural_claq_lambda_s_0_4,11,business_or_management_education,0.0,0.0
neural_claq_lambda_s_0_4,11,celebrity_or_public_attention,0.0,0.0
neural_claq_lambda_s_0_4,11,child_or_family_care_mentions,0.0,0.0
neural_claq_lambda_s_0_4,11,classroom_instruction,0.0,0.0
neural_claq_lambda_s_0_4,11,comedy_or_stage_performance,0.0,0.0
neural_claq_lambda_s_0_4,11,creative_or_artistic_work,0.0,0.0
neural_claq_lambda_s_0_4,11,female_gendered_titles,0.0,0.0
neural_claq_lambda_s_0_4,11,film_or_video_production,0.0,0.0
neural_claq_lambda_s_0_4,11,financial_or_accounting_work,0.0,0.0
neural_claq_lambda_s_0_4,11,gendered_organization_or_award,0.0,0.0
neural_claq_lambda_s_0_4,11,health_or_wellness_work,0.0,0.0
neural_claq_lambda_s_0_4,11,interior_or_decorative_design,0.0,0.0
neural_claq_lambda_s_0_4,11,legal_practice,0.0,0.0
neural_claq_lambda_s_0_4,11,legal_support_work,0.0,0.0
neural_claq_lambda_s_0_4,11,male_gendered_titles,0.0,0.0
neural_claq_lambda_s_0_4,11,male_pronouns,0.0,0.0
neural_claq_lambda_s_0_4,11,management_or_leadership,0.0,0.0
neural_claq_lambda_s_0_4,11,manual_body_treatment,0.0,0.0
neural_claq_lambda_s_0_4,11,media_interviews_or_features,0.0,0.0
neural_claq_lambda_s_0_4,11,music_composition,0.0,0.0
neural_claq_lambda_s_0_4,11,nursing_care,0.0,0.0
neural_claq_lambda_s_0_4,11,online_public_presence,0.0,0.0
neural_claq_lambda_s_0_4,11,organizational_role_or_administration,0.0,0.0
neural_claq_lambda_s_0_4,11,parent_role_mentions,0.0,0.0
neural_claq_lambda_s_0_4,11,public_presence_or_recognition,0.0,0.0
neural_claq_lambda_s_0_4,11,public_speaking_or_events,0.0,0.0
neural_claq_lambda_s_0_4,11,religious_ministry,0.0,0.0
neural_claq_lambda_s_0_4,11,reporting_or_news_work,0.0,0.0
neural_claq_lambda_s_0_4,11,research_publications,0.0,0.0
neural_claq_lambda_s_0_4,11,scientific_or_lab_research,0.0,0.0
neural_claq_lambda_s_0_4,11,spouse_or_partner_mentions,0.0,0.0
neural_claq_lambda_s_0_4,11,technical_infrastructure,0.0,0.0
neural_claq_lambda_s_0_4,11,university_affiliation,0.0,0.0
neural_claq_lambda_s_0_4,12,media_or_publishing_work,419.6,620.8681824670998
neural_claq_lambda_s_0_4,12,software_development,204.0,315.6928887384066
neural_claq_lambda_s_0_4,12,nutrition_or_diet_guidance,164.8,298.34744845565547
neural_claq_lambda_s_0_4,12,mind_body_practice,141.6,316.6272256139702
neural_claq_lambda_s_0_4,12,fitness_instruction,137.6,213.50128805232066
neural_claq_lambda_s_0_4,12,financial_or_accounting_work,134.8,301.4219633669716
neural_claq_lambda_s_0_4,12,online_public_presence,131.2,293.3721186479724
neural_claq_lambda_s_0_4,12,teaching_or_instruction,121.0,172.62966141425406
neural_claq_lambda_s_0_4,12,camera_or_photography_work,113.4,244.09383441619332
neural_claq_lambda_s_0_4,12,female_pronouns,85.6,173.98505682960248
neural_claq_lambda_s_0_4,12,surgical_work,77.2,104.81030483688137
neural_claq_lambda_s_0_4,12,fashion_or_modeling_work,72.0,160.99689437998487
neural_claq_lambda_s_0_4,12,technical_or_engineering_work,70.0,93.94413233406333
neural_claq_lambda_s_0_4,12,medical_training,68.6,151.72277350483677
neural_claq_lambda_s_0_4,12,dental_or_oral_health,26.6,59.47940820149441
neural_claq_lambda_s_0_4,12,therapy_or_counseling,16.4,36.67151483099655
neural_claq_lambda_s_0_4,12,design_work,5.2,11.627553482998907
neural_claq_lambda_s_0_4,12,live_music_or_recording,2.4,3.7815340802378077
neural_claq_lambda_s_0_4,12,nursing_care,2.4,5.366563145999495
neural_claq_lambda_s_0_4,12,legal_or_regulatory_work,2.2,3.8340579025361627
neural_claq_lambda_s_0_4,12,literary_writing,1.4,2.6076809620810595
neural_claq_lambda_s_0_4,12,visual_art_practice,1.4,1.949358868961793
neural_claq_lambda_s_0_4,12,education_or_academic_work,0.4,0.894427190999916
neural_claq_lambda_s_0_4,12,film_or_video_production,0.2,0.4472135954999579
neural_claq_lambda_s_0_4,12,advanced_degree_or_training,0.0,0.0
neural_claq_lambda_s_0_4,12,appearance_or_body_presentation,0.0,0.0
neural_claq_lambda_s_0_4,12,building_or_spatial_design,0.0,0.0
neural_claq_lambda_s_0_4,12,business_or_client_service,0.0,0.0
neural_claq_lambda_s_0_4,12,business_or_management_education,0.0,0.0
neural_claq_lambda_s_0_4,12,celebrity_or_public_attention,0.0,0.0
neural_claq_lambda_s_0_4,12,child_or_family_care_mentions,0.0,0.0
neural_claq_lambda_s_0_4,12,classroom_instruction,0.0,0.0
neural_claq_lambda_s_0_4,12,clinical_care,0.0,0.0
neural_claq_lambda_s_0_4,12,comedy_or_stage_performance,0.0,0.0
neural_claq_lambda_s_0_4,12,creative_or_artistic_work,0.0,0.0
neural_claq_lambda_s_0_4,12,female_gendered_titles,0.0,0.0
neural_claq_lambda_s_0_4,12,gendered_organization_or_award,0.0,0.0
neural_claq_lambda_s_0_4,12,health_or_wellness_work,0.0,0.0
neural_claq_lambda_s_0_4,12,interior_or_decorative_design,0.0,0.0
neural_claq_lambda_s_0_4,12,legal_practice,0.0,0.0
neural_claq_lambda_s_0_4,12,legal_support_work,0.0,0.0
neural_claq_lambda_s_0_4,12,male_gendered_titles,0.0,0.0
neural_claq_lambda_s_0_4,12,male_pronouns,0.0,0.0
neural_claq_lambda_s_0_4,12,management_or_leadership,0.0,0.0
neural_claq_lambda_s_0_4,12,manual_body_treatment,0.0,0.0
neural_claq_lambda_s_0_4,12,media_interviews_or_features,0.0,0.0
neural_claq_lambda_s_0_4,12,music_composition,0.0,0.0
neural_claq_lambda_s_0_4,12,organizational_role_or_administration,0.0,0.0
neural_claq_lambda_s_0_4,12,parent_role_mentions,0.0,0.0
neural_claq_lambda_s_0_4,12,public_presence_or_recognition,0.0,0.0
neural_claq_lambda_s_0_4,12,public_speaking_or_events,0.0,0.0
neural_claq_lambda_s_0_4,12,religious_ministry,0.0,0.0
neural_claq_lambda_s_0_4,12,reporting_or_news_work,0.0,0.0
neural_claq_lambda_s_0_4,12,research_publications,0.0,0.0
neural_claq_lambda_s_0_4,12,scientific_or_lab_research,0.0,0.0
neural_claq_lambda_s_0_4,12,spouse_or_partner_mentions,0.0,0.0
neural_claq_lambda_s_0_4,12,technical_infrastructure,0.0,0.0
neural_claq_lambda_s_0_4,12,university_affiliation,0.0,0.0
neural_claq_lambda_s_0_4,13,media_or_publishing_work,244.8,330.8492103662936
neural_claq_lambda_s_0_4,13,dental_or_oral_health,231.8,323.3793438053828
neural_claq_lambda_s_0_4,13,camera_or_photography_work,186.4,296.247025301521
neural_claq_lambda_s_0_4,13,online_public_presence,145.0,324.2298567374695
neural_claq_lambda_s_0_4,13,comedy_or_stage_performance,143.0,319.7577207824699
neural_claq_lambda_s_0_4,13,financial_or_accounting_work,137.0,306.34131291747116
neural_claq_lambda_s_0_4,13,software_development,136.8,303.6629710715483
neural_claq_lambda_s_0_4,13,therapy_or_counseling,120.4,109.96954123756268
neural_claq_lambda_s_0_4,13,nursing_care,96.0,214.66252583997982
neural_claq_lambda_s_0_4,13,technical_or_engineering_work,92.8,92.83426091696965
neural_claq_lambda_s_0_4,13,medical_training,84.0,162.83273626639087
neural_claq_lambda_s_0_4,13,education_or_academic_work,66.8,89.57510814953002
neural_claq_lambda_s_0_4,13,female_pronouns,64.8,76.76718048749738
neural_claq_lambda_s_0_4,13,fitness_instruction,49.2,79.55312690271829
neural_claq_lambda_s_0_4,13,mind_body_practice,45.6,101.9646997739904
neural_claq_lambda_s_0_4,13,design_work,41.0,56.72741841473134
neural_claq_lambda_s_0_4,13,live_music_or_recording,39.0,84.97940927071687
neural_claq_lambda_s_0_4,13,visual_art_practice,29.4,40.02873967538823
neural_claq_lambda_s_0_4,13,film_or_video_production,15.0,28.600699292150182
neural_claq_lambda_s_0_4,13,male_pronouns,10.8,24.14953415699773
neural_claq_lambda_s_0_4,13,building_or_spatial_design,9.2,20.571825392998065
neural_claq_lambda_s_0_4,13,music_composition,3.4,7.602631123499285
neural_claq_lambda_s_0_4,13,fashion_or_modeling_work,2.2,4.919349550499537
neural_claq_lambda_s_0_4,13,surgical_work,2.0,3.9370039370059056
neural_claq_lambda_s_0_4,13,legal_or_regulatory_work,1.8,4.024922359499621
neural_claq_lambda_s_0_4,13,manual_body_treatment,0.8,1.788854381999832
neural_claq_lambda_s_0_4,13,nutrition_or_diet_guidance,0.8,0.8366600265340756
neural_claq_lambda_s_0_4,13,celebrity_or_public_attention,0.2,0.4472135954999579
neural_claq_lambda_s_0_4,13,advanced_degree_or_training,0.0,0.0
neural_claq_lambda_s_0_4,13,appearance_or_body_presentation,0.0,0.0
neural_claq_lambda_s_0_4,13,business_or_client_service,0.0,0.0
neural_claq_lambda_s_0_4,13,business_or_management_education,0.0,0.0
neural_claq_lambda_s_0_4,13,child_or_family_care_mentions,0.0,0.0
neural_claq_lambda_s_0_4,13,classroom_instruction,0.0,0.0
neural_claq_lambda_s_0_4,13,clinical_care,0.0,0.0
neural_claq_lambda_s_0_4,13,creative_or_artistic_work,0.0,0.0
neural_claq_lambda_s_0_4,13,female_gendered_titles,0.0,0.0
neural_claq_lambda_s_0_4,13,gendered_organization_or_award,0.0,0.0
neural_claq_lambda_s_0_4,13,health_or_wellness_work,0.0,0.0
neural_claq_lambda_s_0_4,13,interior_or_decorative_design,0.0,0.0
neural_claq_lambda_s_0_4,13,legal_practice,0.0,0.0
neural_claq_lambda_s_0_4,13,legal_support_work,0.0,0.0
neural_claq_lambda_s_0_4,13,literary_writing,0.0,0.0
neural_claq_lambda_s_0_4,13,male_gendered_titles,0.0,0.0
neural_claq_lambda_s_0_4,13,management_or_leadership,0.0,0.0
neural_claq_lambda_s_0_4,13,media_interviews_or_features,0.0,0.0
neural_claq_lambda_s_0_4,13,organizational_role_or_administration,0.0,0.0
neural_claq_lambda_s_0_4,13,parent_role_mentions,0.0,0.0
neural_claq_lambda_s_0_4,13,public_presence_or_recognition,0.0,0.0
neural_claq_lambda_s_0_4,13,public_speaking_or_events,0.0,0.0
neural_claq_lambda_s_0_4,13,religious_ministry,0.0,0.0
neural_claq_lambda_s_0_4,13,reporting_or_news_work,0.0,0.0
neural_claq_lambda_s_0_4,13,research_publications,0.0,0.0
neural_claq_lambda_s_0_4,13,scientific_or_lab_research,0.0,0.0
neural_claq_lambda_s_0_4,13,spouse_or_partner_mentions,0.0,0.0
neural_claq_lambda_s_0_4,13,teaching_or_instruction,0.0,0.0
neural_claq_lambda_s_0_4,13,technical_infrastructure,0.0,0.0
neural_claq_lambda_s_0_4,13,university_affiliation,0.0,0.0
neural_claq_lambda_s_0_4,14,education_or_academic_work,524.6,442.2858803986399
neural_claq_lambda_s_0_4,14,media_or_publishing_work,293.4,397.44030998377605
neural_claq_lambda_s_0_4,14,financial_or_accounting_work,169.6,244.69021230936067
neural_claq_lambda_s_0_4,14,software_development,120.4,111.88074007620793
neural_claq_lambda_s_0_4,14,live_music_or_recording,100.0,219.1483515794723
neural_claq_lambda_s_0_4,14,mind_body_practice,92.6,206.50133171483424
neural_claq_lambda_s_0_4,14,male_pronouns,85.0,190.06577808748213
neural_claq_lambda_s_0_4,14,music_composition,75.6,169.0467390989841
neural_claq_lambda_s_0_4,14,fitness_instruction,63.8,77.93715416924074
neural_claq_lambda_s_0_4,14,camera_or_photography_work,62.4,131.7527988317516
neural_claq_lambda_s_0_4,14,nursing_care,62.0,85.47221770844605
neural_claq_lambda_s_0_4,14,female_pronouns,57.8,87.28516483343547
neural_claq_lambda_s_0_4,14,literary_writing,39.0,83.31266410336426
neural_claq_lambda_s_0_4,14,nutrition_or_diet_guidance,34.0,57.61510218683987
neural_claq_lambda_s_0_4,14,technical_or_engineering_work,33.4,46.505913602465654
neural_claq_lambda_s_0_4,14,building_or_spatial_design,32.0,71.55417527999326
neural_claq_lambda_s_0_4,14,visual_art_practice,31.0,52.421369688324624
neural_claq_lambda_s_0_4,14,film_or_video_production,26.6,59.47940820149441
neural_claq_lambda_s_0_4,14,fashion_or_modeling_work,25.6,56.68597710192531
neural_claq_lambda_s_0_4,14,design_work,16.6,37.1187284264965
neural_claq_lambda_s_0_4,14,teaching_or_instruction,12.6,26.529229163320974
neural_claq_lambda_s_0_4,14,therapy_or_counseling,12.0,14.159802258506296
neural_claq_lambda_s_0_4,14,medical_training,11.2,22.873565528793275
neural_claq_lambda_s_0_4,14,comedy_or_stage_performance,9.8,21.358838919754042
neural_claq_lambda_s_0_4,14,dental_or_oral_health,2.8,6.260990336999411
neural_claq_lambda_s_0_4,14,surgical_work,2.2,3.8987177379235853
neural_claq_lambda_s_0_4,14,celebrity_or_public_attention,1.8,4.024922359499621
neural_claq_lambda_s_0_4,14,parent_role_mentions,1.6,3.5777087639996634
neural_claq_lambda_s_0_4,14,online_public_presence,0.6,1.3416407864998738
neural_claq_lambda_s_0_4,14,advanced_degree_or_training,0.0,0.0
neural_claq_lambda_s_0_4,14,appearance_or_body_presentation,0.0,0.0
neural_claq_lambda_s_0_4,14,business_or_client_service,0.0,0.0
neural_claq_lambda_s_0_4,14,business_or_management_education,0.0,0.0
neural_claq_lambda_s_0_4,14,child_or_family_care_mentions,0.0,0.0
neural_claq_lambda_s_0_4,14,classroom_instruction,0.0,0.0
neural_claq_lambda_s_0_4,14,clinical_care,0.0,0.0
neural_claq_lambda_s_0_4,14,creative_or_artistic_work,0.0,0.0
neural_claq_lambda_s_0_4,14,female_gendered_titles,0.0,0.0
neural_claq_lambda_s_0_4,14,gendered_organization_or_award,0.0,0.0
neural_claq_lambda_s_0_4,14,health_or_wellness_work,0.0,0.0
neural_claq_lambda_s_0_4,14,interior_or_decorative_design,0.0,0.0
neural_claq_lambda_s_0_4,14,legal_or_regulatory_work,0.0,0.0
neural_claq_lambda_s_0_4,14,legal_practice,0.0,0.0
neural_claq_lambda_s_0_4,14,legal_support_work,0.0,0.0
neural_claq_lambda_s_0_4,14,male_gendered_titles,0.0,0.0
neural_claq_lambda_s_0_4,14,management_or_leadership,0.0,0.0
neural_claq_lambda_s_0_4,14,manual_body_treatment,0.0,0.0
neural_claq_lambda_s_0_4,14,media_interviews_or_features,0.0,0.0
neural_claq_lambda_s_0_4,14,organizational_role_or_administration,0.0,0.0
neural_claq_lambda_s_0_4,14,public_presence_or_recognition,0.0,0.0
neural_claq_lambda_s_0_4,14,public_speaking_or_events,0.0,0.0
neural_claq_lambda_s_0_4,14,religious_ministry,0.0,0.0
neural_claq_lambda_s_0_4,14,reporting_or_news_work,0.0,0.0
neural_claq_lambda_s_0_4,14,research_publications,0.0,0.0
neural_claq_lambda_s_0_4,14,scientific_or_lab_research,0.0,0.0
neural_claq_lambda_s_0_4,14,spouse_or_partner_mentions,0.0,0.0
neural_claq_lambda_s_0_4,14,technical_infrastructure,0.0,0.0
neural_claq_lambda_s_0_4,14,university_affiliation,0.0,0.0
neural_claq_lambda_s_0_4,15,media_or_publishing_work,301.2,307.5925876870247
neural_claq_lambda_s_0_4,15,building_or_spatial_design,225.2,303.3458422329207
neural_claq_lambda_s_0_4,15,education_or_academic_work,220.2,297.8803451052117
neural_claq_lambda_s_0_4,15,teaching_or_instruction,215.2,334.8816208751982
neural_claq_lambda_s_0_4,15,software_development,136.2,251.6310791615376
neural_claq_lambda_s_0_4,15,public_speaking_or_events,107.4,240.15370078347743
neural_claq_lambda_s_0_4,15,manual_body_treatment,101.0,145.75836168124283
neural_claq_lambda_s_0_4,15,fashion_or_modeling_work,97.6,170.0626355199754
neural_claq_lambda_s_0_4,15,comedy_or_stage_performance,94.6,207.07438277102264
neural_claq_lambda_s_0_4,15,nursing_care,73.2,78.6968868507516
neural_claq_lambda_s_0_4,15,female_pronouns,72.2,125.81017446931708
neural_claq_lambda_s_0_4,15,nutrition_or_diet_guidance,49.0,89.8443097808648
neural_claq_lambda_s_0_4,15,music_composition,47.4,105.98962213349003
neural_claq_lambda_s_0_4,15,medical_training,47.2,84.63864365642918
neural_claq_lambda_s_0_4,15,therapy_or_counseling,36.2,47.83513353174631
neural_claq_lambda_s_0_4,15,camera_or_photography_work,24.6,51.18398186933096
neural_claq_lambda_s_0_4,15,technical_or_engineering_work,22.2,38.88701582790842
neural_claq_lambda_s_0_4,15,fitness_instruction,22.0,31.835514759463212
neural_claq_lambda_s_0_4,15,celebrity_or_public_attention,19.4,43.37971876349592
neural_claq_lambda_s_0_4,15,financial_or_accounting_work,16.6,30.851256052225814
neural_claq_lambda_s_0_4,15,live_music_or_recording,16.6,35.45137514963277
neural_claq_lambda_s_0_4,15,organizational_role_or_administration,14.2,31.752165280497014
neural_claq_lambda_s_0_4,15,visual_art_practice,14.2,28.98620361482338
neural_claq_lambda_s_0_4,15,business_or_client_service,8.6,18.676188047886
neural_claq_lambda_s_0_4,15,male_pronouns,6.4,14.310835055998655
neural_claq_lambda_s_0_4,15,literary_writing,3.0,6.708203932499369
neural_claq_lambda_s_0_4,15,dental_or_oral_health,2.2,3.03315017762062
neural_claq_lambda_s_0_4,15,film_or_video_production,1.2,1.6431676725154984
neural_claq_lambda_s_0_4,15,mind_body_practice,1.0,2.2360679774997894
neural_claq_lambda_s_0_4,15,surgical_work,1.0,1.224744871391589
neural_claq_lambda_s_0_4,15,design_work,0.8,1.7888543819998317
neural_claq_lambda_s_0_4,15,legal_or_regulatory_work,0.8,0.8366600265340756
neural_claq_lambda_s_0_4,15,parent_role_mentions,0.8,1.7888543819998317
neural_claq_lambda_s_0_4,15,online_public_presence,0.6,1.3416407864998738
neural_claq_lambda_s_0_4,15,advanced_degree_or_training,0.0,0.0
neural_claq_lambda_s_0_4,15,appearance_or_body_presentation,0.0,0.0
neural_claq_lambda_s_0_4,15,business_or_management_education,0.0,0.0
neural_claq_lambda_s_0_4,15,child_or_family_care_mentions,0.0,0.0
neural_claq_lambda_s_0_4,15,classroom_instruction,0.0,0.0
neural_claq_lambda_s_0_4,15,clinical_care,0.0,0.0
neural_claq_lambda_s_0_4,15,creative_or_artistic_work,0.0,0.0
neural_claq_lambda_s_0_4,15,female_gendered_titles,0.0,0.0
neural_claq_lambda_s_0_4,15,gendered_organization_or_award,0.0,0.0
neural_claq_lambda_s_0_4,15,health_or_wellness_work,0.0,0.0
neural_claq_lambda_s_0_4,15,interior_or_decorative_design,0.0,0.0
neural_claq_lambda_s_0_4,15,legal_practice,0.0,0.0
neural_claq_lambda_s_0_4,15,legal_support_work,0.0,0.0
neural_claq_lambda_s_0_4,15,male_gendered_titles,0.0,0.0
neural_claq_lambda_s_0_4,15,management_or_leadership,0.0,0.0
neural_claq_lambda_s_0_4,15,media_interviews_or_features,0.0,0.0
neural_claq_lambda_s_0_4,15,public_presence_or_recognition,0.0,0.0
neural_claq_lambda_s_0_4,15,religious_ministry,0.0,0.0
neural_claq_lambda_s_0_4,15,reporting_or_news_work,0.0,0.0
neural_claq_lambda_s_0_4,15,research_publications,0.0,0.0
neural_claq_lambda_s_0_4,15,scientific_or_lab_research,0.0,0.0
neural_claq_lambda_s_0_4,15,spouse_or_partner_mentions,0.0,0.0
neural_claq_lambda_s_0_4,15,technical_infrastructure,0.0,0.0
neural_claq_lambda_s_0_4,15,university_affiliation,0.0,0.0
neural_claq_lambda_s_0_4,16,education_or_academic_work,316.0,329.8833127031436
neural_claq_lambda_s_0_4,16,financial_or_accounting_work,157.4,262.1789465231715
neural_claq_lambda_s_0_4,16,media_or_publishing_work,146.6,106.3122758669007
neural_claq_lambda_s_0_4,16,mind_body_practice,145.0,301.26649332443196
neural_claq_lambda_s_0_4,16,building_or_spatial_design,144.2,215.84531498274407
neural_claq_lambda_s_0_4,16,organizational_role_or_administration,120.4,269.22258449097467
neural_claq_lambda_s_0_4,16,fashion_or_modeling_work,118.2,230.95389150217844
neural_claq_lambda_s_0_4,16,parent_role_mentions,116.8,260.0561477835123
neural_claq_lambda_s_0_4,16,camera_or_photography_work,109.4,237.3769154741042
neural_claq_lambda_s_0_4,16,nutrition_or_diet_guidance,94.0,128.92439645001252
neural_claq_lambda_s_0_4,16,software_development,86.4,186.54570485540535
neural_claq_lambda_s_0_4,16,comedy_or_stage_performance,61.0,79.42291860665912
neural_claq_lambda_s_0_4,16,visual_art_practice,54.8,77.25736210873369
neural_claq_lambda_s_0_4,16,therapy_or_counseling,52.4,83.49431118345728
neural_claq_lambda_s_0_4,16,female_pronouns,47.2,54.3203460960992
neural_claq_lambda_s_0_4,16,fitness_instruction,39.8,55.59856113246097
neural_claq_lambda_s_0_4,16,manual_body_treatment,27.6,47.20487262984617
neural_claq_lambda_s_0_4,16,surgical_work,23.4,48.44894219691489
neural_claq_lambda_s_0_4,16,teaching_or_instruction,21.6,32.78414250823102
neural_claq_lambda_s_0_4,16,university_affiliation,16.8,37.56594202199647
neural_claq_lambda_s_0_4,16,design_work,15.0,33.54101966249684
neural_claq_lambda_s_0_4,16,business_or_client_service,14.8,33.09380606699689
neural_claq_lambda_s_0_4,16,medical_training,12.2,23.456342425877057
neural_claq_lambda_s_0_4,16,male_pronouns,8.6,19.23018460649819
neural_claq_lambda_s_0_4,16,reporting_or_news_work,8.0,17.888543819998315
neural_claq_lambda_s_0_4,16,technical_or_engineering_work,7.6,14.363147287415806
neural_claq_lambda_s_0_4,16,music_composition,7.4,15.453155017665487
neural_claq_lambda_s_0_4,16,live_music_or_recording,6.6,13.145341380123988
neural_claq_lambda_s_0_4,16,nursing_care,6.2,7.395944834840239
neural_claq_lambda_s_0_4,16,dental_or_oral_health,3.2,2.949576240750525
neural_claq_lambda_s_0_4,16,literary_writing,2.8,6.260990336999411
neural_claq_lambda_s_0_4,16,celebrity_or_public_attention,2.6,5.813776741499454
neural_claq_lambda_s_0_4,16,public_speaking_or_events,2.6,5.813776741499454
neural_claq_lambda_s_0_4,16,gendered_organization_or_award,2.4,3.0495901363953815
neural_claq_lambda_s_0_4,16,management_or_leadership,0.6,1.3416407864998738
neural_claq_lambda_s_0_4,16,online_public_presence,0.4,0.894427190999916
neural_claq_lambda_s_0_4,16,advanced_degree_or_training,0.0,0.0
neural_claq_lambda_s_0_4,16,appearance_or_body_presentation,0.0,0.0
neural_claq_lambda_s_0_4,16,business_or_management_education,0.0,0.0
neural_claq_lambda_s_0_4,16,child_or_family_care_mentions,0.0,0.0
neural_claq_lambda_s_0_4,16,classroom_instruction,0.0,0.0
neural_claq_lambda_s_0_4,16,clinical_care,0.0,0.0
neural_claq_lambda_s_0_4,16,creative_or_artistic_work,0.0,0.0
neural_claq_lambda_s_0_4,16,female_gendered_titles,0.0,0.0
neural_claq_lambda_s_0_4,16,film_or_video_production,0.0,0.0
neural_claq_lambda_s_0_4,16,health_or_wellness_work,0.0,0.0
neural_claq_lambda_s_0_4,16,interior_or_decorative_design,0.0,0.0
neural_claq_lambda_s_0_4,16,legal_or_regulatory_work,0.0,0.0
neural_claq_lambda_s_0_4,16,legal_practice,0.0,0.0
neural_claq_lambda_s_0_4,16,legal_support_work,0.0,0.0
neural_claq_lambda_s_0_4,16,male_gendered_titles,0.0,0.0
neural_claq_lambda_s_0_4,16,media_interviews_or_features,0.0,0.0
neural_claq_lambda_s_0_4,16,public_presence_or_recognition,0.0,0.0
neural_claq_lambda_s_0_4,16,religious_ministry,0.0,0.0
neural_claq_lambda_s_0_4,16,research_publications,0.0,0.0
neural_claq_lambda_s_0_4,16,scientific_or_lab_research,0.0,0.0
neural_claq_lambda_s_0_4,16,spouse_or_partner_mentions,0.0,0.0
neural_claq_lambda_s_0_4,16,technical_infrastructure,0.0,0.0
neural_claq_lambda_s_0_4,17,education_or_academic_work,230.6,199.56527754095902
neural_claq_lambda_s_0_4,17,software_development,156.4,199.30077772050964
neural_claq_lambda_s_0_4,17,camera_or_photography_work,153.6,264.12364528758116
neural_claq_lambda_s_0_4,17,fashion_or_modeling_work,134.8,195.8958907174931
neural_claq_lambda_s_0_4,17,music_composition,124.2,243.03127370772677
neural_claq_lambda_s_0_4,17,teaching_or_instruction,113.6,169.29943886498856
neural_claq_lambda_s_0_4,17,management_or_leadership,103.2,230.7622152779783
neural_claq_lambda_s_0_4,17,nursing_care,97.2,210.70168485325408
neural_claq_lambda_s_0_4,17,manual_body_treatment,65.8,90.11770081399104
neural_claq_lambda_s_0_4,17,reporting_or_news_work,58.0,129.6919426949878
neural_claq_lambda_s_0_4,17,building_or_spatial_design,57.2,79.85424221667876
neural_claq_lambda_s_0_4,17,live_music_or_recording,57.0,84.84692098125895
neural_claq_lambda_s_0_4,17,nutrition_or_diet_guidance,53.6,114.29041954599695
neural_claq_lambda_s_0_4,17,comedy_or_stage_performance,52.2,54.979086933123945
neural_claq_lambda_s_0_4,17,financial_or_accounting_work,49.2,34.25200724045235
neural_claq_lambda_s_0_4,17,celebrity_or_public_attention,45.2,101.0702725829905
neural_claq_lambda_s_0_4,17,organizational_role_or_administration,44.6,99.72863179649063
neural_claq_lambda_s_0_4,17,media_or_publishing_work,41.6,51.72330229210041
neural_claq_lambda_s_0_4,17,parent_role_mentions,39.8,55.88559742903354
neural_claq_lambda_s_0_4,17,mind_body_practice,38.4,58.34637949350414
neural_claq_lambda_s_0_4,17,medical_training,30.6,45.119840425249734
neural_claq_lambda_s_0_4,17,therapy_or_counseling,28.6,55.170644368178266
neural_claq_lambda_s_0_4,17,interior_or_decorative_design,28.0,62.609903369994115
neural_claq_lambda_s_0_4,17,advanced_degree_or_training,25.4,56.79612662849466
neural_claq_lambda_s_0_4,17,surgical_work,25.0,55.90169943749475
neural_claq_lambda_s_0_4,17,university_affiliation,23.8,52.661181148926005
neural_claq_lambda_s_0_4,17,technical_or_engineering_work,23.6,44.03180668562216
neural_claq_lambda_s_0_4,17,visual_art_practice,16.8,27.160633276858626
neural_claq_lambda_s_0_4,17,female_pronouns,15.4,19.32097306038182
neural_claq_lambda_s_0_4,17,public_speaking_or_events,14.0,30.199337741082996
neural_claq_lambda_s_0_4,17,literary_writing,11.0,24.596747752497688
neural_claq_lambda_s_0_4,17,gendered_organization_or_award,10.0,19.60867155112758
neural_claq_lambda_s_0_4,17,male_pronouns,8.2,17.782013384316187
neural_claq_lambda_s_0_4,17,spouse_or_partner_mentions,8.2,17.782013384316187
neural_claq_lambda_s_0_4,17,dental_or_oral_health,7.6,15.372052563011877
neural_claq_lambda_s_0_4,17,fitness_instruction,4.2,5.495452665613635
neural_claq_lambda_s_0_4,17,design_work,1.0,2.23606797749979
neural_claq_lambda_s_0_4,17,legal_practice,1.0,2.23606797749979
neural_claq_lambda_s_0_4,17,film_or_video_production,0.6,1.3416407864998738
neural_claq_lambda_s_0_4,17,online_public_presence,0.4,0.894427190999916
neural_claq_lambda_s_0_4,17,business_or_client_service,0.2,0.447213595499958
neural_claq_lambda_s_0_4,17,classroom_instruction,0.2,0.4472135954999579
neural_claq_lambda_s_0_4,17,appearance_or_body_presentation,0.0,0.0
neural_claq_lambda_s_0_4,17,business_or_management_education,0.0,0.0
neural_claq_lambda_s_0_4,17,child_or_family_care_mentions,0.0,0.0
neural_claq_lambda_s_0_4,17,clinical_care,0.0,0.0
neural_claq_lambda_s_0_4,17,creative_or_artistic_work,0.0,0.0
neural_claq_lambda_s_0_4,17,female_gendered_titles,0.0,0.0
neural_claq_lambda_s_0_4,17,health_or_wellness_work,0.0,0.0
neural_claq_lambda_s_0_4,17,legal_or_regulatory_work,0.0,0.0
neural_claq_lambda_s_0_4,17,legal_support_work,0.0,0.0
neural_claq_lambda_s_0_4,17,male_gendered_titles,0.0,0.0
neural_claq_lambda_s_0_4,17,media_interviews_or_features,0.0,0.0
neural_claq_lambda_s_0_4,17,public_presence_or_recognition,0.0,0.0
neural_claq_lambda_s_0_4,17,religious_ministry,0.0,0.0
neural_claq_lambda_s_0_4,17,research_publications,0.0,0.0
neural_claq_lambda_s_0_4,17,scientific_or_lab_research,0.0,0.0
neural_claq_lambda_s_0_4,17,technical_infrastructure,0.0,0.0
neural_claq_lambda_s_0_4,18,software_development,260.6,408.739892841401
neural_claq_lambda_s_0_4,18,comedy_or_stage_performance,260.4,221.450445924139
neural_claq_lambda_s_0_4,18,public_speaking_or_events,133.8,266.9123451622274
neural_claq_lambda_s_0_4,18,interior_or_decorative_design,113.4,253.57010864847615
neural_claq_lambda_s_0_4,18,financial_or_accounting_work,89.8,108.31066429488834
neural_claq_lambda_s_0_4,18,music_composition,86.6,147.8573636989379
neural_claq_lambda_s_0_4,18,dental_or_oral_health,79.6,177.43252238527185
neural_claq_lambda_s_0_4,18,nursing_care,72.8,146.5919506657852
neural_claq_lambda_s_0_4,18,surgical_work,68.2,89.82315959706605
neural_claq_lambda_s_0_4,18,building_or_spatial_design,60.6,131.04312267341618
neural_claq_lambda_s_0_4,18,female_pronouns,57.8,89.77583193710878
neural_claq_lambda_s_0_4,18,education_or_academic_work,55.4,75.5367460246998
neural_claq_lambda_s_0_4,18,therapy_or_counseling,51.2,33.6853083702673
neural_claq_lambda_s_0_4,18,manual_body_treatment,49.8,104.77690585238715
neural_claq_lambda_s_0_4,18,mind_body_practice,48.0,86.08426104695329
neural_claq_lambda_s_0_4,18,technical_or_engineering_work,47.4,81.8400879764923
neural_claq_lambda_s_0_4,18,management_or_leadership,46.0,98.99242395254296
neural_claq_lambda_s_0_4,18,fitness_instruction,40.4,47.257803588402204
neural_claq_lambda_s_0_4,18,male_pronouns,39.0,49.764445139074944
neural_claq_lambda_s_0_4,18,celebrity_or_public_attention,38.2,64.97076265521284
neural_claq_lambda_s_0_4,18,fashion_or_modeling_work,35.0,53.54437412091021
neural_claq_lambda_s_0_4,18,teaching_or_instruction,31.0,41.30375285612676
neural_claq_lambda_s_0_4,18,live_music_or_recording,28.0,40.18084120572888
neural_claq_lambda_s_0_4,18,reporting_or_news_work,27.0,60.37383539249432
neural_claq_lambda_s_0_4,18,medical_training,21.6,30.582674833964408
neural_claq_lambda_s_0_4,18,media_or_publishing_work,20.6,43.86114453591014
neural_claq_lambda_s_0_4,18,online_public_presence,17.4,38.90758280849634
neural_claq_lambda_s_0_4,18,camera_or_photography_work,15.8,29.482198018465315
neural_claq_lambda_s_0_4,18,scientific_or_lab_research,15.8,35.32987404449668
neural_claq_lambda_s_0_4,18,advanced_degree_or_training,15.0,33.54101966249684
neural_claq_lambda_s_0_4,18,spouse_or_partner_mentions,14.8,30.873937228672343
neural_claq_lambda_s_0_4,18,visual_art_practice,12.0,18.986837546047525
neural_claq_lambda_s_0_4,18,female_gendered_titles,11.2,25.043961347997644
neural_claq_lambda_s_0_4,18,literary_writing,11.2,21.347130954767668
neural_claq_lambda_s_0_4,18,organizational_role_or_administration,9.4,21.019038988498025
neural_claq_lambda_s_0_4,18,design_work,4.6,10.285912696499032
neural_claq_lambda_s_0_4,18,gendered_organization_or_award,3.6,5.504543577809154
neural_claq_lambda_s_0_4,18,university_affiliation,2.4,5.366563145999495
neural_claq_lambda_s_0_4,18,nutrition_or_diet_guidance,1.4,1.6733200530681511
neural_claq_lambda_s_0_4,18,parent_role_mentions,1.4,1.949358868961793
neural_claq_lambda_s_0_4,18,legal_practice,0.6,1.3416407864998738
neural_claq_lambda_s_0_4,18,public_presence_or_recognition,0.6,1.3416407864998738
neural_claq_lambda_s_0_4,18,legal_or_regulatory_work,0.4,0.5477225575051661
neural_claq_lambda_s_0_4,18,business_or_client_service,0.2,0.447213595499958
neural_claq_lambda_s_0_4,18,appearance_or_body_presentation,0.0,0.0
neural_claq_lambda_s_0_4,18,business_or_management_education,0.0,0.0
neural_claq_lambda_s_0_4,18,child_or_family_care_mentions,0.0,0.0
neural_claq_lambda_s_0_4,18,classroom_instruction,0.0,0.0
neural_claq_lambda_s_0_4,18,clinical_care,0.0,0.0
neural_claq_lambda_s_0_4,18,creative_or_artistic_work,0.0,0.0
neural_claq_lambda_s_0_4,18,film_or_video_production,0.0,0.0
neural_claq_lambda_s_0_4,18,health_or_wellness_work,0.0,0.0
neural_claq_lambda_s_0_4,18,legal_support_work,0.0,0.0
neural_claq_lambda_s_0_4,18,male_gendered_titles,0.0,0.0
neural_claq_lambda_s_0_4,18,media_interviews_or_features,0.0,0.0
neural_claq_lambda_s_0_4,18,religious_ministry,0.0,0.0
neural_claq_lambda_s_0_4,18,research_publications,0.0,0.0
neural_claq_lambda_s_0_4,18,technical_infrastructure,0.0,0.0
neural_claq_lambda_s_0_4,19,music_composition,216.8,340.8763705509668
neural_claq_lambda_s_0_4,19,education_or_academic_work,152.0,198.5736639134203
neural_claq_lambda_s_0_4,19,mind_body_practice,135.6,209.89711765529321
neural_claq_lambda_s_0_4,19,comedy_or_stage_performance,126.4,100.09395586148047
neural_claq_lambda_s_0_4,19,fitness_instruction,124.4,211.89690889675575
neural_claq_lambda_s_0_4,19,building_or_spatial_design,117.8,184.49715444960123
neural_claq_lambda_s_0_4,19,teaching_or_instruction,104.0,203.72162379089755
neural_claq_lambda_s_0_4,19,manual_body_treatment,88.4,197.10986784024792
neural_claq_lambda_s_0_4,19,male_pronouns,84.8,124.42547970572588
neural_claq_lambda_s_0_4,19,public_speaking_or_events,75.8,103.63011145415217
neural_claq_lambda_s_0_4,19,software_development,70.2,116.94956177771681
neural_claq_lambda_s_0_4,19,medical_training,59.0,87.21238444166057
neural_claq_lambda_s_0_4,19,reporting_or_news_work,51.4,114.93389404348919
neural_claq_lambda_s_0_4,19,scientific_or_lab_research,47.8,87.67667876921433
neural_claq_lambda_s_0_4,19,financial_or_accounting_work,46.8,28.34960317182588
neural_claq_lambda_s_0_4,19,dental_or_oral_health,45.0,79.1296404642407
neural_claq_lambda_s_0_4,19,celebrity_or_public_attention,41.6,91.3471400756477
neural_claq_lambda_s_0_4,19,online_public_presence,40.8,91.23157348199142
neural_claq_lambda_s_0_4,19,therapy_or_counseling,37.6,55.12077648219408
neural_claq_lambda_s_0_4,19,university_affiliation,33.8,75.02133030012197
neural_claq_lambda_s_0_4,19,media_or_publishing_work,31.2,66.98283362175715
neural_claq_lambda_s_0_4,19,gendered_organization_or_award,29.6,53.32260308724622
neural_claq_lambda_s_0_4,19,visual_art_practice,23.0,33.823069050575526
neural_claq_lambda_s_0_4,19,female_gendered_titles,21.0,46.400431032480725
neural_claq_lambda_s_0_4,19,advanced_degree_or_training,19.6,43.82693235899588
neural_claq_lambda_s_0_4,19,literary_writing,19.0,41.376321731154405
neural_claq_lambda_s_0_4,19,fashion_or_modeling_work,18.6,22.199099080818574
neural_claq_lambda_s_0_4,19,organizational_role_or_administration,17.4,32.61594701982452
neural_claq_lambda_s_0_4,19,female_pronouns,17.0,28.257742301889582
neural_claq_lambda_s_0_4,19,business_or_client_service,13.0,29.068883707497267
neural_claq_lambda_s_0_4,19,parent_role_mentions,12.6,27.618834153526464
neural_claq_lambda_s_0_4,19,live_music_or_recording,11.4,22.722235805483578
neural_claq_lambda_s_0_4,19,nursing_care,11.4,14.099645385611653
neural_claq_lambda_s_0_4,19,management_or_leadership,9.6,21.46625258399798
neural_claq_lambda_s_0_4,19,technical_or_engineering_work,8.0,16.777961735562517
neural_claq_lambda_s_0_4,19,camera_or_photography_work,6.6,14.758048651498612
neural_claq_lambda_s_0_4,19,public_presence_or_recognition,6.6,14.758048651498612
neural_claq_lambda_s_0_4,19,spouse_or_partner_mentions,6.4,12.136721138759018
neural_claq_lambda_s_0_4,19,surgical_work,6.0,11.811011811017716
neural_claq_lambda_s_0_4,19,nutrition_or_diet_guidance,5.8,9.67987603226405
neural_claq_lambda_s_0_4,19,legal_practice,5.0,10.63014581273465
neural_claq_lambda_s_0_4,19,child_or_family_care_mentions,0.4,0.894427190999916
neural_claq_lambda_s_0_4,19,interior_or_decorative_design,0.4,0.8944271909999159
neural_claq_lambda_s_0_4,19,design_work,0.2,0.4472135954999579
neural_claq_lambda_s_0_4,19,film_or_video_production,0.2,0.447213595499958
neural_claq_lambda_s_0_4,19,appearance_or_body_presentation,0.0,0.0
neural_claq_lambda_s_0_4,19,business_or_management_education,0.0,0.0
neural_claq_lambda_s_0_4,19,classroom_instruction,0.0,0.0
neural_claq_lambda_s_0_4,19,clinical_care,0.0,0.0
neural_claq_lambda_s_0_4,19,creative_or_artistic_work,0.0,0.0
neural_claq_lambda_s_0_4,19,health_or_wellness_work,0.0,0.0
neural_claq_lambda_s_0_4,19,legal_or_regulatory_work,0.0,0.0
neural_claq_lambda_s_0_4,19,legal_support_work,0.0,0.0
neural_claq_lambda_s_0_4,19,male_gendered_titles,0.0,0.0
neural_claq_lambda_s_0_4,19,media_interviews_or_features,0.0,0.0
neural_claq_lambda_s_0_4,19,religious_ministry,0.0,0.0
neural_claq_lambda_s_0_4,19,research_publications,0.0,0.0
neural_claq_lambda_s_0_4,19,technical_infrastructure,0.0,0.0
neural_claq_lambda_s_0_4,20,organizational_role_or_administration,145.0,210.8838542895117
neural_claq_lambda_s_0_4,20,reporting_or_news_work,130.2,256.34976106873984
neural_claq_lambda_s_0_4,20,gendered_organization_or_award,128.8,249.8813718547263
neural_claq_lambda_s_0_4,20,public_presence_or_recognition,112.8,252.22846786197627
neural_claq_lambda_s_0_4,20,fashion_or_modeling_work,102.8,184.22459119238127
neural_claq_lambda_s_0_4,20,fitness_instruction,102.8,106.94484559809322
neural_claq_lambda_s_0_4,20,software_development,100.0,129.9807678081646
neural_claq_lambda_s_0_4,20,music_composition,95.6,176.1712235298376
neural_claq_lambda_s_0_4,20,teaching_or_instruction,93.4,92.1129741133137
neural_claq_lambda_s_0_4,20,medical_training,92.2,201.71440206390815
neural_claq_lambda_s_0_4,20,male_pronouns,85.0,87.02873088813831
neural_claq_lambda_s_0_4,20,live_music_or_recording,78.8,109.01697115587096
neural_claq_lambda_s_0_4,20,business_or_client_service,75.6,157.03757512137022
neural_claq_lambda_s_0_4,20,female_pronouns,74.4,82.8993365474055
neural_claq_lambda_s_0_4,20,scientific_or_lab_research,59.8,85.64578214950225
neural_claq_lambda_s_0_4,20,mind_body_practice,55.4,100.42310491117071
neural_claq_lambda_s_0_4,20,spouse_or_partner_mentions,46.6,66.08555061433627
neural_claq_lambda_s_0_4,20,nursing_care,44.2,96.60590044091511
neural_claq_lambda_s_0_4,20,building_or_spatial_design,42.0,92.80086206496145
neural_claq_lambda_s_0_4,20,technical_or_engineering_work,36.6,54.61501625011202
neural_claq_lambda_s_0_4,20,comedy_or_stage_performance,34.4,52.376521457614956
neural_claq_lambda_s_0_4,20,surgical_work,29.0,36.7627528893036
neural_claq_lambda_s_0_4,20,female_gendered_titles,22.2,30.01999333777408
neural_claq_lambda_s_0_4,20,online_public_presence,21.4,47.8518547184955
neural_claq_lambda_s_0_4,20,parent_role_mentions,17.6,39.354796403996296
neural_claq_lambda_s_0_4,20,therapy_or_counseling,16.4,26.510375327407193
neural_claq_lambda_s_0_4,20,financial_or_accounting_work,15.8,20.80144225768973
neural_claq_lambda_s_0_4,20,visual_art_practice,15.0,26.589471600616662
neural_claq_lambda_s_0_4,20,legal_practice,14.4,29.483893908369698
neural_claq_lambda_s_0_4,20,media_or_publishing_work,14.0,29.120439557122076
neural_claq_lambda_s_0_4,20,university_affiliation,11.8,18.390214789392754
neural_claq_lambda_s_0_4,20,education_or_academic_work,11.2,13.255187663703596
neural_claq_lambda_s_0_4,20,public_speaking_or_events,10.6,16.935170504013236
neural_claq_lambda_s_0_4,20,celebrity_or_public_attention,9.4,16.45600194457937
neural_claq_lambda_s_0_4,20,child_or_family_care_mentions,9.4,20.464603587658374
neural_claq_lambda_s_0_4,20,nutrition_or_diet_guidance,9.4,18.35211159512714
neural_claq_lambda_s_0_4,20,advanced_degree_or_training,7.8,17.44133022449836
neural_claq_lambda_s_0_4,20,dental_or_oral_health,6.0,12.864680330268609
neural_claq_lambda_s_0_4,20,interior_or_decorative_design,5.2,11.627553482998906
neural_claq_lambda_s_0_4,20,manual_body_treatment,4.2,7.8230428862431785
neural_claq_lambda_s_0_4,20,management_or_leadership,4.0,8.944271909999157
neural_claq_lambda_s_0_4,20,business_or_management_education,3.4,7.602631123499285
neural_claq_lambda_s_0_4,20,literary_writing,2.6,3.5777087639996634
neural_claq_lambda_s_0_4,20,camera_or_photography_work,1.2,2.16794833886788
neural_claq_lambda_s_0_4,20,design_work,0.4,0.8944271909999159
neural_claq_lambda_s_0_4,20,film_or_video_production,0.4,0.5477225575051661
neural_claq_lambda_s_0_4,20,research_publications,0.4,0.8944271909999159
neural_claq_lambda_s_0_4,20,legal_or_regulatory_work,0.2,0.447213595499958
neural_claq_lambda_s_0_4,20,religious_ministry,0.2,0.447213595499958
neural_claq_lambda_s_0_4,20,appearance_or_body_presentation,0.0,0.0
neural_claq_lambda_s_0_4,20,classroom_instruction,0.0,0.0
neural_claq_lambda_s_0_4,20,clinical_care,0.0,0.0
neural_claq_lambda_s_0_4,20,creative_or_artistic_work,0.0,0.0
neural_claq_lambda_s_0_4,20,health_or_wellness_work,0.0,0.0
neural_claq_lambda_s_0_4,20,legal_support_work,0.0,0.0
neural_claq_lambda_s_0_4,20,male_gendered_titles,0.0,0.0
neural_claq_lambda_s_0_4,20,media_interviews_or_features,0.0,0.0
neural_claq_lambda_s_0_4,20,technical_infrastructure,0.0,0.0
