run_name,budget,query_concept,count,count_std
neural_baseline_lambda_s_0,1,health_or_wellness_work,1200.0,1095.4451150103323
neural_baseline_lambda_s_0,1,female_pronouns,800.0,1095.4451150103323
neural_baseline_lambda_s_0,1,advanced_degree_or_training,0.0,0.0
neural_baseline_lambda_s_0,1,appearance_or_body_presentation,0.0,0.0
neural_baseline_lambda_s_0,1,building_or_spatial_design,0.0,0.0
neural_baseline_lambda_s_0,1,business_or_client_service,0.0,0.0
neural_baseline_lambda_s_0,1,business_or_management_education,0.0,0.0
neural_baseline_lambda_s_0,1,camera_or_photography_work,0.0,0.0
neural_baseline_lambda_s_0,1,celebrity_or_public_attention,0.0,0.0
neural_baseline_lambda_s_0,1,child_or_family_care_mentions,0.0,0.0
neural_baseline_lambda_s_0,1,classroom_instruction,0.0,0.0
neural_baseline_lambda_s_0,1,clinical_care,0.0,0.0
neural_baseline_lambda_s_0,1,comedy_or_stage_performance,0.0,0.0
neural_baseline_lambda_s_0,1,creative_or_artistic_work,0.0,0.0
neural_baseline_lambda_s_0,1,dental_or_oral_health,0.0,0.0
neural_baseline_lambda_s_0,1,design_work,0.0,0.0
neural_baseline_lambda_s_0,1,education_or_academic_work,0.0,0.0
neural_baseline_lambda_s_0,1,fashion_or_modeling_work,0.0,0.0
neural_baseline_lambda_s_0,1,female_gendered_titles,0.0,0.0
neural_baseline_lambda_s_0,1,film_or_video_production,0.0,0.0
neural_baseline_lambda_s_0,1,financial_or_accounting_work,0.0,0.0
neural_baseline_lambda_s_0,1,fitness_instruction,0.0,0.0
neural_baseline_lambda_s_0,1,gendered_organization_or_award,0.0,0.0
neural_baseline_lambda_s_0,1,interior_or_decorative_design,0.0,0.0
neural_baseline_lambda_s_0,1,legal_or_regulatory_work,0.0,0.0
neural_baseline_lambda_s_0,1,legal_practice,0.0,0.0
neural_baseline_lambda_s_0,1,legal_support_work,0.0,0.0
neural_baseline_lambda_s_0,1,literary_writing,0.0,0.0
neural_baseline_lambda_s_0,1,live_music_or_recording,0.0,0.0
neural_baseline_lambda_s_0,1,male_gendered_titles,0.0,0.0
neural_baseline_lambda_s_0,1,male_pronouns,0.0,0.0
neural_baseline_lambda_s_0,1,management_or_leadership,0.0,0.0
neural_baseline_lambda_s_0,1,manual_body_treatment,0.0,0.0
neural_baseline_lambda_s_0,1,media_interviews_or_features,0.0,0.0
neural_baseline_lambda_s_0,1,media_or_publishing_work,0.0,0.0
neural_baseline_lambda_s_0,1,medical_training,0.0,0.0
neural_baseline_lambda_s_0,1,mind_body_practice,0.0,0.0
neural_baseline_lambda_s_0,1,music_composition,0.0,0.0
neural_baseline_lambda_s_0,1,nursing_care,0.0,0.0
neural_baseline_lambda_s_0,1,nutrition_or_diet_guidance,0.0,0.0
neural_baseline_lambda_s_0,1,online_public_presence,0.0,0.0
neural_baseline_lambda_s_0,1,organizational_role_or_administration,0.0,0.0
neural_baseline_lambda_s_0,1,parent_role_mentions,0.0,0.0
neural_baseline_lambda_s_0,1,public_presence_or_recognition,0.0,0.0
neural_baseline_lambda_s_0,1,public_speaking_or_events,0.0,0.0
neural_baseline_lambda_s_0,1,religious_ministry,0.0,0.0
neural_baseline_lambda_s_0,1,reporting_or_news_work,0.0,0.0
neural_baseline_lambda_s_0,1,research_publications,0.0,0.0
neural_baseline_lambda_s_0,1,scientific_or_lab_research,0.0,0.0
neural_baseline_lambda_s_0,1,software_development,0.0,0.0
neural_baseline_lambda_s_0,1,spouse_or_partner_mentions,0.0,0.0
neural_baseline_lambda_s_0,1,surgical_work,0.0,0.0
neural_baseline_lambda_s_0,1,teaching_or_instruction,0.0,0.0
neural_baseline_lambda_s_0,1,technical_infrastructure,0.0,0.0
neural_baseline_lambda_s_0,1,technical_or_engineering_work,0.0,0.0
neural_baseline_lambda_s_0,1,therapy_or_counseling,0.0,0.0
neural_baseline_lambda_s_0,1,university_affiliation,0.0,0.0
neural_baseline_lambda_s_0,1,visual_art_practice,0.0,0.0
neural_baseline_lambda_s_0,2,creative_or_artistic_work,1193.4,734.6821081256845
neural_baseline_lambda_s_0,2,male_pronouns,279.6,625.2046065089412
neural_baseline_lambda_s_0,2,female_pronouns,240.8,329.72897961811
neural_baseline_lambda_s_0,2,legal_or_regulatory_work,165.8,370.7400706694651
neural_baseline_lambda_s_0,2,nursing_care,120.4,269.22258449097467
neural_baseline_lambda_s_0,2,advanced_degree_or_training,0.0,0.0
neural_baseline_lambda_s_0,2,appearance_or_body_presentation,0.0,0.0
neural_baseline_lambda_s_0,2,building_or_spatial_design,0.0,0.0
neural_baseline_lambda_s_0,2,business_or_client_service,0.0,0.0
neural_baseline_lambda_s_0,2,business_or_management_education,0.0,0.0
neural_baseline_lambda_s_0,2,camera_or_photography_work,0.0,0.0
neural_baseline_lambda_s_0,2,celebrity_or_public_attention,0.0,0.0
neural_baseline_lambda_s_0,2,child_or_family_care_mentions,0.0,0.0
neural_baseline_lambda_s_0,2,classroom_instruction,0.0,0.0
neural_baseline_lambda_s_0,2,clinical_care,0.0,0.0
neural_baseline_lambda_s_0,2,comedy_or_stage_performance,0.0,0.0
neural_baseline_lambda_s_0,2,dental_or_oral_health,0.0,0.0
neural_baseline_lambda_s_0,2,design_work,0.0,0.0
neural_baseline_lambda_s_0,2,education_or_academic_work,0.0,0.0
neural_baseline_lambda_s_0,2,fashion_or_modeling_work,0.0,0.0
neural_baseline_lambda_s_0,2,female_gendered_titles,0.0,0.0
neural_baseline_lambda_s_0,2,film_or_video_production,0.0,0.0
neural_baseline_lambda_s_0,2,financial_or_accounting_work,0.0,0.0
neural_baseline_lambda_s_0,2,fitness_instruction,0.0,0.0
neural_baseline_lambda_s_0,2,gendered_organization_or_award,0.0,0.0
neural_baseline_lambda_s_0,2,health_or_wellness_work,0.0,0.0
neural_baseline_lambda_s_0,2,interior_or_decorative_design,0.0,0.0
neural_baseline_lambda_s_0,2,legal_practice,0.0,0.0
neural_baseline_lambda_s_0,2,legal_support_work,0.0,0.0
neural_baseline_lambda_s_0,2,literary_writing,0.0,0.0
neural_baseline_lambda_s_0,2,live_music_or_recording,0.0,0.0
neural_baseline_lambda_s_0,2,male_gendered_titles,0.0,0.0
neural_baseline_lambda_s_0,2,management_or_leadership,0.0,0.0
neural_baseline_lambda_s_0,2,manual_body_treatment,0.0,0.0
neural_baseline_lambda_s_0,2,media_interviews_or_features,0.0,0.0
neural_baseline_lambda_s_0,2,media_or_publishing_work,0.0,0.0
neural_baseline_lambda_s_0,2,medical_training,0.0,0.0
neural_baseline_lambda_s_0,2,mind_body_practice,0.0,0.0
neural_baseline_lambda_s_0,2,music_composition,0.0,0.0
neural_baseline_lambda_s_0,2,nutrition_or_diet_guidance,0.0,0.0
neural_baseline_lambda_s_0,2,online_public_presence,0.0,0.0
neural_baseline_lambda_s_0,2,organizational_role_or_administration,0.0,0.0
neural_baseline_lambda_s_0,2,parent_role_mentions,0.0,0.0
neural_baseline_lambda_s_0,2,public_presence_or_recognition,0.0,0.0
neural_baseline_lambda_s_0,2,public_speaking_or_events,0.0,0.0
neural_baseline_lambda_s_0,2,religious_ministry,0.0,0.0
neural_baseline_lambda_s_0,2,reporting_or_news_work,0.0,0.0
neural_baseline_lambda_s_0,2,research_publications,0.0,0.0
neural_baseline_lambda_s_0,2,scientific_or_lab_research,0.0,0.0
neural_baseline_lambda_s_0,2,software_development,0.0,0.0
neural_baseline_lambda_s_0,2,spouse_or_partner_mentions,0.0,0.0
neural_baseline_lambda_s_0,2,surgical_work,0.0,0.0
neural_baseline_lambda_s_0,2,teaching_or_instruction,0.0,0.0
neural_baseline_lambda_s_0,2,technical_infrastructure,0.0,0.0
neural_baseline_lambda_s_0,2,technical_or_engineering_work,0.0,0.0
neural_baseline_lambda_s_0,2,therapy_or_counseling,0.0,0.0
neural_baseline_lambda_s_0,2,university_affiliation,0.0,0.0
neural_baseline_lambda_s_0,2,visual_art_practice,0.0,0.0
neural_baseline_lambda_s_0,3,health_or_wellness_work,559.8,771.0273665700848
neural_baseline_lambda_s_0,3,visual_art_practice,284.8,308.78584812131527
neural_baseline_lambda_s_0,3,legal_or_regulatory_work,247.6,342.9472262608345
neural_baseline_lambda_s_0,3,female_pronouns,247.4,342.7299228255391
neural_baseline_lambda_s_0,3,clinical_care,240.8,329.72897961811
neural_baseline_lambda_s_0,3,creative_or_artistic_work,170.4,381.0259833659641
neural_baseline_lambda_s_0,3,design_work,141.2,315.7327984229703
neural_baseline_lambda_s_0,3,film_or_video_production,96.6,216.0041666264797
neural_baseline_lambda_s_0,3,male_pronouns,11.4,25.4911749434976
neural_baseline_lambda_s_0,3,advanced_degree_or_training,0.0,0.0
neural_baseline_lambda_s_0,3,appearance_or_body_presentation,0.0,0.0
neural_baseline_lambda_s_0,3,building_or_spatial_design,0.0,0.0
neural_baseline_lambda_s_0,3,business_or_client_service,0.0,0.0
neural_baseline_lambda_s_0,3,business_or_management_education,0.0,0.0
neural_baseline_lambda_s_0,3,camera_or_photography_work,0.0,0.0
neural_baseline_lambda_s_0,3,celebrity_or_public_attention,0.0,0.0
neural_baseline_lambda_s_0,3,child_or_family_care_mentions,0.0,0.0
neural_baseline_lambda_s_0,3,classroom_instruction,0.0,0.0
neural_baseline_lambda_s_0,3,comedy_or_stage_performance,0.0,0.0
neural_baseline_lambda_s_0,3,dental_or_oral_health,0.0,0.0
neural_baseline_lambda_s_0,3,education_or_academic_work,0.0,0.0
neural_baseline_lambda_s_0,3,fashion_or_modeling_work,0.0,0.0
neural_baseline_lambda_s_0,3,female_gendered_titles,0.0,0.0
neural_baseline_lambda_s_0,3,financial_or_accounting_work,0.0,0.0
neural_baseline_lambda_s_0,3,fitness_instruction,0.0,0.0
neural_baseline_lambda_s_0,3,gendered_organization_or_award,0.0,0.0
neural_baseline_lambda_s_0,3,interior_or_decorative_design,0.0,0.0
neural_baseline_lambda_s_0,3,legal_practice,0.0,0.0
neural_baseline_lambda_s_0,3,legal_support_work,0.0,0.0
neural_baseline_lambda_s_0,3,literary_writing,0.0,0.0
neural_baseline_lambda_s_0,3,live_music_or_recording,0.0,0.0
neural_baseline_lambda_s_0,3,male_gendered_titles,0.0,0.0
neural_baseline_lambda_s_0,3,management_or_leadership,0.0,0.0
neural_baseline_lambda_s_0,3,manual_body_treatment,0.0,0.0
neural_baseline_lambda_s_0,3,media_interviews_or_features,0.0,0.0
neural_baseline_lambda_s_0,3,media_or_publishing_work,0.0,0.0
neural_baseline_lambda_s_0,3,medical_training,0.0,0.0
neural_baseline_lambda_s_0,3,mind_body_practice,0.0,0.0
neural_baseline_lambda_s_0,3,music_composition,0.0,0.0
neural_baseline_lambda_s_0,3,nursing_care,0.0,0.0
neural_baseline_lambda_s_0,3,nutrition_or_diet_guidance,0.0,0.0
neural_baseline_lambda_s_0,3,online_public_presence,0.0,0.0
neural_baseline_lambda_s_0,3,organizational_role_or_administration,0.0,0.0
neural_baseline_lambda_s_0,3,parent_role_mentions,0.0,0.0
neural_baseline_lambda_s_0,3,public_presence_or_recognition,0.0,0.0
neural_baseline_lambda_s_0,3,public_speaking_or_events,0.0,0.0
neural_baseline_lambda_s_0,3,religious_ministry,0.0,0.0
neural_baseline_lambda_s_0,3,reporting_or_news_work,0.0,0.0
neural_baseline_lambda_s_0,3,research_publications,0.0,0.0
neural_baseline_lambda_s_0,3,scientific_or_lab_research,0.0,0.0
neural_baseline_lambda_s_0,3,software_development,0.0,0.0
neural_baseline_lambda_s_0,3,spouse_or_partner_mentions,0.0,0.0
neural_baseline_lambda_s_0,3,surgical_work,0.0,0.0
neural_baseline_lambda_s_0,3,teaching_or_instruction,0.0,0.0
neural_baseline_lambda_s_0,3,technical_infrastructure,0.0,0.0
neural_baseline_lambda_s_0,3,technical_or_engineering_work,0.0,0.0
neural_baseline_lambda_s_0,3,therapy_or_counseling,0.0,0.0
neural_baseline_lambda_s_0,3,university_affiliation,0.0,0.0
neural_baseline_lambda_s_0,4,visual_art_practice,317.0,309.72407074685043
neural_baseline_lambda_s_0,4,clinical_care,303.6,313.8412018840101
neural_baseline_lambda_s_0,4,male_pronouns,279.6,625.2046065089412
neural_baseline_lambda_s_0,4,dental_or_oral_health,209.0,171.52988077883106
neural_baseline_lambda_s_0,4,design_work,178.0,243.96721091163047
neural_baseline_lambda_s_0,4,technical_or_engineering_work,162.8,222.9230809046026
neural_baseline_lambda_s_0,4,nursing_care,142.4,197.2379273872041
neural_baseline_lambda_s_0,4,legal_or_regulatory_work,134.2,187.1982905904859
neural_baseline_lambda_s_0,4,creative_or_artistic_work,115.8,87.7564812421282
neural_baseline_lambda_s_0,4,film_or_video_production,81.0,181.12150617748296
neural_baseline_lambda_s_0,4,literary_writing,61.0,136.40014662748717
neural_baseline_lambda_s_0,4,camera_or_photography_work,15.6,34.88266044899672
neural_baseline_lambda_s_0,4,advanced_degree_or_training,0.0,0.0
neural_baseline_lambda_s_0,4,appearance_or_body_presentation,0.0,0.0
neural_baseline_lambda_s_0,4,building_or_spatial_design,0.0,0.0
neural_baseline_lambda_s_0,4,business_or_client_service,0.0,0.0
neural_baseline_lambda_s_0,4,business_or_management_education,0.0,0.0
neural_baseline_lambda_s_0,4,celebrity_or_public_attention,0.0,0.0
neural_baseline_lambda_s_0,4,child_or_family_care_mentions,0.0,0.0
neural_baseline_lambda_s_0,4,classroom_instruction,0.0,0.0
neural_baseline_lambda_s_0,4,comedy_or_stage_performance,0.0,0.0
neural_baseline_lambda_s_0,4,education_or_academic_work,0.0,0.0
neural_baseline_lambda_s_0,4,fashion_or_modeling_work,0.0,0.0
neural_baseline_lambda_s_0,4,female_gendered_titles,0.0,0.0
neural_baseline_lambda_s_0,4,female_pronouns,0.0,0.0
neural_baseline_lambda_s_0,4,financial_or_accounting_work,0.0,0.0
neural_baseline_lambda_s_0,4,fitness_instruction,0.0,0.0
neural_baseline_lambda_s_0,4,gendered_organization_or_award,0.0,0.0
neural_baseline_lambda_s_0,4,health_or_wellness_work,0.0,0.0
neural_baseline_lambda_s_0,4,interior_or_decorative_design,0.0,0.0
neural_baseline_lambda_s_0,4,legal_practice,0.0,0.0
neural_baseline_lambda_s_0,4,legal_support_work,0.0,0.0
neural_baseline_lambda_s_0,4,live_music_or_recording,0.0,0.0
neural_baseline_lambda_s_0,4,male_gendered_titles,0.0,0.0
neural_baseline_lambda_s_0,4,management_or_leadership,0.0,0.0
neural_baseline_lambda_s_0,4,manual_body_treatment,0.0,0.0
neural_baseline_lambda_s_0,4,media_interviews_or_features,0.0,0.0
neural_baseline_lambda_s_0,4,media_or_publishing_work,0.0,0.0
neural_baseline_lambda_s_0,4,medical_training,0.0,0.0
neural_baseline_lambda_s_0,4,mind_body_practice,0.0,0.0
neural_baseline_lambda_s_0,4,music_composition,0.0,0.0
neural_baseline_lambda_s_0,4,nutrition_or_diet_guidance,0.0,0.0
neural_baseline_lambda_s_0,4,online_public_presence,0.0,0.0
neural_baseline_lambda_s_0,4,organizational_role_or_administration,0.0,0.0
neural_baseline_lambda_s_0,4,parent_role_mentions,0.0,0.0
neural_baseline_lambda_s_0,4,public_presence_or_recognition,0.0,0.0
neural_baseline_lambda_s_0,4,public_speaking_or_events,0.0,0.0
neural_baseline_lambda_s_0,4,religious_ministry,0.0,0.0
neural_baseline_lambda_s_0,4,reporting_or_news_work,0.0,0.0
neural_baseline_lambda_s_0,4,research_publications,0.0,0.0
neural_baseline_lambda_s_0,4,scientific_or_lab_research,0.0,0.0
neural_baseline_lambda_s_0,4,software_development,0.0,0.0
neural_baseline_lambda_s_0,4,spouse_or_partner_mentions,0.0,0.0
neural_baseline_lambda_s_0,4,surgical_work,0.0,0.0
neural_baseline_lambda_s_0,4,teaching_or_instruction,0.0,0.0
neural_baseline_lambda_s_0,4,technical_infrastructure,0.0,0.0
neural_baseline_lambda_s_0,4,therapy_or_counseling,0.0,0.0
neural_baseline_lambda_s_0,4,university_affiliation,0.0,0.0
neural_baseline_lambda_s_0,5,live_music_or_recording,314.0,306.92099960739085
neural_baseline_lambda_s_0,5,clinical_care,285.6,220.22102533591112
neural_baseline_lambda_s_0,5,dental_or_oral_health,256.2,241.52163464170243
neural_baseline_lambda_s_0,5,design_work,233.2,395.6048533574885
neural_baseline_lambda_s_0,5,visual_art_practice,220.8,298.7418618138409
neural_baseline_lambda_s_0,5,creative_or_artistic_work,218.2,309.74376507042075
neural_baseline_lambda_s_0,5,legal_or_regulatory_work,191.0,205.4105644800189
neural_baseline_lambda_s_0,5,literary_writing,82.6,184.69921494148264
neural_baseline_lambda_s_0,5,nursing_care,79.6,177.99101100898326
neural_baseline_lambda_s_0,5,technical_or_engineering_work,73.8,123.54027683310412
neural_baseline_lambda_s_0,5,film_or_video_production,33.0,45.2990066116245
neural_baseline_lambda_s_0,5,male_pronouns,10.6,23.70232056149777
neural_baseline_lambda_s_0,5,female_pronouns,1.4,3.1304951684997055
neural_baseline_lambda_s_0,5,advanced_degree_or_training,0.0,0.0
neural_baseline_lambda_s_0,5,appearance_or_body_presentation,0.0,0.0
neural_baseline_lambda_s_0,5,building_or_spatial_design,0.0,0.0
neural_baseline_lambda_s_0,5,business_or_client_service,0.0,0.0
neural_baseline_lambda_s_0,5,business_or_management_education,0.0,0.0
neural_baseline_lambda_s_0,5,camera_or_photography_work,0.0,0.0
neural_baseline_lambda_s_0,5,celebrity_or_public_attention,0.0,0.0
neural_baseline_lambda_s_0,5,child_or_family_care_mentions,0.0,0.0
neural_baseline_lambda_s_0,5,classroom_instruction,0.0,0.0
neural_baseline_lambda_s_0,5,comedy_or_stage_performance,0.0,0.0
neural_baseline_lambda_s_0,5,education_or_academic_work,0.0,0.0
neural_baseline_lambda_s_0,5,fashion_or_modeling_work,0.0,0.0
neural_baseline_lambda_s_0,5,female_gendered_titles,0.0,0.0
neural_baseline_lambda_s_0,5,financial_or_accounting_work,0.0,0.0
neural_baseline_lambda_s_0,5,fitness_instruction,0.0,0.0
neural_baseline_lambda_s_0,5,gendered_organization_or_award,0.0,0.0
neural_baseline_lambda_s_0,5,health_or_wellness_work,0.0,0.0
neural_baseline_lambda_s_0,5,interior_or_decorative_design,0.0,0.0
neural_baseline_lambda_s_0,5,legal_practice,0.0,0.0
neural_baseline_lambda_s_0,5,legal_support_work,0.0,0.0
neural_baseline_lambda_s_0,5,male_gendered_titles,0.0,0.0
neural_baseline_lambda_s_0,5,management_or_leadership,0.0,0.0
neural_baseline_lambda_s_0,5,manual_body_treatment,0.0,0.0
neural_baseline_lambda_s_0,5,media_interviews_or_features,0.0,0.0
neural_baseline_lambda_s_0,5,media_or_publishing_work,0.0,0.0
neural_baseline_lambda_s_0,5,medical_training,0.0,0.0
neural_baseline_lambda_s_0,5,mind_body_practice,0.0,0.0
neural_baseline_lambda_s_0,5,music_composition,0.0,0.0
neural_baseline_lambda_s_0,5,nutrition_or_diet_guidance,0.0,0.0
neural_baseline_lambda_s_0,5,online_public_presence,0.0,0.0
neural_baseline_lambda_s_0,5,organizational_role_or_administration,0.0,0.0
neural_baseline_lambda_s_0,5,parent_role_mentions,0.0,0.0
neural_baseline_lambda_s_0,5,public_presence_or_recognition,0.0,0.0
neural_baseline_lambda_s_0,5,public_speaking_or_events,0.0,0.0
neural_baseline_lambda_s_0,5,religious_ministry,0.0,0.0
neural_baseline_lambda_s_0,5,reporting_or_news_work,0.0,0.0
neural_baseline_lambda_s_0,5,research_publications,0.0,0.0
neural_baseline_lambda_s_0,5,scientific_or_lab_research,0.0,0.0
neural_baseline_lambda_s_0,5,software_development,0.0,0.0
neural_baseline_lambda_s_0,5,spouse_or_partner_mentions,0.0,0.0
neural_baseline_lambda_s_0,5,surgical_work,0.0,0.0
neural_baseline_lambda_s_0,5,teaching_or_instruction,0.0,0.0
neural_baseline_lambda_s_0,5,technical_infrastructure,0.0,0.0
neural_baseline_lambda_s_0,5,therapy_or_counseling,0.0,0.0
neural_baseline_lambda_s_0,5,university_affiliation,0.0,0.0
neural_baseline_lambda_s_0,6,clinical_care,363.8,223.32084542200712
neural_baseline_lambda_s_0,6,design_work,229.4,276.2938652956305
neural_baseline_lambda_s_0,6,legal_or_regulatory_work,208.0,292.24304953240545
neural_baseline_lambda_s_0,6,nursing_care,193.2,143.78699523948612
neural_baseline_lambda_s_0,6,visual_art_practice,181.6,264.0138253955652
neural_baseline_lambda_s_0,6,female_pronouns,150.6,307.4553626138273
neural_baseline_lambda_s_0,6,male_pronouns,149.8,206.25275755732332
neural_baseline_lambda_s_0,6,literary_writing,115.2,178.1227105116021
neural_baseline_lambda_s_0,6,live_music_or_recording,113.4,205.8271119167735
neural_baseline_lambda_s_0,6,creative_or_artistic_work,108.8,172.97022865221635
neural_baseline_lambda_s_0,6,film_or_video_production,88.6,131.98408995026634
neural_baseline_lambda_s_0,6,technical_or_engineering_work,50.8,113.59225325698932
neural_baseline_lambda_s_0,6,dental_or_oral_health,45.6,48.428297512921105
neural_baseline_lambda_s_0,6,camera_or_photography_work,1.2,2.6832815729997477
neural_baseline_lambda_s_0,6,advanced_degree_or_training,0.0,0.0
neural_baseline_lambda_s_0,6,appearance_or_body_presentation,0.0,0.0
neural_baseline_lambda_s_0,6,building_or_spatial_design,0.0,0.0
neural_baseline_lambda_s_0,6,business_or_client_service,0.0,0.0
neural_baseline_lambda_s_0,6,business_or_management_education,0.0,0.0
neural_baseline_lambda_s_0,6,celebrity_or_public_attention,0.0,0.0
neural_baseline_lambda_s_0,6,child_or_family_care_mentions,0.0,0.0
neural_baseline_lambda_s_0,6,classroom_instruction,0.0,0.0
neural_baseline_lambda_s_0,6,comedy_or_stage_performance,0.0,0.0
neural_baseline_lambda_s_0,6,education_or_academic_work,0.0,0.0
neural_baseline_lambda_s_0,6,fashion_or_modeling_work,0.0,0.0
neural_baseline_lambda_s_0,6,female_gendered_titles,0.0,0.0
neural_baseline_lambda_s_0,6,financial_or_accounting_work,0.0,0.0
neural_baseline_lambda_s_0,6,fitness_instruction,0.0,0.0
neural_baseline_lambda_s_0,6,gendered_organization_or_award,0.0,0.0
neural_baseline_lambda_s_0,6,health_or_wellness_work,0.0,0.0
neural_baseline_lambda_s_0,6,interior_or_decorative_design,0.0,0.0
neural_baseline_lambda_s_0,6,legal_practice,0.0,0.0
neural_baseline_lambda_s_0,6,legal_support_work,0.0,0.0
neural_baseline_lambda_s_0,6,male_gendered_titles,0.0,0.0
neural_baseline_lambda_s_0,6,management_or_leadership,0.0,0.0
neural_baseline_lambda_s_0,6,manual_body_treatment,0.0,0.0
neural_baseline_lambda_s_0,6,media_interviews_or_features,0.0,0.0
neural_baseline_lambda_s_0,6,media_or_publishing_work,0.0,0.0
neural_baseline_lambda_s_0,6,medical_training,0.0,0.0
neural_baseline_lambda_s_0,6,mind_body_practice,0.0,0.0
neural_baseline_lambda_s_0,6,music_composition,0.0,0.0
neural_baseline_lambda_s_0,6,nutrition_or_diet_guidance,0.0,0.0
neural_baseline_lambda_s_0,6,online_public_presence,0.0,0.0
neural_baseline_lambda_s_0,6,organizational_role_or_administration,0.0,0.0
neural_baseline_lambda_s_0,6,parent_role_mentions,0.0,0.0
neural_baseline_lambda_s_0,6,public_presence_or_recognition,0.0,0.0
neural_baseline_lambda_s_0,6,public_speaking_or_events,0.0,0.0
neural_baseline_lambda_s_0,6,religious_ministry,0.0,0.0
neural_baseline_lambda_s_0,6,reporting_or_news_work,0.0,0.0
neural_baseline_lambda_s_0,6,research_publications,0.0,0.0
neural_baseline_lambda_s_0,6,scientific_or_lab_research,0.0,0.0
neural_baseline_lambda_s_0,6,software_development,0.0,0.0
neural_baseline_lambda_s_0,6,spouse_or_partner_mentions,0.0,0.0
neural_baseline_lambda_s_0,6,surgical_work,0.0,0.0
neural_baseline_lambda_s_0,6,teaching_or_instruction,0.0,0.0
neural_baseline_lambda_s_0,6,technical_infrastructure,0.0,0.0
neural_baseline_lambda_s_0,6,therapy_or_counseling,0.0,0.0
neural_baseline_lambda_s_0,6,university_affiliation,0.0,0.0
neural_baseline_lambda_s_0,7,visual_art_practice,282.6,164.47887402338333
neural_baseline_lambda_s_0,7,clinical_care,189.6,198.3993447569825
neural_baseline_lambda_s_0,7,male_pronouns,188.0,390.2941198634691
neural_baseline_lambda_s_0,7,live_music_or_recording,186.8,184.98837801332277
neural_baseline_lambda_s_0,7,design_work,167.8,168.5369395711219
neural_baseline_lambda_s_0,7,legal_or_regulatory_work,163.2,304.54835412459545
neural_baseline_lambda_s_0,7,literary_writing,161.0,239.5412281842105
neural_baseline_lambda_s_0,7,creative_or_artistic_work,160.0,168.08182531136436
neural_baseline_lambda_s_0,7,nutrition_or_diet_guidance,112.6,174.14878696103514
neural_baseline_lambda_s_0,7,camera_or_photography_work,103.0,230.31500168247837
neural_baseline_lambda_s_0,7,dental_or_oral_health,88.2,77.02077641779522
neural_baseline_lambda_s_0,7,technical_or_engineering_work,48.2,107.22033389241054
neural_baseline_lambda_s_0,7,surgical_work,45.6,101.9646997739904
neural_baseline_lambda_s_0,7,film_or_video_production,42.8,76.25745865159683
neural_baseline_lambda_s_0,7,nursing_care,39.4,85.87374453230743
neural_baseline_lambda_s_0,7,health_or_wellness_work,19.6,43.82693235899588
neural_baseline_lambda_s_0,7,female_pronouns,1.6,3.577708763999664
neural_baseline_lambda_s_0,7,advanced_degree_or_training,0.0,0.0
neural_baseline_lambda_s_0,7,appearance_or_body_presentation,0.0,0.0
neural_baseline_lambda_s_0,7,building_or_spatial_design,0.0,0.0
neural_baseline_lambda_s_0,7,business_or_client_service,0.0,0.0
neural_baseline_lambda_s_0,7,business_or_management_education,0.0,0.0
neural_baseline_lambda_s_0,7,celebrity_or_public_attention,0.0,0.0
neural_baseline_lambda_s_0,7,child_or_family_care_mentions,0.0,0.0
neural_baseline_lambda_s_0,7,classroom_instruction,0.0,0.0
neural_baseline_lambda_s_0,7,comedy_or_stage_performance,0.0,0.0
neural_baseline_lambda_s_0,7,education_or_academic_work,0.0,0.0
neural_baseline_lambda_s_0,7,fashion_or_modeling_work,0.0,0.0
neural_baseline_lambda_s_0,7,female_gendered_titles,0.0,0.0
neural_baseline_lambda_s_0,7,financial_or_accounting_work,0.0,0.0
neural_baseline_lambda_s_0,7,fitness_instruction,0.0,0.0
neural_baseline_lambda_s_0,7,gendered_organization_or_award,0.0,0.0
neural_baseline_lambda_s_0,7,interior_or_decorative_design,0.0,0.0
neural_baseline_lambda_s_0,7,legal_practice,0.0,0.0
neural_baseline_lambda_s_0,7,legal_support_work,0.0,0.0
neural_baseline_lambda_s_0,7,male_gendered_titles,0.0,0.0
neural_baseline_lambda_s_0,7,management_or_leadership,0.0,0.0
neural_baseline_lambda_s_0,7,manual_body_treatment,0.0,0.0
neural_baseline_lambda_s_0,7,media_interviews_or_features,0.0,0.0
neural_baseline_lambda_s_0,7,media_or_publishing_work,0.0,0.0
neural_baseline_lambda_s_0,7,medical_training,0.0,0.0
neural_baseline_lambda_s_0,7,mind_body_practice,0.0,0.0
neural_baseline_lambda_s_0,7,music_composition,0.0,0.0
neural_baseline_lambda_s_0,7,online_public_presence,0.0,0.0
neural_baseline_lambda_s_0,7,organizational_role_or_administration,0.0,0.0
neural_baseline_lambda_s_0,7,parent_role_mentions,0.0,0.0
neural_baseline_lambda_s_0,7,public_presence_or_recognition,0.0,0.0
neural_baseline_lambda_s_0,7,public_speaking_or_events,0.0,0.0
neural_baseline_lambda_s_0,7,religious_ministry,0.0,0.0
neural_baseline_lambda_s_0,7,reporting_or_news_work,0.0,0.0
neural_baseline_lambda_s_0,7,research_publications,0.0,0.0
neural_baseline_lambda_s_0,7,scientific_or_lab_research,0.0,0.0
neural_baseline_lambda_s_0,7,software_development,0.0,0.0
neural_baseline_lambda_s_0,7,spouse_or_partner_mentions,0.0,0.0
neural_baseline_lambda_s_0,7,teaching_or_instruction,0.0,0.0
neural_baseline_lambda_s_0,7,technical_infrastructure,0.0,0.0
neural_baseline_lambda_s_0,7,therapy_or_counseling,0.0,0.0
neural_baseline_lambda_s_0,7,university_affiliation,0.0,0.0
neural_baseline_lambda_s_0,8,design_work,300.8,364.1204471050754
neural_baseline_lambda_s_0,8,male_pronouns,279.0,472.55370065210576
neural_baseline_lambda_s_0,8,technical_or_engineering_work,164.2,210.27410682249968
neural_baseline_lambda_s_0,8,legal_or_regulatory_work,162.0,177.40772249256796
neural_baseline_lambda_s_0,8,female_pronouns,159.8,300.6097137485747
neural_baseline_lambda_s_0,8,medical_training,158.4,216.89813277204578
neural_baseline_lambda_s_0,8,visual_art_practice,126.4,148.13271076976886
neural_baseline_lambda_s_0,8,health_or_wellness_work,120.4,269.22258449097467
neural_baseline_lambda_s_0,8,nutrition_or_diet_guidance,88.6,98.7841080336306
neural_baseline_lambda_s_0,8,live_music_or_recording,87.2,167.9336178375253
neural_baseline_lambda_s_0,8,film_or_video_production,86.4,119.51903614069182
neural_baseline_lambda_s_0,8,camera_or_photography_work,82.2,183.80478775048272
neural_baseline_lambda_s_0,8,clinical_care,48.0,107.33126291998991
neural_baseline_lambda_s_0,8,literary_writing,41.2,92.12600067299132
neural_baseline_lambda_s_0,8,surgical_work,33.6,75.13188404399294
neural_baseline_lambda_s_0,8,creative_or_artistic_work,33.4,74.68467044849298
neural_baseline_lambda_s_0,8,nursing_care,26.6,28.63214976211182
neural_baseline_lambda_s_0,8,dental_or_oral_health,1.8,3.492849839314596
neural_baseline_lambda_s_0,8,advanced_degree_or_training,0.0,0.0
neural_baseline_lambda_s_0,8,appearance_or_body_presentation,0.0,0.0
neural_baseline_lambda_s_0,8,building_or_spatial_design,0.0,0.0
neural_baseline_lambda_s_0,8,business_or_client_service,0.0,0.0
neural_baseline_lambda_s_0,8,business_or_management_education,0.0,0.0
neural_baseline_lambda_s_0,8,celebrity_or_public_attention,0.0,0.0
neural_baseline_lambda_s_0,8,child_or_family_care_mentions,0.0,0.0
neural_baseline_lambda_s_0,8,classroom_instruction,0.0,0.0
neural_baseline_lambda_s_0,8,comedy_or_stage_performance,0.0,0.0
neural_baseline_lambda_s_0,8,education_or_academic_work,0.0,0.0
neural_baseline_lambda_s_0,8,fashion_or_modeling_work,0.0,0.0
neural_baseline_lambda_s_0,8,female_gendered_titles,0.0,0.0
neural_baseline_lambda_s_0,8,financial_or_accounting_work,0.0,0.0
neural_baseline_lambda_s_0,8,fitness_instruction,0.0,0.0
neural_baseline_lambda_s_0,8,gendered_organization_or_award,0.0,0.0
neural_baseline_lambda_s_0,8,interior_or_decorative_design,0.0,0.0
neural_baseline_lambda_s_0,8,legal_practice,0.0,0.0
neural_baseline_lambda_s_0,8,legal_support_work,0.0,0.0
neural_baseline_lambda_s_0,8,male_gendered_titles,0.0,0.0
neural_baseline_lambda_s_0,8,management_or_leadership,0.0,0.0
neural_baseline_lambda_s_0,8,manual_body_treatment,0.0,0.0
neural_baseline_lambda_s_0,8,media_interviews_or_features,0.0,0.0
neural_baseline_lambda_s_0,8,media_or_publishing_work,0.0,0.0
neural_baseline_lambda_s_0,8,mind_body_practice,0.0,0.0
neural_baseline_lambda_s_0,8,music_composition,0.0,0.0
neural_baseline_lambda_s_0,8,online_public_presence,0.0,0.0
neural_baseline_lambda_s_0,8,organizational_role_or_administration,0.0,0.0
neural_baseline_lambda_s_0,8,parent_role_mentions,0.0,0.0
neural_baseline_lambda_s_0,8,public_presence_or_recognition,0.0,0.0
neural_baseline_lambda_s_0,8,public_speaking_or_events,0.0,0.0
neural_baseline_lambda_s_0,8,religious_ministry,0.0,0.0
neural_baseline_lambda_s_0,8,reporting_or_news_work,0.0,0.0
neural_baseline_lambda_s_0,8,research_publications,0.0,0.0
neural_baseline_lambda_s_0,8,scientific_or_lab_research,0.0,0.0
neural_baseline_lambda_s_0,8,software_development,0.0,0.0
neural_baseline_lambda_s_0,8,spouse_or_partner_mentions,0.0,0.0
neural_baseline_lambda_s_0,8,teaching_or_instruction,0.0,0.0
neural_baseline_lambda_s_0,8,technical_infrastructure,0.0,0.0
neural_baseline_lambda_s_0,8,therapy_or_counseling,0.0,0.0
neural_baseline_lambda_s_0,8,university_affiliation,0.0,0.0
neural_baseline_lambda_s_0,9,legal_or_regulatory_work,304.8,225.23587636076095
neural_baseline_lambda_s_0,9,design_work,287.4,257.3233374569823
neural_baseline_lambda_s_0,9,live_music_or_recording,252.4,359.62244090156554
neural_baseline_lambda_s_0,9,technical_or_engineering_work,196.0,282.23483130187884
neural_baseline_lambda_s_0,9,literary_writing,192.6,177.61700369052508
neural_baseline_lambda_s_0,9,female_pronouns,144.2,211.83531339226707
neural_baseline_lambda_s_0,9,clinical_care,143.4,314.5390277851065
neural_baseline_lambda_s_0,9,health_or_wellness_work,100.2,166.94370308580076
neural_baseline_lambda_s_0,9,camera_or_photography_work,98.0,97.28052220254577
neural_baseline_lambda_s_0,9,nutrition_or_diet_guidance,88.2,97.57407442553581
neural_baseline_lambda_s_0,9,dental_or_oral_health,77.0,171.0599310183422
neural_baseline_lambda_s_0,9,nursing_care,43.6,90.40077433296686
neural_baseline_lambda_s_0,9,surgical_work,40.4,90.33714629099151
neural_baseline_lambda_s_0,9,software_development,12.2,27.280029325497434
neural_baseline_lambda_s_0,9,comedy_or_stage_performance,8.2,18.335757415498275
neural_baseline_lambda_s_0,9,therapy_or_counseling,7.2,16.099689437998485
neural_baseline_lambda_s_0,9,mind_body_practice,2.2,3.898717737923586
neural_baseline_lambda_s_0,9,film_or_video_production,1.2,2.16794833886788
neural_baseline_lambda_s_0,9,medical_training,0.4,0.8944271909999159
neural_baseline_lambda_s_0,9,visual_art_practice,0.4,0.894427190999916
neural_baseline_lambda_s_0,9,advanced_degree_or_training,0.0,0.0
neural_baseline_lambda_s_0,9,appearance_or_body_presentation,0.0,0.0
neural_baseline_lambda_s_0,9,building_or_spatial_design,0.0,0.0
neural_baseline_lambda_s_0,9,business_or_client_service,0.0,0.0
neural_baseline_lambda_s_0,9,business_or_management_education,0.0,0.0
neural_baseline_lambda_s_0,9,celebrity_or_public_attention,0.0,0.0
neural_baseline_lambda_s_0,9,child_or_family_care_mentions,0.0,0.0
neural_baseline_lambda_s_0,9,classroom_instruction,0.0,0.0
neural_baseline_lambda_s_0,9,creative_or_artistic_work,0.0,0.0
neural_baseline_lambda_s_0,9,education_or_academic_work,0.0,0.0
neural_baseline_lambda_s_0,9,fashion_or_modeling_work,0.0,0.0
neural_baseline_lambda_s_0,9,female_gendered_titles,0.0,0.0
neural_baseline_lambda_s_0,9,financial_or_accounting_work,0.0,0.0
neural_baseline_lambda_s_0,9,fitness_instruction,0.0,0.0
neural_baseline_lambda_s_0,9,gendered_organization_or_award,0.0,0.0
neural_baseline_lambda_s_0,9,interior_or_decorative_design,0.0,0.0
neural_baseline_lambda_s_0,9,legal_practice,0.0,0.0
neural_baseline_lambda_s_0,9,legal_support_work,0.0,0.0
neural_baseline_lambda_s_0,9,male_gendered_titles,0.0,0.0
neural_baseline_lambda_s_0,9,male_pronouns,0.0,0.0
neural_baseline_lambda_s_0,9,management_or_leadership,0.0,0.0
neural_baseline_lambda_s_0,9,manual_body_treatment,0.0,0.0
neural_baseline_lambda_s_0,9,media_interviews_or_features,0.0,0.0
neural_baseline_lambda_s_0,9,media_or_publishing_work,0.0,0.0
neural_baseline_lambda_s_0,9,music_composition,0.0,0.0
neural_baseline_lambda_s_0,9,online_public_presence,0.0,0.0
neural_baseline_lambda_s_0,9,organizational_role_or_administration,0.0,0.0
neural_baseline_lambda_s_0,9,parent_role_mentions,0.0,0.0
neural_baseline_lambda_s_0,9,public_presence_or_recognition,0.0,0.0
neural_baseline_lambda_s_0,9,public_speaking_or_events,0.0,0.0
neural_baseline_lambda_s_0,9,religious_ministry,0.0,0.0
neural_baseline_lambda_s_0,9,reporting_or_news_work,0.0,0.0
neural_baseline_lambda_s_0,9,research_publications,0.0,0.0
neural_baseline_lambda_s_0,9,scientific_or_lab_research,0.0,0.0
neural_baseline_lambda_s_0,9,spouse_or_partner_mentions,0.0,0.0
neural_baseline_lambda_s_0,9,teaching_or_instruction,0.0,0.0
neural_baseline_lambda_s_0,9,technical_infrastructure,0.0,0.0
neural_baseline_lambda_s_0,9,university_affiliation,0.0,0.0
neural_baseline_lambda_s_0,10,legal_or_regulatory_work,246.8,229.93303372938828
neural_baseline_lambda_s_0,10,film_or_video_production,195.6,280.41451460293564
neural_baseline_lambda_s_0,10,live_music_or_recording,194.0,158.78129612772406
neural_baseline_lambda_s_0,10,female_pronouns,179.4,305.7757348122967
neural_baseline_lambda_s_0,10,literary_writing,178.8,284.29157567539704
neural_baseline_lambda_s_0,10,mind_body_practice,155.4,166.90056920214502
neural_baseline_lambda_s_0,10,camera_or_photography_work,147.6,203.07954106704102
neural_baseline_lambda_s_0,10,legal_practice,141.2,315.7327984229703
neural_baseline_lambda_s_0,10,visual_art_practice,108.6,75.26486564128047
neural_baseline_lambda_s_0,10,technical_or_engineering_work,96.0,212.43351901241954
neural_baseline_lambda_s_0,10,comedy_or_stage_performance,94.4,211.08481707598014
neural_baseline_lambda_s_0,10,design_work,92.6,89.11397196848539
neural_baseline_lambda_s_0,10,therapy_or_counseling,88.6,156.80816305282067
neural_baseline_lambda_s_0,10,nutrition_or_diet_guidance,28.4,62.94680293708331
neural_baseline_lambda_s_0,10,surgical_work,22.6,50.535136291495256
neural_baseline_lambda_s_0,10,nursing_care,21.0,46.95742752749558
neural_baseline_lambda_s_0,10,dental_or_oral_health,5.0,8.48528137423857
neural_baseline_lambda_s_0,10,clinical_care,1.6,3.0495901363953815
neural_baseline_lambda_s_0,10,male_pronouns,1.6,3.577708763999664
neural_baseline_lambda_s_0,10,medical_training,0.8,1.0954451150103324
neural_baseline_lambda_s_0,10,advanced_degree_or_training,0.0,0.0
neural_baseline_lambda_s_0,10,appearance_or_body_presentation,0.0,0.0
neural_baseline_lambda_s_0,10,building_or_spatial_design,0.0,0.0
neural_baseline_lambda_s_0,10,business_or_client_service,0.0,0.0
neural_baseline_lambda_s_0,10,business_or_management_education,0.0,0.0
neural_baseline_lambda_s_0,10,celebrity_or_public_attention,0.0,0.0
neural_baseline_lambda_s_0,10,child_or_family_care_mentions,0.0,0.0
neural_baseline_lambda_s_0,10,classroom_instruction,0.0,0.0
neural_baseline_lambda_s_0,10,creative_or_artistic_work,0.0,0.0
neural_baseline_lambda_s_0,10,education_or_academic_work,0.0,0.0
neural_baseline_lambda_s_0,10,fashion_or_modeling_work,0.0,0.0
neural_baseline_lambda_s_0,10,female_gendered_titles,0.0,0.0
neural_baseline_lambda_s_0,10,financial_or_accounting_work,0.0,0.0
neural_baseline_lambda_s_0,10,fitness_instruction,0.0,0.0
neural_baseline_lambda_s_0,10,gendered_organization_or_award,0.0,0.0
neural_baseline_lambda_s_0,10,health_or_wellness_work,0.0,0.0
neural_baseline_lambda_s_0,10,interior_or_decorative_design,0.0,0.0
neural_baseline_lambda_s_0,10,legal_support_work,0.0,0.0
neural_baseline_lambda_s_0,10,male_gendered_titles,0.0,0.0
neural_baseline_lambda_s_0,10,management_or_leadership,0.0,0.0
neural_baseline_lambda_s_0,10,manual_body_treatment,0.0,0.0
neural_baseline_lambda_s_0,10,media_interviews_or_features,0.0,0.0
neural_baseline_lambda_s_0,10,media_or_publishing_work,0.0,0.0
neural_baseline_lambda_s_0,10,music_composition,0.0,0.0
neural_baseline_lambda_s_0,10,online_public_presence,0.0,0.0
neural_baseline_lambda_s_0,10,organizational_role_or_administration,0.0,0.0
neural_baseline_lambda_s_0,10,parent_role_mentions,0.0,0.0
neural_baseline_lambda_s_0,10,public_presence_or_recognition,0.0,0.0
neural_baseline_lambda_s_0,10,public_speaking_or_events,0.0,0.0
neural_baseline_lambda_s_0,10,religious_ministry,0.0,0.0
neural_baseline_lambda_s_0,10,reporting_or_news_work,0.0,0.0
neural_baseline_lambda_s_0,10,research_publications,0.0,0.0
neural_baseline_lambda_s_0,10,scientific_or_lab_research,0.0,0.0
neural_baseline_lambda_s_0,10,software_development,0.0,0.0
neural_baseline_lambda_s_0,10,spouse_or_partner_mentions,0.0,0.0
neural_baseline_lambda_s_0,10,teaching_or_instruction,0.0,0.0
neural_baseline_lambda_s_0,10,technical_infrastructure,0.0,0.0
neural_baseline_lambda_s_0,10,university_affiliation,0.0,0.0
neural_baseline_lambda_s_0,11,literary_writing,272.8,318.10407102079034
neural_baseline_lambda_s_0,11,comedy_or_stage_performance,213.6,477.62411999395505
neural_baseline_lambda_s_0,11,technical_or_engineering_work,213.2,325.7970226997171
neural_baseline_lambda_s_0,11,film_or_video_production,200.4,264.5993197270167
neural_baseline_lambda_s_0,11,mind_body_practice,158.8,122.40179737242424
neural_baseline_lambda_s_0,11,live_music_or_recording,141.6,176.98107243431429
neural_baseline_lambda_s_0,11,clinical_care,129.6,289.7944098839728
neural_baseline_lambda_s_0,11,legal_or_regulatory_work,129.4,287.11374052803535
neural_baseline_lambda_s_0,11,medical_training,108.8,172.03255505862836
neural_baseline_lambda_s_0,11,nursing_care,76.0,168.8253535462017
neural_baseline_lambda_s_0,11,female_pronouns,71.0,143.62102910089456
neural_baseline_lambda_s_0,11,dental_or_oral_health,58.8,129.24859767130937
neural_baseline_lambda_s_0,11,male_pronouns,52.4,113.29739626310925
neural_baseline_lambda_s_0,11,software_development,42.8,95.703709436991
neural_baseline_lambda_s_0,11,nutrition_or_diet_guidance,29.0,63.182275995725256
neural_baseline_lambda_s_0,11,therapy_or_counseling,24.6,55.00727224649483
neural_baseline_lambda_s_0,11,design_work,24.2,27.471803726730432
neural_baseline_lambda_s_0,11,surgical_work,16.2,36.2243012354966
neural_baseline_lambda_s_0,11,visual_art_practice,13.2,26.771253239249
neural_baseline_lambda_s_0,11,education_or_academic_work,10.4,23.255106965997815
neural_baseline_lambda_s_0,11,legal_practice,6.8,15.20526224699857
neural_baseline_lambda_s_0,11,camera_or_photography_work,5.6,5.683308895353129
neural_baseline_lambda_s_0,11,financial_or_accounting_work,0.8,1.7888543819998317
neural_baseline_lambda_s_0,11,advanced_degree_or_training,0.0,0.0
neural_baseline_lambda_s_0,11,appearance_or_body_presentation,0.0,0.0
neural_baseline_lambda_s_0,11,building_or_spatial_design,0.0,0.0
neural_baseline_lambda_s_0,11,business_or_client_service,0.0,0.0
neural_baseline_lambda_s_0,11,business_or_management_education,0.0,0.0
neural_baseline_lambda_s_0,11,celebrity_or_public_attention,0.0,0.0
neural_baseline_lambda_s_0,11,child_or_family_care_mentions,0.0,0.0
neural_baseline_lambda_s_0,11,classroom_instruction,0.0,0.0
neural_baseline_lambda_s_0,11,creative_or_artistic_work,0.0,0.0
neural_baseline_lambda_s_0,11,fashion_or_modeling_work,0.0,0.0
neural_baseline_lambda_s_0,11,female_gendered_titles,0.0,0.0
neural_baseline_lambda_s_0,11,fitness_instruction,0.0,0.0
neural_baseline_lambda_s_0,11,gendered_organization_or_award,0.0,0.0
neural_baseline_lambda_s_0,11,health_or_wellness_work,0.0,0.0
neural_baseline_lambda_s_0,11,interior_or_decorative_design,0.0,0.0
neural_baseline_lambda_s_0,11,legal_support_work,0.0,0.0
neural_baseline_lambda_s_0,11,male_gendered_titles,0.0,0.0
neural_baseline_lambda_s_0,11,management_or_leadership,0.0,0.0
neural_baseline_lambda_s_0,11,manual_body_treatment,0.0,0.0
neural_baseline_lambda_s_0,11,media_interviews_or_features,0.0,0.0
neural_baseline_lambda_s_0,11,media_or_publishing_work,0.0,0.0
neural_baseline_lambda_s_0,11,music_composition,0.0,0.0
neural_baseline_lambda_s_0,11,online_public_presence,0.0,0.0
neural_baseline_lambda_s_0,11,organizational_role_or_administration,0.0,0.0
neural_baseline_lambda_s_0,11,parent_role_mentions,0.0,0.0
neural_baseline_lambda_s_0,11,public_presence_or_recognition,0.0,0.0
neural_baseline_lambda_s_0,11,public_speaking_or_events,0.0,0.0
neural_baseline_lambda_s_0,11,religious_ministry,0.0,0.0
neural_baseline_lambda_s_0,11,reporting_or_news_work,0.0,0.0
neural_baseline_lambda_s_0,11,research_publications,0.0,0.0
neural_baseline_lambda_s_0,11,scientific_or_lab_research,0.0,0.0
neural_baseline_lambda_s_0,11,spouse_or_partner_mentions,0.0,0.0
neural_baseline_lambda_s_0,11,teaching_or_instruction,0.0,0.0
neural_baseline_lambda_s_0,11,technical_infrastructure,0.0,0.0
neural_baseline_lambda_s_0,11,university_affiliation,0.0,0.0
neural_baseline_lambda_s_0,12,camera_or_photography_work,316.6,299.548493569906
neural_baseline_lambda_s_0,12,legal_practice,291.2,440.57655407431747
neural_baseline_lambda_s_0,12,clinical_care,289.4,380.57036143136526
neural_baseline_lambda_s_0,12,education_or_academic_work,174.2,289.70018985150836
neural_baseline_lambda_s_0,12,film_or_video_production,155.8,309.1912029796449
neural_baseline_lambda_s_0,12,male_pronouns,155.0,217.1025103493739
neural_baseline_lambda_s_0,12,literary_writing,124.0,258.1191585295443
neural_baseline_lambda_s_0,12,medical_training,90.2,170.06087145489994
neural_baseline_lambda_s_0,12,teaching_or_instruction,79.6,177.43252238527188
neural_baseline_lambda_s_0,12,software_development,66.4,148.47491370598604
neural_baseline_lambda_s_0,12,live_music_or_recording,46.0,67.45739396092915
neural_baseline_lambda_s_0,12,nursing_care,40.8,85.1040539574937
neural_baseline_lambda_s_0,12,financial_or_accounting_work,38.0,84.970583144992
neural_baseline_lambda_s_0,12,media_or_publishing_work,28.6,63.95154415649399
neural_baseline_lambda_s_0,12,design_work,27.4,57.40905851866933
neural_baseline_lambda_s_0,12,mind_body_practice,24.0,46.459659921269335
neural_baseline_lambda_s_0,12,technical_or_engineering_work,20.4,37.21961848273031
neural_baseline_lambda_s_0,12,visual_art_practice,14.4,20.181674856165927
neural_baseline_lambda_s_0,12,legal_or_regulatory_work,5.6,5.176871642217914
neural_baseline_lambda_s_0,12,therapy_or_counseling,5.6,12.521980673998822
neural_baseline_lambda_s_0,12,female_pronouns,3.8,8.497058314499201
neural_baseline_lambda_s_0,12,nutrition_or_diet_guidance,1.6,2.6076809620810595
neural_baseline_lambda_s_0,12,comedy_or_stage_performance,1.4,2.6076809620810595
neural_baseline_lambda_s_0,12,advanced_degree_or_training,0.0,0.0
neural_baseline_lambda_s_0,12,appearance_or_body_presentation,0.0,0.0
neural_baseline_lambda_s_0,12,building_or_spatial_design,0.0,0.0
neural_baseline_lambda_s_0,12,business_or_client_service,0.0,0.0
neural_baseline_lambda_s_0,12,business_or_management_education,0.0,0.0
neural_baseline_lambda_s_0,12,celebrity_or_public_attention,0.0,0.0
neural_baseline_lambda_s_0,12,child_or_family_care_mentions,0.0,0.0
neural_baseline_lambda_s_0,12,classroom_instruction,0.0,0.0
neural_baseline_lambda_s_0,12,creative_or_artistic_work,0.0,0.0
neural_baseline_lambda_s_0,12,dental_or_oral_health,0.0,0.0
neural_baseline_lambda_s_0,12,fashion_or_modeling_work,0.0,0.0
neural_baseline_lambda_s_0,12,female_gendered_titles,0.0,0.0
neural_baseline_lambda_s_0,12,fitness_instruction,0.0,0.0
neural_baseline_lambda_s_0,12,gendered_organization_or_award,0.0,0.0
neural_baseline_lambda_s_0,12,health_or_wellness_work,0.0,0.0
neural_baseline_lambda_s_0,12,interior_or_decorative_design,0.0,0.0
neural_baseline_lambda_s_0,12,legal_support_work,0.0,0.0
neural_baseline_lambda_s_0,12,male_gendered_titles,0.0,0.0
neural_baseline_lambda_s_0,12,management_or_leadership,0.0,0.0
neural_baseline_lambda_s_0,12,manual_body_treatment,0.0,0.0
neural_baseline_lambda_s_0,12,media_interviews_or_features,0.0,0.0
neural_baseline_lambda_s_0,12,music_composition,0.0,0.0
neural_baseline_lambda_s_0,12,online_public_presence,0.0,0.0
neural_baseline_lambda_s_0,12,organizational_role_or_administration,0.0,0.0
neural_baseline_lambda_s_0,12,parent_role_mentions,0.0,0.0
neural_baseline_lambda_s_0,12,public_presence_or_recognition,0.0,0.0
neural_baseline_lambda_s_0,12,public_speaking_or_events,0.0,0.0
neural_baseline_lambda_s_0,12,religious_ministry,0.0,0.0
neural_baseline_lambda_s_0,12,reporting_or_news_work,0.0,0.0
neural_baseline_lambda_s_0,12,research_publications,0.0,0.0
neural_baseline_lambda_s_0,12,scientific_or_lab_research,0.0,0.0
neural_baseline_lambda_s_0,12,spouse_or_partner_mentions,0.0,0.0
neural_baseline_lambda_s_0,12,surgical_work,0.0,0.0
neural_baseline_lambda_s_0,12,technical_infrastructure,0.0,0.0
neural_baseline_lambda_s_0,12,university_affiliation,0.0,0.0
neural_baseline_lambda_s_0,13,camera_or_photography_work,384.4,388.7187929596407
neural_baseline_lambda_s_0,13,software_development,273.6,426.7520357303524
neural_baseline_lambda_s_0,13,male_pronouns,234.4,321.49152399402385
neural_baseline_lambda_s_0,13,literary_writing,170.0,299.06270245552184
neural_baseline_lambda_s_0,13,education_or_academic_work,163.0,294.8643756034289
neural_baseline_lambda_s_0,13,building_or_spatial_design,141.2,315.7327984229703
neural_baseline_lambda_s_0,13,live_music_or_recording,97.2,121.9126736643898
neural_baseline_lambda_s_0,13,surgical_work,96.4,133.81629198270292
neural_baseline_lambda_s_0,13,legal_practice,73.4,111.31397037209659
neural_baseline_lambda_s_0,13,visual_art_practice,72.4,67.58180228434279
neural_baseline_lambda_s_0,13,design_work,72.0,89.98055345462151
neural_baseline_lambda_s_0,13,mind_body_practice,61.2,57.90250426363268
neural_baseline_lambda_s_0,13,therapy_or_counseling,47.0,72.27032586061861
neural_baseline_lambda_s_0,13,nursing_care,33.4,49.140614566771546
neural_baseline_lambda_s_0,13,teaching_or_instruction,25.6,40.973161947792114
neural_baseline_lambda_s_0,13,technical_or_engineering_work,20.2,39.75801805925441
neural_baseline_lambda_s_0,13,comedy_or_stage_performance,18.2,40.69643719049618
neural_baseline_lambda_s_0,13,financial_or_accounting_work,7.2,12.557866060760482
neural_baseline_lambda_s_0,13,clinical_care,4.6,10.285912696499032
neural_baseline_lambda_s_0,13,dental_or_oral_health,1.6,2.3021728866442674
neural_baseline_lambda_s_0,13,medical_training,1.6,1.51657508881031
neural_baseline_lambda_s_0,13,nutrition_or_diet_guidance,1.0,1.4142135623730951
neural_baseline_lambda_s_0,13,media_or_publishing_work,0.2,0.4472135954999579
neural_baseline_lambda_s_0,13,public_speaking_or_events,0.2,0.447213595499958
neural_baseline_lambda_s_0,13,advanced_degree_or_training,0.0,0.0
neural_baseline_lambda_s_0,13,appearance_or_body_presentation,0.0,0.0
neural_baseline_lambda_s_0,13,business_or_client_service,0.0,0.0
neural_baseline_lambda_s_0,13,business_or_management_education,0.0,0.0
neural_baseline_lambda_s_0,13,celebrity_or_public_attention,0.0,0.0
neural_baseline_lambda_s_0,13,child_or_family_care_mentions,0.0,0.0
neural_baseline_lambda_s_0,13,classroom_instruction,0.0,0.0
neural_baseline_lambda_s_0,13,creative_or_artistic_work,0.0,0.0
neural_baseline_lambda_s_0,13,fashion_or_modeling_work,0.0,0.0
neural_baseline_lambda_s_0,13,female_gendered_titles,0.0,0.0
neural_baseline_lambda_s_0,13,female_pronouns,0.0,0.0
neural_baseline_lambda_s_0,13,film_or_video_production,0.0,0.0
neural_baseline_lambda_s_0,13,fitness_instruction,0.0,0.0
neural_baseline_lambda_s_0,13,gendered_organization_or_award,0.0,0.0
neural_baseline_lambda_s_0,13,health_or_wellness_work,0.0,0.0
neural_baseline_lambda_s_0,13,interior_or_decorative_design,0.0,0.0
neural_baseline_lambda_s_0,13,legal_or_regulatory_work,0.0,0.0
neural_baseline_lambda_s_0,13,legal_support_work,0.0,0.0
neural_baseline_lambda_s_0,13,male_gendered_titles,0.0,0.0
neural_baseline_lambda_s_0,13,management_or_leadership,0.0,0.0
neural_baseline_lambda_s_0,13,manual_body_treatment,0.0,0.0
neural_baseline_lambda_s_0,13,media_interviews_or_features,0.0,0.0
neural_baseline_lambda_s_0,13,music_composition,0.0,0.0
neural_baseline_lambda_s_0,13,online_public_presence,0.0,0.0
neural_baseline_lambda_s_0,13,organizational_role_or_administration,0.0,0.0
neural_baseline_lambda_s_0,13,parent_role_mentions,0.0,0.0
neural_baseline_lambda_s_0,13,public_presence_or_recognition,0.0,0.0
neural_baseline_lambda_s_0,13,religious_ministry,0.0,0.0
neural_baseline_lambda_s_0,13,reporting_or_news_work,0.0,0.0
neural_baseline_lambda_s_0,13,research_publications,0.0,0.0
neural_baseline_lambda_s_0,13,scientific_or_lab_research,0.0,0.0
neural_baseline_lambda_s_0,13,spouse_or_partner_mentions,0.0,0.0
neural_baseline_lambda_s_0,13,technical_infrastructure,0.0,0.0
neural_baseline_lambda_s_0,13,university_affiliation,0.0,0.0
neural_baseline_lambda_s_0,14,male_pronouns,356.4,491.53718068931465
neural_baseline_lambda_s_0,14,media_or_publishing_work,182.4,308.46199117557416
neural_baseline_lambda_s_0,14,comedy_or_stage_performance,145.0,168.20523178545903
neural_baseline_lambda_s_0,14,software_development,143.6,198.45981961092275
neural_baseline_lambda_s_0,14,medical_training,128.0,281.20010668561275
neural_baseline_lambda_s_0,14,business_or_client_service,116.6,260.7255261764755
neural_baseline_lambda_s_0,14,film_or_video_production,106.2,203.16052766224055
neural_baseline_lambda_s_0,14,education_or_academic_work,101.8,224.2926659523222
neural_baseline_lambda_s_0,14,camera_or_photography_work,93.8,121.03801055866705
neural_baseline_lambda_s_0,14,mind_body_practice,90.8,91.65533263264064
neural_baseline_lambda_s_0,14,teaching_or_instruction,85.4,86.01337105357516
neural_baseline_lambda_s_0,14,legal_practice,62.6,128.9430106675038
neural_baseline_lambda_s_0,14,therapy_or_counseling,49.8,110.79801442264207
neural_baseline_lambda_s_0,14,literary_writing,44.6,88.56805293106538
neural_baseline_lambda_s_0,14,technical_or_engineering_work,39.6,54.44997704315402
neural_baseline_lambda_s_0,14,design_work,33.4,45.818118686825194
neural_baseline_lambda_s_0,14,surgical_work,33.2,61.2633658885961
neural_baseline_lambda_s_0,14,financial_or_accounting_work,33.0,47.24404724407086
neural_baseline_lambda_s_0,14,visual_art_practice,32.0,31.591137997862628
neural_baseline_lambda_s_0,14,music_composition,24.6,55.00727224649483
neural_baseline_lambda_s_0,14,scientific_or_lab_research,23.8,53.218417864494995
neural_baseline_lambda_s_0,14,nutrition_or_diet_guidance,16.0,31.929610082179206
neural_baseline_lambda_s_0,14,research_publications,15.0,33.54101966249684
neural_baseline_lambda_s_0,14,live_music_or_recording,13.4,22.13142562059661
neural_baseline_lambda_s_0,14,nursing_care,11.8,15.943650773897426
neural_baseline_lambda_s_0,14,fitness_instruction,9.8,21.91346617949794
neural_baseline_lambda_s_0,14,spouse_or_partner_mentions,5.4,12.074767078498866
neural_baseline_lambda_s_0,14,dental_or_oral_health,1.6,1.140175425099138
neural_baseline_lambda_s_0,14,celebrity_or_public_attention,0.2,0.447213595499958
neural_baseline_lambda_s_0,14,legal_or_regulatory_work,0.2,0.447213595499958
neural_baseline_lambda_s_0,14,advanced_degree_or_training,0.0,0.0
neural_baseline_lambda_s_0,14,appearance_or_body_presentation,0.0,0.0
neural_baseline_lambda_s_0,14,building_or_spatial_design,0.0,0.0
neural_baseline_lambda_s_0,14,business_or_management_education,0.0,0.0
neural_baseline_lambda_s_0,14,child_or_family_care_mentions,0.0,0.0
neural_baseline_lambda_s_0,14,classroom_instruction,0.0,0.0
neural_baseline_lambda_s_0,14,clinical_care,0.0,0.0
neural_baseline_lambda_s_0,14,creative_or_artistic_work,0.0,0.0
neural_baseline_lambda_s_0,14,fashion_or_modeling_work,0.0,0.0
neural_baseline_lambda_s_0,14,female_gendered_titles,0.0,0.0
neural_baseline_lambda_s_0,14,female_pronouns,0.0,0.0
neural_baseline_lambda_s_0,14,gendered_organization_or_award,0.0,0.0
neural_baseline_lambda_s_0,14,health_or_wellness_work,0.0,0.0
neural_baseline_lambda_s_0,14,interior_or_decorative_design,0.0,0.0
neural_baseline_lambda_s_0,14,legal_support_work,0.0,0.0
neural_baseline_lambda_s_0,14,male_gendered_titles,0.0,0.0
neural_baseline_lambda_s_0,14,management_or_leadership,0.0,0.0
neural_baseline_lambda_s_0,14,manual_body_treatment,0.0,0.0
neural_baseline_lambda_s_0,14,media_interviews_or_features,0.0,0.0
neural_baseline_lambda_s_0,14,online_public_presence,0.0,0.0
neural_baseline_lambda_s_0,14,organizational_role_or_administration,0.0,0.0
neural_baseline_lambda_s_0,14,parent_role_mentions,0.0,0.0
neural_baseline_lambda_s_0,14,public_presence_or_recognition,0.0,0.0
neural_baseline_lambda_s_0,14,public_speaking_or_events,0.0,0.0
neural_baseline_lambda_s_0,14,religious_ministry,0.0,0.0
neural_baseline_lambda_s_0,14,reporting_or_news_work,0.0,0.0
neural_baseline_lambda_s_0,14,technical_infrastructure,0.0,0.0
neural_baseline_lambda_s_0,14,university_affiliation,0.0,0.0
neural_baseline_lambda_s_0,15,legal_practice,283.0,463.0637105194058
neural_baseline_lambda_s_0,15,media_or_publishing_work,282.8,296.99276085453664
neural_baseline_lambda_s_0,15,comedy_or_stage_performance,174.0,215.8575919443187
neural_baseline_lambda_s_0,15,film_or_video_production,170.8,275.90433124545183
neural_baseline_lambda_s_0,15,teaching_or_instruction,132.6,226.47913811210074
neural_baseline_lambda_s_0,15,literary_writing,84.8,98.42611442091982
neural_baseline_lambda_s_0,15,nursing_care,84.2,107.30424036355694
neural_baseline_lambda_s_0,15,education_or_academic_work,80.2,146.20601902794564
neural_baseline_lambda_s_0,15,dental_or_oral_health,75.6,76.06773297528986
neural_baseline_lambda_s_0,15,software_development,70.4,101.46082988030405
neural_baseline_lambda_s_0,15,fitness_instruction,69.6,67.54479994788645
neural_baseline_lambda_s_0,15,surgical_work,65.2,71.06124119377594
neural_baseline_lambda_s_0,15,visual_art_practice,65.0,93.71766108903914
neural_baseline_lambda_s_0,15,financial_or_accounting_work,57.6,93.11713053998173
neural_baseline_lambda_s_0,15,mind_body_practice,42.0,88.34874079464856
neural_baseline_lambda_s_0,15,medical_training,39.0,56.63479495857648
neural_baseline_lambda_s_0,15,nutrition_or_diet_guidance,34.0,54.11099703387473
neural_baseline_lambda_s_0,15,design_work,30.4,31.484917023870334
neural_baseline_lambda_s_0,15,business_or_client_service,24.6,55.00727224649483
neural_baseline_lambda_s_0,15,music_composition,24.4,52.35265036270848
neural_baseline_lambda_s_0,15,fashion_or_modeling_work,18.6,41.59086438149609
neural_baseline_lambda_s_0,15,research_publications,18.6,41.59086438149609
neural_baseline_lambda_s_0,15,scientific_or_lab_research,15.2,33.988233257996804
neural_baseline_lambda_s_0,15,university_affiliation,14.6,32.64659247149693
neural_baseline_lambda_s_0,15,camera_or_photography_work,11.6,21.26734586167254
neural_baseline_lambda_s_0,15,technical_or_engineering_work,10.0,21.24852936087578
neural_baseline_lambda_s_0,15,therapy_or_counseling,10.0,22.360679774997894
neural_baseline_lambda_s_0,15,live_music_or_recording,4.6,9.736529155710468
neural_baseline_lambda_s_0,15,online_public_presence,2.6,5.813776741499454
neural_baseline_lambda_s_0,15,spouse_or_partner_mentions,1.8,2.4899799195977463
neural_baseline_lambda_s_0,15,male_pronouns,1.6,2.3021728866442674
neural_baseline_lambda_s_0,15,legal_or_regulatory_work,0.6,1.3416407864998738
neural_baseline_lambda_s_0,15,advanced_degree_or_training,0.0,0.0
neural_baseline_lambda_s_0,15,appearance_or_body_presentation,0.0,0.0
neural_baseline_lambda_s_0,15,building_or_spatial_design,0.0,0.0
neural_baseline_lambda_s_0,15,business_or_management_education,0.0,0.0
neural_baseline_lambda_s_0,15,celebrity_or_public_attention,0.0,0.0
neural_baseline_lambda_s_0,15,child_or_family_care_mentions,0.0,0.0
neural_baseline_lambda_s_0,15,classroom_instruction,0.0,0.0
neural_baseline_lambda_s_0,15,clinical_care,0.0,0.0
neural_baseline_lambda_s_0,15,creative_or_artistic_work,0.0,0.0
neural_baseline_lambda_s_0,15,female_gendered_titles,0.0,0.0
neural_baseline_lambda_s_0,15,female_pronouns,0.0,0.0
neural_baseline_lambda_s_0,15,gendered_organization_or_award,0.0,0.0
neural_baseline_lambda_s_0,15,health_or_wellness_work,0.0,0.0
neural_baseline_lambda_s_0,15,interior_or_decorative_design,0.0,0.0
neural_baseline_lambda_s_0,15,legal_support_work,0.0,0.0
neural_baseline_lambda_s_0,15,male_gendered_titles,0.0,0.0
neural_baseline_lambda_s_0,15,management_or_leadership,0.0,0.0
neural_baseline_lambda_s_0,15,manual_body_treatment,0.0,0.0
neural_baseline_lambda_s_0,15,media_interviews_or_features,0.0,0.0
neural_baseline_lambda_s_0,15,organizational_role_or_administration,0.0,0.0
neural_baseline_lambda_s_0,15,parent_role_mentions,0.0,0.0
neural_baseline_lambda_s_0,15,public_presence_or_recognition,0.0,0.0
neural_baseline_lambda_s_0,15,public_speaking_or_events,0.0,0.0
neural_baseline_lambda_s_0,15,religious_ministry,0.0,0.0
neural_baseline_lambda_s_0,15,reporting_or_news_work,0.0,0.0
neural_baseline_lambda_s_0,15,technical_infrastructure,0.0,0.0
neural_baseline_lambda_s_0,16,media_or_publishing_work,432.2,374.5506641297009
neural_baseline_lambda_s_0,16,comedy_or_stage_performance,166.8,165.61008423402242
neural_baseline_lambda_s_0,16,dental_or_oral_health,147.6,134.2788144124009
neural_baseline_lambda_s_0,16,music_composition,141.4,204.1783534070152
neural_baseline_lambda_s_0,16,education_or_academic_work,110.0,183.41074123398553
neural_baseline_lambda_s_0,16,teaching_or_instruction,95.2,112.51533228853746
neural_baseline_lambda_s_0,16,nutrition_or_diet_guidance,90.8,124.8667289553146
neural_baseline_lambda_s_0,16,legal_practice,85.6,118.24043301679845
neural_baseline_lambda_s_0,16,live_music_or_recording,82.0,99.06563480844405
neural_baseline_lambda_s_0,16,literary_writing,61.2,81.34310050643508
neural_baseline_lambda_s_0,16,medical_training,54.6,60.002499947918835
neural_baseline_lambda_s_0,16,fashion_or_modeling_work,50.2,112.25061247048944
neural_baseline_lambda_s_0,16,film_or_video_production,47.2,98.9024772187229
neural_baseline_lambda_s_0,16,spouse_or_partner_mentions,45.4,100.95939777950342
neural_baseline_lambda_s_0,16,financial_or_accounting_work,41.4,41.93208795182992
neural_baseline_lambda_s_0,16,nursing_care,39.2,86.53727520554365
neural_baseline_lambda_s_0,16,university_affiliation,38.4,85.86501033599193
neural_baseline_lambda_s_0,16,mind_body_practice,38.0,60.02082971769051
neural_baseline_lambda_s_0,16,software_development,37.8,60.62342781466584
neural_baseline_lambda_s_0,16,therapy_or_counseling,35.6,63.0142840949574
neural_baseline_lambda_s_0,16,fitness_instruction,28.0,50.16472864473604
neural_baseline_lambda_s_0,16,religious_ministry,25.0,55.90169943749474
neural_baseline_lambda_s_0,16,camera_or_photography_work,17.2,23.647410006171924
neural_baseline_lambda_s_0,16,manual_body_treatment,15.0,33.54101966249684
neural_baseline_lambda_s_0,16,scientific_or_lab_research,14.6,32.64659247149693
neural_baseline_lambda_s_0,16,surgical_work,11.2,15.254507530562893
neural_baseline_lambda_s_0,16,technical_or_engineering_work,11.2,23.94159560263267
neural_baseline_lambda_s_0,16,management_or_leadership,11.0,24.596747752497688
neural_baseline_lambda_s_0,16,online_public_presence,8.0,17.88854381999832
neural_baseline_lambda_s_0,16,legal_support_work,5.0,11.180339887498949
neural_baseline_lambda_s_0,16,business_or_client_service,4.2,9.391485505499118
neural_baseline_lambda_s_0,16,design_work,3.6,5.319774431308154
neural_baseline_lambda_s_0,16,public_speaking_or_events,3.2,7.155417527999328
neural_baseline_lambda_s_0,16,visual_art_practice,1.6,1.6733200530681511
neural_baseline_lambda_s_0,16,research_publications,0.4,0.8944271909999159
neural_baseline_lambda_s_0,16,male_pronouns,0.2,0.447213595499958
neural_baseline_lambda_s_0,16,advanced_degree_or_training,0.0,0.0
neural_baseline_lambda_s_0,16,appearance_or_body_presentation,0.0,0.0
neural_baseline_lambda_s_0,16,building_or_spatial_design,0.0,0.0
neural_baseline_lambda_s_0,16,business_or_management_education,0.0,0.0
neural_baseline_lambda_s_0,16,celebrity_or_public_attention,0.0,0.0
neural_baseline_lambda_s_0,16,child_or_family_care_mentions,0.0,0.0
neural_baseline_lambda_s_0,16,classroom_instruction,0.0,0.0
neural_baseline_lambda_s_0,16,clinical_care,0.0,0.0
neural_baseline_lambda_s_0,16,creative_or_artistic_work,0.0,0.0
neural_baseline_lambda_s_0,16,female_gendered_titles,0.0,0.0
neural_baseline_lambda_s_0,16,female_pronouns,0.0,0.0
neural_baseline_lambda_s_0,16,gendered_organization_or_award,0.0,0.0
neural_baseline_lambda_s_0,16,health_or_wellness_work,0.0,0.0
neural_baseline_lambda_s_0,16,interior_or_decorative_design,0.0,0.0
neural_baseline_lambda_s_0,16,legal_or_regulatory_work,0.0,0.0
neural_baseline_lambda_s_0,16,male_gendered_titles,0.0,0.0
neural_baseline_lambda_s_0,16,media_interviews_or_features,0.0,0.0
neural_baseline_lambda_s_0,16,organizational_role_or_administration,0.0,0.0
neural_baseline_lambda_s_0,16,parent_role_mentions,0.0,0.0
neural_baseline_lambda_s_0,16,public_presence_or_recognition,0.0,0.0
neural_baseline_lambda_s_0,16,reporting_or_news_work,0.0,0.0
neural_baseline_lambda_s_0,16,technical_infrastructure,0.0,0.0
neural_baseline_lambda_s_0,17,media_or_publishing_work,274.2,311.3449855064314
neural_baseline_lambda_s_0,17,teaching_or_instruction,197.4,218.74254273003228
neural_baseline_lambda_s_0,17,music_composition,176.8,209.0160280935412
neural_baseline_lambda_s_0,17,financial_or_accounting_work,142.8,289.93568252286576
neural_baseline_lambda_s_0,17,camera_or_photography_work,121.6,239.34243251040968
neural_baseline_lambda_s_0,17,technical_or_engineering_work,107.6,201.8571276918405
neural_baseline_lambda_s_0,17,literary_writing,100.4,148.2744077715369
neural_baseline_lambda_s_0,17,business_or_client_service,75.8,165.59347813244335
neural_baseline_lambda_s_0,17,education_or_academic_work,70.0,134.20692977637182
neural_baseline_lambda_s_0,17,film_or_video_production,66.8,147.13837025059098
neural_baseline_lambda_s_0,17,mind_body_practice,60.2,127.92067854729352
neural_baseline_lambda_s_0,17,building_or_spatial_design,58.8,101.32719279640584
neural_baseline_lambda_s_0,17,fitness_instruction,55.0,97.63964358804266
neural_baseline_lambda_s_0,17,nutrition_or_diet_guidance,48.2,63.73539048283928
neural_baseline_lambda_s_0,17,comedy_or_stage_performance,45.0,47.88005847949645
neural_baseline_lambda_s_0,17,fashion_or_modeling_work,39.2,87.65386471799175
neural_baseline_lambda_s_0,17,software_development,37.4,44.84751944087878
neural_baseline_lambda_s_0,17,live_music_or_recording,35.2,71.58700999483077
neural_baseline_lambda_s_0,17,medical_training,33.0,48.0
neural_baseline_lambda_s_0,17,legal_practice,32.2,35.527454172794315
neural_baseline_lambda_s_0,17,surgical_work,31.6,61.471944820381275
neural_baseline_lambda_s_0,17,spouse_or_partner_mentions,28.4,43.32204981299938
neural_baseline_lambda_s_0,17,university_affiliation,24.0,53.665631459994955
neural_baseline_lambda_s_0,17,nursing_care,23.0,45.53020975132884
neural_baseline_lambda_s_0,17,dental_or_oral_health,22.8,23.08029462550251
neural_baseline_lambda_s_0,17,manual_body_treatment,15.2,24.772969139770062
neural_baseline_lambda_s_0,17,research_publications,15.2,33.988233257996804
neural_baseline_lambda_s_0,17,therapy_or_counseling,15.2,22.753021777337622
neural_baseline_lambda_s_0,17,public_speaking_or_events,12.4,27.72724292099739
neural_baseline_lambda_s_0,17,legal_or_regulatory_work,11.4,23.265854809140368
neural_baseline_lambda_s_0,17,legal_support_work,11.0,24.596747752497688
neural_baseline_lambda_s_0,17,child_or_family_care_mentions,4.2,6.942621983083913
neural_baseline_lambda_s_0,17,scientific_or_lab_research,2.2,4.919349550499537
neural_baseline_lambda_s_0,17,online_public_presence,2.0,4.47213595499958
neural_baseline_lambda_s_0,17,management_or_leadership,1.4,3.1304951684997055
neural_baseline_lambda_s_0,17,design_work,0.8,1.788854381999832
neural_baseline_lambda_s_0,17,visual_art_practice,0.8,1.788854381999832
neural_baseline_lambda_s_0,17,advanced_degree_or_training,0.2,0.447213595499958
neural_baseline_lambda_s_0,17,male_gendered_titles,0.2,0.4472135954999579
neural_baseline_lambda_s_0,17,male_pronouns,0.2,0.447213595499958
neural_baseline_lambda_s_0,17,reporting_or_news_work,0.2,0.447213595499958
neural_baseline_lambda_s_0,17,appearance_or_body_presentation,0.0,0.0
neural_baseline_lambda_s_0,17,business_or_management_education,0.0,0.0
neural_baseline_lambda_s_0,17,celebrity_or_public_attention,0.0,0.0
neural_baseline_lambda_s_0,17,classroom_instruction,0.0,0.0
neural_baseline_lambda_s_0,17,clinical_care,0.0,0.0
neural_baseline_lambda_s_0,17,creative_or_artistic_work,0.0,0.0
neural_baseline_lambda_s_0,17,female_gendered_titles,0.0,0.0
neural_baseline_lambda_s_0,17,female_pronouns,0.0,0.0
neural_baseline_lambda_s_0,17,gendered_organization_or_award,0.0,0.0
neural_baseline_lambda_s_0,17,health_or_wellness_work,0.0,0.0
neural_baseline_lambda_s_0,17,interior_or_decorative_design,0.0,0.0
neural_baseline_lambda_s_0,17,media_interviews_or_features,0.0,0.0
neural_baseline_lambda_s_0,17,organizational_role_or_administration,0.0,0.0
neural_baseline_lambda_s_0,17,parent_role_mentions,0.0,0.0
neural_baseline_lambda_s_0,17,public_presence_or_recognition,0.0,0.0
neural_baseline_lambda_s_0,17,religious_ministry,0.0,0.0
neural_baseline_lambda_s_0,17,technical_infrastructure,0.0,0.0
neural_baseline_lambda_s_0,18,teaching_or_instruction,191.2,110.97387079849022
neural_baseline_lambda_s_0,18,software_development,183.4,252.44761832903077
neural_baseline_lambda_s_0,18,media_or_publishing_work,174.0,167.33349933590702
neural_baseline_lambda_s_0,18,business_or_client_service,149.2,328.05289207687224
neural_baseline_lambda_s_0,18,comedy_or_stage_performance,138.8,190.99659682832046
neural_baseline_lambda_s_0,18,music_composition,115.4,166.06564966903903
neural_baseline_lambda_s_0,18,financial_or_accounting_work,100.8,130.49022951930155
neural_baseline_lambda_s_0,18,film_or_video_production,84.2,153.76508056122495
neural_baseline_lambda_s_0,18,building_or_spatial_design,67.8,122.66702898497216
neural_baseline_lambda_s_0,18,camera_or_photography_work,62.6,130.0242285114586
neural_baseline_lambda_s_0,18,university_affiliation,62.2,139.08342820048694
neural_baseline_lambda_s_0,18,technical_or_engineering_work,61.6,108.46335786799153
neural_baseline_lambda_s_0,18,management_or_leadership,56.4,126.11423393098814
neural_baseline_lambda_s_0,18,surgical_work,51.6,87.37448140046384
neural_baseline_lambda_s_0,18,public_speaking_or_events,42.6,95.25649584149103
neural_baseline_lambda_s_0,18,child_or_family_care_mentions,38.8,86.75943752699183
neural_baseline_lambda_s_0,18,scientific_or_lab_research,38.8,55.35973265831402
neural_baseline_lambda_s_0,18,fitness_instruction,38.2,38.564232132897445
neural_baseline_lambda_s_0,18,mind_body_practice,29.4,41.78277156915276
neural_baseline_lambda_s_0,18,therapy_or_counseling,28.4,36.71920478441765
neural_baseline_lambda_s_0,18,nutrition_or_diet_guidance,26.0,34.72751070837067
neural_baseline_lambda_s_0,18,medical_training,24.6,53.33666656250651
neural_baseline_lambda_s_0,18,interior_or_decorative_design,24.4,54.56005865099487
neural_baseline_lambda_s_0,18,live_music_or_recording,24.4,38.44866707702622
neural_baseline_lambda_s_0,18,visual_art_practice,23.6,52.213982801544645
neural_baseline_lambda_s_0,18,advanced_degree_or_training,20.2,34.2227994179319
neural_baseline_lambda_s_0,18,online_public_presence,19.6,43.82693235899588
neural_baseline_lambda_s_0,18,research_publications,19.2,42.93250516799596
neural_baseline_lambda_s_0,18,dental_or_oral_health,16.4,14.188023118109161
neural_baseline_lambda_s_0,18,manual_body_treatment,16.4,29.938269823087637
neural_baseline_lambda_s_0,18,literary_writing,16.2,22.642879675518305
neural_baseline_lambda_s_0,18,spouse_or_partner_mentions,12.4,18.981570008826985
neural_baseline_lambda_s_0,18,legal_practice,11.2,19.562719647329203
neural_baseline_lambda_s_0,18,classroom_instruction,7.8,16.88786546606764
neural_baseline_lambda_s_0,18,design_work,7.8,12.617448236470002
neural_baseline_lambda_s_0,18,legal_support_work,4.8,10.73312629199899
neural_baseline_lambda_s_0,18,male_gendered_titles,4.0,8.94427190999916
neural_baseline_lambda_s_0,18,education_or_academic_work,3.2,5.630275304103699
neural_baseline_lambda_s_0,18,legal_or_regulatory_work,1.6,1.5165750888103102
neural_baseline_lambda_s_0,18,celebrity_or_public_attention,0.2,0.447213595499958
neural_baseline_lambda_s_0,18,fashion_or_modeling_work,0.2,0.447213595499958
neural_baseline_lambda_s_0,18,male_pronouns,0.2,0.447213595499958
neural_baseline_lambda_s_0,18,nursing_care,0.2,0.447213595499958
neural_baseline_lambda_s_0,18,appearance_or_body_presentation,0.0,0.0
neural_baseline_lambda_s_0,18,business_or_management_education,0.0,0.0
neural_baseline_lambda_s_0,18,clinical_care,0.0,0.0
neural_baseline_lambda_s_0,18,creative_or_artistic_work,0.0,0.0
neural_baseline_lambda_s_0,18,female_gendered_titles,0.0,0.0
neural_baseline_lambda_s_0,18,female_pronouns,0.0,0.0
neural_baseline_lambda_s_0,18,gendered_organization_or_award,0.0,0.0
neural_baseline_lambda_s_0,18,health_or_wellness_work,0.0,0.0
neural_baseline_lambda_s_0,18,media_interviews_or_features,0.0,0.0
neural_baseline_lambda_s_0,18,organizational_role_or_administration,0.0,0.0
neural_baseline_lambda_s_0,18,parent_role_mentions,0.0,0.0
neural_baseline_lambda_s_0,18,public_presence_or_recognition,0.0,0.0
neural_baseline_lambda_s_0,18,religious_ministry,0.0,0.0
neural_baseline_lambda_s_0,18,reporting_or_news_work,0.0,0.0
neural_baseline_lambda_s_0,18,technical_infrastructure,0.0,0.0
neural_baseline_lambda_s_0,19,music_composition,244.8,182.87482057407465
neural_baseline_lambda_s_0,19,teaching_or_instruction,243.8,236.61086196537977
neural_baseline_lambda_s_0,19,technical_or_engineering_work,143.2,261.0329481119194
neural_baseline_lambda_s_0,19,mind_body_practice,134.8,134.72453377169282
neural_baseline_lambda_s_0,19,software_development,126.8,174.25039454761645
neural_baseline_lambda_s_0,19,media_or_publishing_work,112.4,61.78430221342635
neural_baseline_lambda_s_0,19,legal_practice,89.0,83.98511772927392
neural_baseline_lambda_s_0,19,education_or_academic_work,82.8,164.05090673324545
neural_baseline_lambda_s_0,19,surgical_work,67.6,117.88681011885934
neural_baseline_lambda_s_0,19,fitness_instruction,60.8,81.349247077032
neural_baseline_lambda_s_0,19,comedy_or_stage_performance,58.8,83.79558460921434
neural_baseline_lambda_s_0,19,manual_body_treatment,58.8,126.50968342383915
neural_baseline_lambda_s_0,19,public_speaking_or_events,58.8,131.48079707698764
neural_baseline_lambda_s_0,19,film_or_video_production,56.2,75.60555535144226
neural_baseline_lambda_s_0,19,camera_or_photography_work,53.4,73.31302749170845
neural_baseline_lambda_s_0,19,scientific_or_lab_research,49.2,53.737324086709044
neural_baseline_lambda_s_0,19,dental_or_oral_health,48.0,55.86591089385369
neural_baseline_lambda_s_0,19,building_or_spatial_design,44.8,72.47896246498014
neural_baseline_lambda_s_0,19,research_publications,40.2,89.88993269549155
neural_baseline_lambda_s_0,19,live_music_or_recording,30.6,47.2207581472386
neural_baseline_lambda_s_0,19,therapy_or_counseling,21.2,24.610973162392423
neural_baseline_lambda_s_0,19,business_or_client_service,20.4,27.061042108536764
neural_baseline_lambda_s_0,19,celebrity_or_public_attention,19.2,42.93250516799596
neural_baseline_lambda_s_0,19,medical_training,18.6,41.59086438149609
neural_baseline_lambda_s_0,19,advanced_degree_or_training,14.6,31.540450218727063
neural_baseline_lambda_s_0,19,interior_or_decorative_design,13.6,30.41052449399714
neural_baseline_lambda_s_0,19,child_or_family_care_mentions,12.8,19.473058311420935
neural_baseline_lambda_s_0,19,nutrition_or_diet_guidance,12.4,8.677557259966655
neural_baseline_lambda_s_0,19,male_gendered_titles,11.8,26.385602134497518
neural_baseline_lambda_s_0,19,classroom_instruction,11.4,16.994116628998402
neural_baseline_lambda_s_0,19,financial_or_accounting_work,9.0,16.401219466856727
neural_baseline_lambda_s_0,19,management_or_leadership,7.0,15.652475842498529
neural_baseline_lambda_s_0,19,fashion_or_modeling_work,4.6,6.107372593840988
neural_baseline_lambda_s_0,19,legal_support_work,4.6,10.285912696499032
neural_baseline_lambda_s_0,19,online_public_presence,4.0,8.396427811873332
neural_baseline_lambda_s_0,19,literary_writing,3.2,7.155417527999328
neural_baseline_lambda_s_0,19,legal_or_regulatory_work,2.6,5.272570530585627
neural_baseline_lambda_s_0,19,university_affiliation,1.6,2.6076809620810595
neural_baseline_lambda_s_0,19,nursing_care,0.8,1.7888543819998317
neural_baseline_lambda_s_0,19,spouse_or_partner_mentions,0.6,1.3416407864998738
neural_baseline_lambda_s_0,19,visual_art_practice,0.6,1.3416407864998738
neural_baseline_lambda_s_0,19,religious_ministry,0.4,0.5477225575051662
neural_baseline_lambda_s_0,19,design_work,0.2,0.447213595499958
neural_baseline_lambda_s_0,19,appearance_or_body_presentation,0.0,0.0
neural_baseline_lambda_s_0,19,business_or_management_education,0.0,0.0
neural_baseline_lambda_s_0,19,clinical_care,0.0,0.0
neural_baseline_lambda_s_0,19,creative_or_artistic_work,0.0,0.0
neural_baseline_lambda_s_0,19,female_gendered_titles,0.0,0.0
neural_baseline_lambda_s_0,19,female_pronouns,0.0,0.0
neural_baseline_lambda_s_0,19,gendered_organization_or_award,0.0,0.0
neural_baseline_lambda_s_0,19,health_or_wellness_work,0.0,0.0
neural_baseline_lambda_s_0,19,male_pronouns,0.0,0.0
neural_baseline_lambda_s_0,19,media_interviews_or_features,0.0,0.0
neural_baseline_lambda_s_0,19,organizational_role_or_administration,0.0,0.0
neural_baseline_lambda_s_0,19,parent_role_mentions,0.0,0.0
neural_baseline_lambda_s_0,19,public_presence_or_recognition,0.0,0.0
neural_baseline_lambda_s_0,19,reporting_or_news_work,0.0,0.0
neural_baseline_lambda_s_0,19,technical_infrastructure,0.0,0.0
neural_baseline_lambda_s_0,20,teaching_or_instruction,256.0,297.8808486626826
neural_baseline_lambda_s_0,20,building_or_spatial_design,157.6,189.984999407848
neural_baseline_lambda_s_0,20,business_or_client_service,148.4,170.8487635307906
neural_baseline_lambda_s_0,20,mind_body_practice,132.6,114.6747574664974
neural_baseline_lambda_s_0,20,education_or_academic_work,99.8,167.41624771807545
neural_baseline_lambda_s_0,20,software_development,98.8,115.42400097033546
neural_baseline_lambda_s_0,20,music_composition,94.2,54.769517069260345
neural_baseline_lambda_s_0,20,advanced_degree_or_training,82.0,153.84895189763236
neural_baseline_lambda_s_0,20,legal_practice,73.4,101.95734402189966
neural_baseline_lambda_s_0,20,online_public_presence,67.2,130.06613702267012
neural_baseline_lambda_s_0,20,scientific_or_lab_research,54.6,65.8657725985204
neural_baseline_lambda_s_0,20,legal_support_work,50.0,111.80339887498948
neural_baseline_lambda_s_0,20,therapy_or_counseling,49.6,59.77290356005805
neural_baseline_lambda_s_0,20,surgical_work,47.0,76.70071707617863
neural_baseline_lambda_s_0,20,fitness_instruction,46.8,97.40995842315097
neural_baseline_lambda_s_0,20,public_speaking_or_events,45.0,100.62305898749054
neural_baseline_lambda_s_0,20,fashion_or_modeling_work,43.6,74.73486468844378
neural_baseline_lambda_s_0,20,nutrition_or_diet_guidance,37.2,51.90086704478067
neural_baseline_lambda_s_0,20,male_gendered_titles,33.8,75.57909763949289
neural_baseline_lambda_s_0,20,spouse_or_partner_mentions,32.2,48.77704378086068
neural_baseline_lambda_s_0,20,classroom_instruction,27.8,62.162689774494154
neural_baseline_lambda_s_0,20,dental_or_oral_health,27.4,39.42461160239883
neural_baseline_lambda_s_0,20,media_or_publishing_work,26.8,41.41497313774331
neural_baseline_lambda_s_0,20,film_or_video_production,23.6,31.745865872582527
neural_baseline_lambda_s_0,20,manual_body_treatment,23.0,32.71085446759225
neural_baseline_lambda_s_0,20,celebrity_or_public_attention,22.6,50.53513629149525
neural_baseline_lambda_s_0,20,reporting_or_news_work,22.2,43.24580904550174
neural_baseline_lambda_s_0,20,research_publications,20.8,46.51021393199563
neural_baseline_lambda_s_0,20,legal_or_regulatory_work,20.0,44.721359549995796
neural_baseline_lambda_s_0,20,technical_or_engineering_work,19.0,29.563490998188964
neural_baseline_lambda_s_0,20,comedy_or_stage_performance,17.0,23.49468024894146
neural_baseline_lambda_s_0,20,live_music_or_recording,15.0,25.84569596664017
neural_baseline_lambda_s_0,20,business_or_management_education,14.4,32.19937887599697
neural_baseline_lambda_s_0,20,design_work,13.2,28.411265371327623
neural_baseline_lambda_s_0,20,medical_training,11.8,18.965758619153625
neural_baseline_lambda_s_0,20,nursing_care,11.4,23.849528297222147
neural_baseline_lambda_s_0,20,university_affiliation,9.0,11.224972160321824
neural_baseline_lambda_s_0,20,technical_infrastructure,7.6,16.994116628998402
neural_baseline_lambda_s_0,20,religious_ministry,5.4,12.074767078498866
neural_baseline_lambda_s_0,20,interior_or_decorative_design,4.4,9.838699100999074
neural_baseline_lambda_s_0,20,financial_or_accounting_work,3.4,6.06630035524124
neural_baseline_lambda_s_0,20,camera_or_photography_work,2.0,3.464101615137755
neural_baseline_lambda_s_0,20,literary_writing,1.0,1.0
neural_baseline_lambda_s_0,20,management_or_leadership,0.6,1.3416407864998738
neural_baseline_lambda_s_0,20,visual_art_practice,0.6,1.3416407864998738
neural_baseline_lambda_s_0,20,child_or_family_care_mentions,0.2,0.447213595499958
neural_baseline_lambda_s_0,20,appearance_or_body_presentation,0.0,0.0
neural_baseline_lambda_s_0,20,clinical_care,0.0,0.0
neural_baseline_lambda_s_0,20,creative_or_artistic_work,0.0,0.0
neural_baseline_lambda_s_0,20,female_gendered_titles,0.0,0.0
neural_baseline_lambda_s_0,20,female_pronouns,0.0,0.0
neural_baseline_lambda_s_0,20,gendered_organization_or_award,0.0,0.0
neural_baseline_lambda_s_0,20,health_or_wellness_work,0.0,0.0
neural_baseline_lambda_s_0,20,male_pronouns,0.0,0.0
neural_baseline_lambda_s_0,20,media_interviews_or_features,0.0,0.0
neural_baseline_lambda_s_0,20,organizational_role_or_administration,0.0,0.0
neural_baseline_lambda_s_0,20,parent_role_mentions,0.0,0.0
neural_baseline_lambda_s_0,20,public_presence_or_recognition,0.0,0.0
neural_claq_lambda_s_0_4,1,health_or_wellness_work,1200.0,1095.4451150103323
neural_claq_lambda_s_0_4,1,creative_or_artistic_work,800.0,1095.4451150103323
neural_claq_lambda_s_0_4,1,advanced_degree_or_training,0.0,0.0
neural_claq_lambda_s_0_4,1,appearance_or_body_presentation,0.0,0.0
neural_claq_lambda_s_0_4,1,building_or_spatial_design,0.0,0.0
neural_claq_lambda_s_0_4,1,business_or_client_service,0.0,0.0
neural_claq_lambda_s_0_4,1,business_or_management_education,0.0,0.0
neural_claq_lambda_s_0_4,1,camera_or_photography_work,0.0,0.0
neural_claq_lambda_s_0_4,1,celebrity_or_public_attention,0.0,0.0
neural_claq_lambda_s_0_4,1,child_or_family_care_mentions,0.0,0.0
neural_claq_lambda_s_0_4,1,classroom_instruction,0.0,0.0
neural_claq_lambda_s_0_4,1,clinical_care,0.0,0.0
neural_claq_lambda_s_0_4,1,comedy_or_stage_performance,0.0,0.0
neural_claq_lambda_s_0_4,1,dental_or_oral_health,0.0,0.0
neural_claq_lambda_s_0_4,1,design_work,0.0,0.0
neural_claq_lambda_s_0_4,1,education_or_academic_work,0.0,0.0
neural_claq_lambda_s_0_4,1,fashion_or_modeling_work,0.0,0.0
neural_claq_lambda_s_0_4,1,female_gendered_titles,0.0,0.0
neural_claq_lambda_s_0_4,1,female_pronouns,0.0,0.0
neural_claq_lambda_s_0_4,1,film_or_video_production,0.0,0.0
neural_claq_lambda_s_0_4,1,financial_or_accounting_work,0.0,0.0
neural_claq_lambda_s_0_4,1,fitness_instruction,0.0,0.0
neural_claq_lambda_s_0_4,1,gendered_organization_or_award,0.0,0.0
neural_claq_lambda_s_0_4,1,interior_or_decorative_design,0.0,0.0
neural_claq_lambda_s_0_4,1,legal_or_regulatory_work,0.0,0.0
neural_claq_lambda_s_0_4,1,legal_practice,0.0,0.0
neural_claq_lambda_s_0_4,1,legal_support_work,0.0,0.0
neural_claq_lambda_s_0_4,1,literary_writing,0.0,0.0
neural_claq_lambda_s_0_4,1,live_music_or_recording,0.0,0.0
neural_claq_lambda_s_0_4,1,male_gendered_titles,0.0,0.0
neural_claq_lambda_s_0_4,1,male_pronouns,0.0,0.0
neural_claq_lambda_s_0_4,1,management_or_leadership,0.0,0.0
neural_claq_lambda_s_0_4,1,manual_body_treatment,0.0,0.0
neural_claq_lambda_s_0_4,1,media_interviews_or_features,0.0,0.0
neural_claq_lambda_s_0_4,1,media_or_publishing_work,0.0,0.0
neural_claq_lambda_s_0_4,1,medical_training,0.0,0.0
neural_claq_lambda_s_0_4,1,mind_body_practice,0.0,0.0
neural_claq_lambda_s_0_4,1,music_composition,0.0,0.0
neural_claq_lambda_s_0_4,1,nursing_care,0.0,0.0
neural_claq_lambda_s_0_4,1,nutrition_or_diet_guidance,0.0,0.0
neural_claq_lambda_s_0_4,1,online_public_presence,0.0,0.0
neural_claq_lambda_s_0_4,1,organizational_role_or_administration,0.0,0.0
neural_claq_lambda_s_0_4,1,parent_role_mentions,0.0,0.0
neural_claq_lambda_s_0_4,1,public_presence_or_recognition,0.0,0.0
neural_claq_lambda_s_0_4,1,public_speaking_or_events,0.0,0.0
neural_claq_lambda_s_0_4,1,religious_ministry,0.0,0.0
neural_claq_lambda_s_0_4,1,reporting_or_news_work,0.0,0.0
neural_claq_lambda_s_0_4,1,research_publications,0.0,0.0
neural_claq_lambda_s_0_4,1,scientific_or_lab_research,0.0,0.0
neural_claq_lambda_s_0_4,1,software_development,0.0,0.0
neural_claq_lambda_s_0_4,1,spouse_or_partner_mentions,0.0,0.0
neural_claq_lambda_s_0_4,1,surgical_work,0.0,0.0
neural_claq_lambda_s_0_4,1,teaching_or_instruction,0.0,0.0
neural_claq_lambda_s_0_4,1,technical_infrastructure,0.0,0.0
neural_claq_lambda_s_0_4,1,technical_or_engineering_work,0.0,0.0
neural_claq_lambda_s_0_4,1,therapy_or_counseling,0.0,0.0
neural_claq_lambda_s_0_4,1,university_affiliation,0.0,0.0
neural_claq_lambda_s_0_4,1,visual_art_practice,0.0,0.0
neural_claq_lambda_s_0_4,2,creative_or_artistic_work,559.2,765.7161353922222
neural_claq_lambda_s_0_4,2,legal_or_regulatory_work,536.0,735.0931913709989
neural_claq_lambda_s_0_4,2,visual_art_practice,287.2,393.2647962887093
neural_claq_lambda_s_0_4,2,health_or_wellness_work,256.4,573.327829430946
neural_claq_lambda_s_0_4,2,nursing_care,240.8,329.72897961811
neural_claq_lambda_s_0_4,2,clinical_care,120.4,269.22258449097467
neural_claq_lambda_s_0_4,2,advanced_degree_or_training,0.0,0.0
neural_claq_lambda_s_0_4,2,appearance_or_body_presentation,0.0,0.0
neural_claq_lambda_s_0_4,2,building_or_spatial_design,0.0,0.0
neural_claq_lambda_s_0_4,2,business_or_client_service,0.0,0.0
neural_claq_lambda_s_0_4,2,business_or_management_education,0.0,0.0
neural_claq_lambda_s_0_4,2,camera_or_photography_work,0.0,0.0
neural_claq_lambda_s_0_4,2,celebrity_or_public_attention,0.0,0.0
neural_claq_lambda_s_0_4,2,child_or_family_care_mentions,0.0,0.0
neural_claq_lambda_s_0_4,2,classroom_instruction,0.0,0.0
neural_claq_lambda_s_0_4,2,comedy_or_stage_performance,0.0,0.0
neural_claq_lambda_s_0_4,2,dental_or_oral_health,0.0,0.0
neural_claq_lambda_s_0_4,2,design_work,0.0,0.0
neural_claq_lambda_s_0_4,2,education_or_academic_work,0.0,0.0
neural_claq_lambda_s_0_4,2,fashion_or_modeling_work,0.0,0.0
neural_claq_lambda_s_0_4,2,female_gendered_titles,0.0,0.0
neural_claq_lambda_s_0_4,2,female_pronouns,0.0,0.0
neural_claq_lambda_s_0_4,2,film_or_video_production,0.0,0.0
neural_claq_lambda_s_0_4,2,financial_or_accounting_work,0.0,0.0
neural_claq_lambda_s_0_4,2,fitness_instruction,0.0,0.0
neural_claq_lambda_s_0_4,2,gendered_organization_or_award,0.0,0.0
neural_claq_lambda_s_0_4,2,interior_or_decorative_design,0.0,0.0
neural_claq_lambda_s_0_4,2,legal_practice,0.0,0.0
neural_claq_lambda_s_0_4,2,legal_support_work,0.0,0.0
neural_claq_lambda_s_0_4,2,literary_writing,0.0,0.0
neural_claq_lambda_s_0_4,2,live_music_or_recording,0.0,0.0
neural_claq_lambda_s_0_4,2,male_gendered_titles,0.0,0.0
neural_claq_lambda_s_0_4,2,male_pronouns,0.0,0.0
neural_claq_lambda_s_0_4,2,management_or_leadership,0.0,0.0
neural_claq_lambda_s_0_4,2,manual_body_treatment,0.0,0.0
neural_claq_lambda_s_0_4,2,media_interviews_or_features,0.0,0.0
neural_claq_lambda_s_0_4,2,media_or_publishing_work,0.0,0.0
neural_claq_lambda_s_0_4,2,medical_training,0.0,0.0
neural_claq_lambda_s_0_4,2,mind_body_practice,0.0,0.0
neural_claq_lambda_s_0_4,2,music_composition,0.0,0.0
neural_claq_lambda_s_0_4,2,nutrition_or_diet_guidance,0.0,0.0
neural_claq_lambda_s_0_4,2,online_public_presence,0.0,0.0
neural_claq_lambda_s_0_4,2,organizational_role_or_administration,0.0,0.0
neural_claq_lambda_s_0_4,2,parent_role_mentions,0.0,0.0
neural_claq_lambda_s_0_4,2,public_presence_or_recognition,0.0,0.0
neural_claq_lambda_s_0_4,2,public_speaking_or_events,0.0,0.0
neural_claq_lambda_s_0_4,2,religious_ministry,0.0,0.0
neural_claq_lambda_s_0_4,2,reporting_or_news_work,0.0,0.0
neural_claq_lambda_s_0_4,2,research_publications,0.0,0.0
neural_claq_lambda_s_0_4,2,scientific_or_lab_research,0.0,0.0
neural_claq_lambda_s_0_4,2,software_development,0.0,0.0
neural_claq_lambda_s_0_4,2,spouse_or_partner_mentions,0.0,0.0
neural_claq_lambda_s_0_4,2,surgical_work,0.0,0.0
neural_claq_lambda_s_0_4,2,teaching_or_instruction,0.0,0.0
neural_claq_lambda_s_0_4,2,technical_infrastructure,0.0,0.0
neural_claq_lambda_s_0_4,2,technical_or_engineering_work,0.0,0.0
neural_claq_lambda_s_0_4,2,therapy_or_counseling,0.0,0.0
neural_claq_lambda_s_0_4,2,university_affiliation,0.0,0.0
neural_claq_lambda_s_0_4,3,technical_or_engineering_work,415.2,379.024009793575
neural_claq_lambda_s_0_4,3,visual_art_practice,282.4,386.69212559864724
neural_claq_lambda_s_0_4,3,creative_or_artistic_work,279.6,625.2046065089412
neural_claq_lambda_s_0_4,3,health_or_wellness_work,256.4,573.327829430946
neural_claq_lambda_s_0_4,3,dental_or_oral_health,252.2,320.16901786400257
neural_claq_lambda_s_0_4,3,film_or_video_production,143.6,261.1298527552911
neural_claq_lambda_s_0_4,3,literary_writing,143.6,261.1298527552911
neural_claq_lambda_s_0_4,3,nursing_care,118.0,263.8560213449752
neural_claq_lambda_s_0_4,3,clinical_care,109.0,243.73140954747709
neural_claq_lambda_s_0_4,3,advanced_degree_or_training,0.0,0.0
neural_claq_lambda_s_0_4,3,appearance_or_body_presentation,0.0,0.0
neural_claq_lambda_s_0_4,3,building_or_spatial_design,0.0,0.0
neural_claq_lambda_s_0_4,3,business_or_client_service,0.0,0.0
neural_claq_lambda_s_0_4,3,business_or_management_education,0.0,0.0
neural_claq_lambda_s_0_4,3,camera_or_photography_work,0.0,0.0
neural_claq_lambda_s_0_4,3,celebrity_or_public_attention,0.0,0.0
neural_claq_lambda_s_0_4,3,child_or_family_care_mentions,0.0,0.0
neural_claq_lambda_s_0_4,3,classroom_instruction,0.0,0.0
neural_claq_lambda_s_0_4,3,comedy_or_stage_performance,0.0,0.0
neural_claq_lambda_s_0_4,3,design_work,0.0,0.0
neural_claq_lambda_s_0_4,3,education_or_academic_work,0.0,0.0
neural_claq_lambda_s_0_4,3,fashion_or_modeling_work,0.0,0.0
neural_claq_lambda_s_0_4,3,female_gendered_titles,0.0,0.0
neural_claq_lambda_s_0_4,3,female_pronouns,0.0,0.0
neural_claq_lambda_s_0_4,3,financial_or_accounting_work,0.0,0.0
neural_claq_lambda_s_0_4,3,fitness_instruction,0.0,0.0
neural_claq_lambda_s_0_4,3,gendered_organization_or_award,0.0,0.0
neural_claq_lambda_s_0_4,3,interior_or_decorative_design,0.0,0.0
neural_claq_lambda_s_0_4,3,legal_or_regulatory_work,0.0,0.0
neural_claq_lambda_s_0_4,3,legal_practice,0.0,0.0
neural_claq_lambda_s_0_4,3,legal_support_work,0.0,0.0
neural_claq_lambda_s_0_4,3,live_music_or_recording,0.0,0.0
neural_claq_lambda_s_0_4,3,male_gendered_titles,0.0,0.0
neural_claq_lambda_s_0_4,3,male_pronouns,0.0,0.0
neural_claq_lambda_s_0_4,3,management_or_leadership,0.0,0.0
neural_claq_lambda_s_0_4,3,manual_body_treatment,0.0,0.0
neural_claq_lambda_s_0_4,3,media_interviews_or_features,0.0,0.0
neural_claq_lambda_s_0_4,3,media_or_publishing_work,0.0,0.0
neural_claq_lambda_s_0_4,3,medical_training,0.0,0.0
neural_claq_lambda_s_0_4,3,mind_body_practice,0.0,0.0
neural_claq_lambda_s_0_4,3,music_composition,0.0,0.0
neural_claq_lambda_s_0_4,3,nutrition_or_diet_guidance,0.0,0.0
neural_claq_lambda_s_0_4,3,online_public_presence,0.0,0.0
neural_claq_lambda_s_0_4,3,organizational_role_or_administration,0.0,0.0
neural_claq_lambda_s_0_4,3,parent_role_mentions,0.0,0.0
neural_claq_lambda_s_0_4,3,public_presence_or_recognition,0.0,0.0
neural_claq_lambda_s_0_4,3,public_speaking_or_events,0.0,0.0
neural_claq_lambda_s_0_4,3,religious_ministry,0.0,0.0
neural_claq_lambda_s_0_4,3,reporting_or_news_work,0.0,0.0
neural_claq_lambda_s_0_4,3,research_publications,0.0,0.0
neural_claq_lambda_s_0_4,3,scientific_or_lab_research,0.0,0.0
neural_claq_lambda_s_0_4,3,software_development,0.0,0.0
neural_claq_lambda_s_0_4,3,spouse_or_partner_mentions,0.0,0.0
neural_claq_lambda_s_0_4,3,surgical_work,0.0,0.0
neural_claq_lambda_s_0_4,3,teaching_or_instruction,0.0,0.0
neural_claq_lambda_s_0_4,3,technical_infrastructure,0.0,0.0
neural_claq_lambda_s_0_4,3,therapy_or_counseling,0.0,0.0
neural_claq_lambda_s_0_4,3,university_affiliation,0.0,0.0
neural_claq_lambda_s_0_4,4,legal_or_regulatory_work,415.2,379.024009793575
neural_claq_lambda_s_0_4,4,literary_writing,403.0,320.7537996657249
neural_claq_lambda_s_0_4,4,technical_or_engineering_work,276.8,379.024009793575
neural_claq_lambda_s_0_4,4,dental_or_oral_health,264.8,283.72292822399817
neural_claq_lambda_s_0_4,4,film_or_video_production,143.6,261.1298527552911
neural_claq_lambda_s_0_4,4,visual_art_practice,141.2,315.7327984229703
neural_claq_lambda_s_0_4,4,nursing_care,120.4,269.22258449097467
neural_claq_lambda_s_0_4,4,nutrition_or_diet_guidance,98.8,220.9235161769792
neural_claq_lambda_s_0_4,4,surgical_work,68.8,153.84147685198553
neural_claq_lambda_s_0_4,4,clinical_care,44.4,45.566435015260964
neural_claq_lambda_s_0_4,4,camera_or_photography_work,23.0,51.42956348249516
neural_claq_lambda_s_0_4,4,advanced_degree_or_training,0.0,0.0
neural_claq_lambda_s_0_4,4,appearance_or_body_presentation,0.0,0.0
neural_claq_lambda_s_0_4,4,building_or_spatial_design,0.0,0.0
neural_claq_lambda_s_0_4,4,business_or_client_service,0.0,0.0
neural_claq_lambda_s_0_4,4,business_or_management_education,0.0,0.0
neural_claq_lambda_s_0_4,4,celebrity_or_public_attention,0.0,0.0
neural_claq_lambda_s_0_4,4,child_or_family_care_mentions,0.0,0.0
neural_claq_lambda_s_0_4,4,classroom_instruction,0.0,0.0
neural_claq_lambda_s_0_4,4,comedy_or_stage_performance,0.0,0.0
neural_claq_lambda_s_0_4,4,creative_or_artistic_work,0.0,0.0
neural_claq_lambda_s_0_4,4,design_work,0.0,0.0
neural_claq_lambda_s_0_4,4,education_or_academic_work,0.0,0.0
neural_claq_lambda_s_0_4,4,fashion_or_modeling_work,0.0,0.0
neural_claq_lambda_s_0_4,4,female_gendered_titles,0.0,0.0
neural_claq_lambda_s_0_4,4,female_pronouns,0.0,0.0
neural_claq_lambda_s_0_4,4,financial_or_accounting_work,0.0,0.0
neural_claq_lambda_s_0_4,4,fitness_instruction,0.0,0.0
neural_claq_lambda_s_0_4,4,gendered_organization_or_award,0.0,0.0
neural_claq_lambda_s_0_4,4,health_or_wellness_work,0.0,0.0
neural_claq_lambda_s_0_4,4,interior_or_decorative_design,0.0,0.0
neural_claq_lambda_s_0_4,4,legal_practice,0.0,0.0
neural_claq_lambda_s_0_4,4,legal_support_work,0.0,0.0
neural_claq_lambda_s_0_4,4,live_music_or_recording,0.0,0.0
neural_claq_lambda_s_0_4,4,male_gendered_titles,0.0,0.0
neural_claq_lambda_s_0_4,4,male_pronouns,0.0,0.0
neural_claq_lambda_s_0_4,4,management_or_leadership,0.0,0.0
neural_claq_lambda_s_0_4,4,manual_body_treatment,0.0,0.0
neural_claq_lambda_s_0_4,4,media_interviews_or_features,0.0,0.0
neural_claq_lambda_s_0_4,4,media_or_publishing_work,0.0,0.0
neural_claq_lambda_s_0_4,4,medical_training,0.0,0.0
neural_claq_lambda_s_0_4,4,mind_body_practice,0.0,0.0
neural_claq_lambda_s_0_4,4,music_composition,0.0,0.0
neural_claq_lambda_s_0_4,4,online_public_presence,0.0,0.0
neural_claq_lambda_s_0_4,4,organizational_role_or_administration,0.0,0.0
neural_claq_lambda_s_0_4,4,parent_role_mentions,0.0,0.0
neural_claq_lambda_s_0_4,4,public_presence_or_recognition,0.0,0.0
neural_claq_lambda_s_0_4,4,public_speaking_or_events,0.0,0.0
neural_claq_lambda_s_0_4,4,religious_ministry,0.0,0.0
neural_claq_lambda_s_0_4,4,reporting_or_news_work,0.0,0.0
neural_claq_lambda_s_0_4,4,research_publications,0.0,0.0
neural_claq_lambda_s_0_4,4,scientific_or_lab_research,0.0,0.0
neural_claq_lambda_s_0_4,4,software_development,0.0,0.0
neural_claq_lambda_s_0_4,4,spouse_or_partner_mentions,0.0,0.0
neural_claq_lambda_s_0_4,4,teaching_or_instruction,0.0,0.0
neural_claq_lambda_s_0_4,4,technical_infrastructure,0.0,0.0
neural_claq_lambda_s_0_4,4,therapy_or_counseling,0.0,0.0
neural_claq_lambda_s_0_4,4,university_affiliation,0.0,0.0
neural_claq_lambda_s_0_4,5,design_work,581.4,563.1312458033207
neural_claq_lambda_s_0_4,5,clinical_care,292.2,322.9554148795155
neural_claq_lambda_s_0_4,5,live_music_or_recording,275.0,327.9291081926092
neural_claq_lambda_s_0_4,5,visual_art_practice,192.0,262.9068276024797
neural_claq_lambda_s_0_4,5,creative_or_artistic_work,161.2,261.7693641356834
neural_claq_lambda_s_0_4,5,film_or_video_production,151.4,310.8163444865794
neural_claq_lambda_s_0_4,5,literary_writing,118.2,264.30323494047514
neural_claq_lambda_s_0_4,5,nursing_care,116.0,259.3838853899756
neural_claq_lambda_s_0_4,5,dental_or_oral_health,79.6,149.64224002600335
neural_claq_lambda_s_0_4,5,nutrition_or_diet_guidance,21.6,48.29906831399546
neural_claq_lambda_s_0_4,5,surgical_work,10.8,24.14953415699773
neural_claq_lambda_s_0_4,5,legal_or_regulatory_work,0.6,1.3416407864998738
neural_claq_lambda_s_0_4,5,advanced_degree_or_training,0.0,0.0
neural_claq_lambda_s_0_4,5,appearance_or_body_presentation,0.0,0.0
neural_claq_lambda_s_0_4,5,building_or_spatial_design,0.0,0.0
neural_claq_lambda_s_0_4,5,business_or_client_service,0.0,0.0
neural_claq_lambda_s_0_4,5,business_or_management_education,0.0,0.0
neural_claq_lambda_s_0_4,5,camera_or_photography_work,0.0,0.0
neural_claq_lambda_s_0_4,5,celebrity_or_public_attention,0.0,0.0
neural_claq_lambda_s_0_4,5,child_or_family_care_mentions,0.0,0.0
neural_claq_lambda_s_0_4,5,classroom_instruction,0.0,0.0
neural_claq_lambda_s_0_4,5,comedy_or_stage_performance,0.0,0.0
neural_claq_lambda_s_0_4,5,education_or_academic_work,0.0,0.0
neural_claq_lambda_s_0_4,5,fashion_or_modeling_work,0.0,0.0
neural_claq_lambda_s_0_4,5,female_gendered_titles,0.0,0.0
neural_claq_lambda_s_0_4,5,female_pronouns,0.0,0.0
neural_claq_lambda_s_0_4,5,financial_or_accounting_work,0.0,0.0
neural_claq_lambda_s_0_4,5,fitness_instruction,0.0,0.0
neural_claq_lambda_s_0_4,5,gendered_organization_or_award,0.0,0.0
neural_claq_lambda_s_0_4,5,health_or_wellness_work,0.0,0.0
neural_claq_lambda_s_0_4,5,interior_or_decorative_design,0.0,0.0
neural_claq_lambda_s_0_4,5,legal_practice,0.0,0.0
neural_claq_lambda_s_0_4,5,legal_support_work,0.0,0.0
neural_claq_lambda_s_0_4,5,male_gendered_titles,0.0,0.0
neural_claq_lambda_s_0_4,5,male_pronouns,0.0,0.0
neural_claq_lambda_s_0_4,5,management_or_leadership,0.0,0.0
neural_claq_lambda_s_0_4,5,manual_body_treatment,0.0,0.0
neural_claq_lambda_s_0_4,5,media_interviews_or_features,0.0,0.0
neural_claq_lambda_s_0_4,5,media_or_publishing_work,0.0,0.0
neural_claq_lambda_s_0_4,5,medical_training,0.0,0.0
neural_claq_lambda_s_0_4,5,mind_body_practice,0.0,0.0
neural_claq_lambda_s_0_4,5,music_composition,0.0,0.0
neural_claq_lambda_s_0_4,5,online_public_presence,0.0,0.0
neural_claq_lambda_s_0_4,5,organizational_role_or_administration,0.0,0.0
neural_claq_lambda_s_0_4,5,parent_role_mentions,0.0,0.0
neural_claq_lambda_s_0_4,5,public_presence_or_recognition,0.0,0.0
neural_claq_lambda_s_0_4,5,public_speaking_or_events,0.0,0.0
neural_claq_lambda_s_0_4,5,religious_ministry,0.0,0.0
neural_claq_lambda_s_0_4,5,reporting_or_news_work,0.0,0.0
neural_claq_lambda_s_0_4,5,research_publications,0.0,0.0
neural_claq_lambda_s_0_4,5,scientific_or_lab_research,0.0,0.0
neural_claq_lambda_s_0_4,5,software_development,0.0,0.0
neural_claq_lambda_s_0_4,5,spouse_or_partner_mentions,0.0,0.0
neural_claq_lambda_s_0_4,5,teaching_or_instruction,0.0,0.0
neural_claq_lambda_s_0_4,5,technical_infrastructure,0.0,0.0
neural_claq_lambda_s_0_4,5,technical_or_engineering_work,0.0,0.0
neural_claq_lambda_s_0_4,5,therapy_or_counseling,0.0,0.0
neural_claq_lambda_s_0_4,5,university_affiliation,0.0,0.0
neural_claq_lambda_s_0_4,6,clinical_care,529.0,492.0477619093496
neural_claq_lambda_s_0_4,6,design_work,412.6,601.1595462104881
neural_claq_lambda_s_0_4,6,film_or_video_production,235.4,322.3395725008023
neural_claq_lambda_s_0_4,6,mind_body_practice,200.0,283.19957627086944
neural_claq_lambda_s_0_4,6,live_music_or_recording,167.2,311.66440284382816
neural_claq_lambda_s_0_4,6,visual_art_practice,130.6,205.5305330115212
neural_claq_lambda_s_0_4,6,legal_or_regulatory_work,115.8,105.71754821220553
neural_claq_lambda_s_0_4,6,nutrition_or_diet_guidance,79.6,177.99101100898326
neural_claq_lambda_s_0_4,6,therapy_or_counseling,79.2,177.09658381798334
neural_claq_lambda_s_0_4,6,literary_writing,48.0,65.82172893505609
neural_claq_lambda_s_0_4,6,nursing_care,2.0,4.47213595499958
neural_claq_lambda_s_0_4,6,dental_or_oral_health,0.6,1.3416407864998738
neural_claq_lambda_s_0_4,6,advanced_degree_or_training,0.0,0.0
neural_claq_lambda_s_0_4,6,appearance_or_body_presentation,0.0,0.0
neural_claq_lambda_s_0_4,6,building_or_spatial_design,0.0,0.0
neural_claq_lambda_s_0_4,6,business_or_client_service,0.0,0.0
neural_claq_lambda_s_0_4,6,business_or_management_education,0.0,0.0
neural_claq_lambda_s_0_4,6,camera_or_photography_work,0.0,0.0
neural_claq_lambda_s_0_4,6,celebrity_or_public_attention,0.0,0.0
neural_claq_lambda_s_0_4,6,child_or_family_care_mentions,0.0,0.0
neural_claq_lambda_s_0_4,6,classroom_instruction,0.0,0.0
neural_claq_lambda_s_0_4,6,comedy_or_stage_performance,0.0,0.0
neural_claq_lambda_s_0_4,6,creative_or_artistic_work,0.0,0.0
neural_claq_lambda_s_0_4,6,education_or_academic_work,0.0,0.0
neural_claq_lambda_s_0_4,6,fashion_or_modeling_work,0.0,0.0
neural_claq_lambda_s_0_4,6,female_gendered_titles,0.0,0.0
neural_claq_lambda_s_0_4,6,female_pronouns,0.0,0.0
neural_claq_lambda_s_0_4,6,financial_or_accounting_work,0.0,0.0
neural_claq_lambda_s_0_4,6,fitness_instruction,0.0,0.0
neural_claq_lambda_s_0_4,6,gendered_organization_or_award,0.0,0.0
neural_claq_lambda_s_0_4,6,health_or_wellness_work,0.0,0.0
neural_claq_lambda_s_0_4,6,interior_or_decorative_design,0.0,0.0
neural_claq_lambda_s_0_4,6,legal_practice,0.0,0.0
neural_claq_lambda_s_0_4,6,legal_support_work,0.0,0.0
neural_claq_lambda_s_0_4,6,male_gendered_titles,0.0,0.0
neural_claq_lambda_s_0_4,6,male_pronouns,0.0,0.0
neural_claq_lambda_s_0_4,6,management_or_leadership,0.0,0.0
neural_claq_lambda_s_0_4,6,manual_body_treatment,0.0,0.0
neural_claq_lambda_s_0_4,6,media_interviews_or_features,0.0,0.0
neural_claq_lambda_s_0_4,6,media_or_publishing_work,0.0,0.0
neural_claq_lambda_s_0_4,6,medical_training,0.0,0.0
neural_claq_lambda_s_0_4,6,music_composition,0.0,0.0
neural_claq_lambda_s_0_4,6,online_public_presence,0.0,0.0
neural_claq_lambda_s_0_4,6,organizational_role_or_administration,0.0,0.0
neural_claq_lambda_s_0_4,6,parent_role_mentions,0.0,0.0
neural_claq_lambda_s_0_4,6,public_presence_or_recognition,0.0,0.0
neural_claq_lambda_s_0_4,6,public_speaking_or_events,0.0,0.0
neural_claq_lambda_s_0_4,6,religious_ministry,0.0,0.0
neural_claq_lambda_s_0_4,6,reporting_or_news_work,0.0,0.0
neural_claq_lambda_s_0_4,6,research_publications,0.0,0.0
neural_claq_lambda_s_0_4,6,scientific_or_lab_research,0.0,0.0
neural_claq_lambda_s_0_4,6,software_development,0.0,0.0
neural_claq_lambda_s_0_4,6,spouse_or_partner_mentions,0.0,0.0
neural_claq_lambda_s_0_4,6,surgical_work,0.0,0.0
neural_claq_lambda_s_0_4,6,teaching_or_instruction,0.0,0.0
neural_claq_lambda_s_0_4,6,technical_infrastructure,0.0,0.0
neural_claq_lambda_s_0_4,6,technical_or_engineering_work,0.0,0.0
neural_claq_lambda_s_0_4,6,university_affiliation,0.0,0.0
neural_claq_lambda_s_0_4,7,visual_art_practice,367.8,288.9579554191232
neural_claq_lambda_s_0_4,7,live_music_or_recording,362.8,319.43496990780454
neural_claq_lambda_s_0_4,7,health_or_wellness_work,287.2,393.2647962887093
neural_claq_lambda_s_0_4,7,creative_or_artistic_work,193.0,270.9464891819047
neural_claq_lambda_s_0_4,7,nutrition_or_diet_guidance,158.4,216.89813277204578
neural_claq_lambda_s_0_4,7,technical_or_engineering_work,155.2,86.75943752699183
neural_claq_lambda_s_0_4,7,design_work,149.0,250.0679907545146
neural_claq_lambda_s_0_4,7,clinical_care,103.6,216.8785374351275
neural_claq_lambda_s_0_4,7,literary_writing,92.6,207.05989471648053
neural_claq_lambda_s_0_4,7,legal_or_regulatory_work,86.2,173.84533355830982
neural_claq_lambda_s_0_4,7,film_or_video_production,38.8,58.027579649680376
neural_claq_lambda_s_0_4,7,dental_or_oral_health,3.6,4.929503017546495
neural_claq_lambda_s_0_4,7,nursing_care,1.8,4.024922359499621
neural_claq_lambda_s_0_4,7,advanced_degree_or_training,0.0,0.0
neural_claq_lambda_s_0_4,7,appearance_or_body_presentation,0.0,0.0
neural_claq_lambda_s_0_4,7,building_or_spatial_design,0.0,0.0
neural_claq_lambda_s_0_4,7,business_or_client_service,0.0,0.0
neural_claq_lambda_s_0_4,7,business_or_management_education,0.0,0.0
neural_claq_lambda_s_0_4,7,camera_or_photography_work,0.0,0.0
neural_claq_lambda_s_0_4,7,celebrity_or_public_attention,0.0,0.0
neural_claq_lambda_s_0_4,7,child_or_family_care_mentions,0.0,0.0
neural_claq_lambda_s_0_4,7,classroom_instruction,0.0,0.0
neural_claq_lambda_s_0_4,7,comedy_or_stage_performance,0.0,0.0
neural_claq_lambda_s_0_4,7,education_or_academic_work,0.0,0.0
neural_claq_lambda_s_0_4,7,fashion_or_modeling_work,0.0,0.0
neural_claq_lambda_s_0_4,7,female_gendered_titles,0.0,0.0
neural_claq_lambda_s_0_4,7,female_pronouns,0.0,0.0
neural_claq_lambda_s_0_4,7,financial_or_accounting_work,0.0,0.0
neural_claq_lambda_s_0_4,7,fitness_instruction,0.0,0.0
neural_claq_lambda_s_0_4,7,gendered_organization_or_award,0.0,0.0
neural_claq_lambda_s_0_4,7,interior_or_decorative_design,0.0,0.0
neural_claq_lambda_s_0_4,7,legal_practice,0.0,0.0
neural_claq_lambda_s_0_4,7,legal_support_work,0.0,0.0
neural_claq_lambda_s_0_4,7,male_gendered_titles,0.0,0.0
neural_claq_lambda_s_0_4,7,male_pronouns,0.0,0.0
neural_claq_lambda_s_0_4,7,management_or_leadership,0.0,0.0
neural_claq_lambda_s_0_4,7,manual_body_treatment,0.0,0.0
neural_claq_lambda_s_0_4,7,media_interviews_or_features,0.0,0.0
neural_claq_lambda_s_0_4,7,media_or_publishing_work,0.0,0.0
neural_claq_lambda_s_0_4,7,medical_training,0.0,0.0
neural_claq_lambda_s_0_4,7,mind_body_practice,0.0,0.0
neural_claq_lambda_s_0_4,7,music_composition,0.0,0.0
neural_claq_lambda_s_0_4,7,online_public_presence,0.0,0.0
neural_claq_lambda_s_0_4,7,organizational_role_or_administration,0.0,0.0
neural_claq_lambda_s_0_4,7,parent_role_mentions,0.0,0.0
neural_claq_lambda_s_0_4,7,public_presence_or_recognition,0.0,0.0
neural_claq_lambda_s_0_4,7,public_speaking_or_events,0.0,0.0
neural_claq_lambda_s_0_4,7,religious_ministry,0.0,0.0
neural_claq_lambda_s_0_4,7,reporting_or_news_work,0.0,0.0
neural_claq_lambda_s_0_4,7,research_publications,0.0,0.0
neural_claq_lambda_s_0_4,7,scientific_or_lab_research,0.0,0.0
neural_claq_lambda_s_0_4,7,software_development,0.0,0.0
neural_claq_lambda_s_0_4,7,spouse_or_partner_mentions,0.0,0.0
neural_claq_lambda_s_0_4,7,surgical_work,0.0,0.0
neural_claq_lambda_s_0_4,7,teaching_or_instruction,0.0,0.0
neural_claq_lambda_s_0_4,7,technical_infrastructure,0.0,0.0
neural_claq_lambda_s_0_4,7,therapy_or_counseling,0.0,0.0
neural_claq_lambda_s_0_4,7,university_affiliation,0.0,0.0
neural_claq_lambda_s_0_4,8,legal_or_regulatory_work,459.4,324.2773504270688
neural_claq_lambda_s_0_4,8,design_work,415.8,331.4418501034533
neural_claq_lambda_s_0_4,8,live_music_or_recording,323.2,338.03653648681234
neural_claq_lambda_s_0_4,8,literary_writing,177.2,281.56118340424695
neural_claq_lambda_s_0_4,8,technical_or_engineering_work,144.2,314.083110020262
neural_claq_lambda_s_0_4,8,surgical_work,118.0,176.6578614157887
neural_claq_lambda_s_0_4,8,camera_or_photography_work,95.6,213.7680986489799
neural_claq_lambda_s_0_4,8,clinical_care,95.4,199.99449992437292
neural_claq_lambda_s_0_4,8,nutrition_or_diet_guidance,79.2,177.09658381798334
neural_claq_lambda_s_0_4,8,mind_body_practice,38.8,86.75943752699183
neural_claq_lambda_s_0_4,8,medical_training,33.0,73.79024325749306
neural_claq_lambda_s_0_4,8,creative_or_artistic_work,7.0,15.652475842498529
neural_claq_lambda_s_0_4,8,visual_art_practice,4.0,5.477225575051661
neural_claq_lambda_s_0_4,8,dental_or_oral_health,3.6,4.929503017546495
neural_claq_lambda_s_0_4,8,nursing_care,3.6,4.929503017546495
neural_claq_lambda_s_0_4,8,film_or_video_production,2.0,4.472135954999579
neural_claq_lambda_s_0_4,8,advanced_degree_or_training,0.0,0.0
neural_claq_lambda_s_0_4,8,appearance_or_body_presentation,0.0,0.0
neural_claq_lambda_s_0_4,8,building_or_spatial_design,0.0,0.0
neural_claq_lambda_s_0_4,8,business_or_client_service,0.0,0.0
neural_claq_lambda_s_0_4,8,business_or_management_education,0.0,0.0
neural_claq_lambda_s_0_4,8,celebrity_or_public_attention,0.0,0.0
neural_claq_lambda_s_0_4,8,child_or_family_care_mentions,0.0,0.0
neural_claq_lambda_s_0_4,8,classroom_instruction,0.0,0.0
neural_claq_lambda_s_0_4,8,comedy_or_stage_performance,0.0,0.0
neural_claq_lambda_s_0_4,8,education_or_academic_work,0.0,0.0
neural_claq_lambda_s_0_4,8,fashion_or_modeling_work,0.0,0.0
neural_claq_lambda_s_0_4,8,female_gendered_titles,0.0,0.0
neural_claq_lambda_s_0_4,8,female_pronouns,0.0,0.0
neural_claq_lambda_s_0_4,8,financial_or_accounting_work,0.0,0.0
neural_claq_lambda_s_0_4,8,fitness_instruction,0.0,0.0
neural_claq_lambda_s_0_4,8,gendered_organization_or_award,0.0,0.0
neural_claq_lambda_s_0_4,8,health_or_wellness_work,0.0,0.0
neural_claq_lambda_s_0_4,8,interior_or_decorative_design,0.0,0.0
neural_claq_lambda_s_0_4,8,legal_practice,0.0,0.0
neural_claq_lambda_s_0_4,8,legal_support_work,0.0,0.0
neural_claq_lambda_s_0_4,8,male_gendered_titles,0.0,0.0
neural_claq_lambda_s_0_4,8,male_pronouns,0.0,0.0
neural_claq_lambda_s_0_4,8,management_or_leadership,0.0,0.0
neural_claq_lambda_s_0_4,8,manual_body_treatment,0.0,0.0
neural_claq_lambda_s_0_4,8,media_interviews_or_features,0.0,0.0
neural_claq_lambda_s_0_4,8,media_or_publishing_work,0.0,0.0
neural_claq_lambda_s_0_4,8,music_composition,0.0,0.0
neural_claq_lambda_s_0_4,8,online_public_presence,0.0,0.0
neural_claq_lambda_s_0_4,8,organizational_role_or_administration,0.0,0.0
neural_claq_lambda_s_0_4,8,parent_role_mentions,0.0,0.0
neural_claq_lambda_s_0_4,8,public_presence_or_recognition,0.0,0.0
neural_claq_lambda_s_0_4,8,public_speaking_or_events,0.0,0.0
neural_claq_lambda_s_0_4,8,religious_ministry,0.0,0.0
neural_claq_lambda_s_0_4,8,reporting_or_news_work,0.0,0.0
neural_claq_lambda_s_0_4,8,research_publications,0.0,0.0
neural_claq_lambda_s_0_4,8,scientific_or_lab_research,0.0,0.0
neural_claq_lambda_s_0_4,8,software_development,0.0,0.0
neural_claq_lambda_s_0_4,8,spouse_or_partner_mentions,0.0,0.0
neural_claq_lambda_s_0_4,8,teaching_or_instruction,0.0,0.0
neural_claq_lambda_s_0_4,8,technical_infrastructure,0.0,0.0
neural_claq_lambda_s_0_4,8,therapy_or_counseling,0.0,0.0
neural_claq_lambda_s_0_4,8,university_affiliation,0.0,0.0
neural_claq_lambda_s_0_4,9,technical_or_engineering_work,617.2,138.31015870137665
neural_claq_lambda_s_0_4,9,literary_writing,419.2,361.60503315081223
neural_claq_lambda_s_0_4,9,live_music_or_recording,267.6,362.1343673279298
neural_claq_lambda_s_0_4,9,legal_or_regulatory_work,259.6,270.6885664375206
neural_claq_lambda_s_0_4,9,nutrition_or_diet_guidance,118.4,107.69076097790376
neural_claq_lambda_s_0_4,9,fitness_instruction,79.2,177.09658381798334
neural_claq_lambda_s_0_4,9,mind_body_practice,69.2,102.42655905574492
neural_claq_lambda_s_0_4,9,design_work,47.2,82.47241963226251
neural_claq_lambda_s_0_4,9,medical_training,46.6,104.20076775149019
neural_claq_lambda_s_0_4,9,clinical_care,42.0,93.91485505499116
neural_claq_lambda_s_0_4,9,camera_or_photography_work,25.2,50.9431055197855
neural_claq_lambda_s_0_4,9,dental_or_oral_health,2.2,3.8987177379235853
neural_claq_lambda_s_0_4,9,nursing_care,2.2,3.898717737923586
neural_claq_lambda_s_0_4,9,media_interviews_or_features,2.0,4.47213595499958
neural_claq_lambda_s_0_4,9,surgical_work,1.8,4.024922359499621
neural_claq_lambda_s_0_4,9,visual_art_practice,0.4,0.894427190999916
neural_claq_lambda_s_0_4,9,advanced_degree_or_training,0.0,0.0
neural_claq_lambda_s_0_4,9,appearance_or_body_presentation,0.0,0.0
neural_claq_lambda_s_0_4,9,building_or_spatial_design,0.0,0.0
neural_claq_lambda_s_0_4,9,business_or_client_service,0.0,0.0
neural_claq_lambda_s_0_4,9,business_or_management_education,0.0,0.0
neural_claq_lambda_s_0_4,9,celebrity_or_public_attention,0.0,0.0
neural_claq_lambda_s_0_4,9,child_or_family_care_mentions,0.0,0.0
neural_claq_lambda_s_0_4,9,classroom_instruction,0.0,0.0
neural_claq_lambda_s_0_4,9,comedy_or_stage_performance,0.0,0.0
neural_claq_lambda_s_0_4,9,creative_or_artistic_work,0.0,0.0
neural_claq_lambda_s_0_4,9,education_or_academic_work,0.0,0.0
neural_claq_lambda_s_0_4,9,fashion_or_modeling_work,0.0,0.0
neural_claq_lambda_s_0_4,9,female_gendered_titles,0.0,0.0
neural_claq_lambda_s_0_4,9,female_pronouns,0.0,0.0
neural_claq_lambda_s_0_4,9,film_or_video_production,0.0,0.0
neural_claq_lambda_s_0_4,9,financial_or_accounting_work,0.0,0.0
neural_claq_lambda_s_0_4,9,gendered_organization_or_award,0.0,0.0
neural_claq_lambda_s_0_4,9,health_or_wellness_work,0.0,0.0
neural_claq_lambda_s_0_4,9,interior_or_decorative_design,0.0,0.0
neural_claq_lambda_s_0_4,9,legal_practice,0.0,0.0
neural_claq_lambda_s_0_4,9,legal_support_work,0.0,0.0
neural_claq_lambda_s_0_4,9,male_gendered_titles,0.0,0.0
neural_claq_lambda_s_0_4,9,male_pronouns,0.0,0.0
neural_claq_lambda_s_0_4,9,management_or_leadership,0.0,0.0
neural_claq_lambda_s_0_4,9,manual_body_treatment,0.0,0.0
neural_claq_lambda_s_0_4,9,media_or_publishing_work,0.0,0.0
neural_claq_lambda_s_0_4,9,music_composition,0.0,0.0
neural_claq_lambda_s_0_4,9,online_public_presence,0.0,0.0
neural_claq_lambda_s_0_4,9,organizational_role_or_administration,0.0,0.0
neural_claq_lambda_s_0_4,9,parent_role_mentions,0.0,0.0
neural_claq_lambda_s_0_4,9,public_presence_or_recognition,0.0,0.0
neural_claq_lambda_s_0_4,9,public_speaking_or_events,0.0,0.0
neural_claq_lambda_s_0_4,9,religious_ministry,0.0,0.0
neural_claq_lambda_s_0_4,9,reporting_or_news_work,0.0,0.0
neural_claq_lambda_s_0_4,9,research_publications,0.0,0.0
neural_claq_lambda_s_0_4,9,scientific_or_lab_research,0.0,0.0
neural_claq_lambda_s_0_4,9,software_development,0.0,0.0
neural_claq_lambda_s_0_4,9,spouse_or_partner_mentions,0.0,0.0
neural_claq_lambda_s_0_4,9,teaching_or_instruction,0.0,0.0
neural_claq_lambda_s_0_4,9,technical_infrastructure,0.0,0.0
neural_claq_lambda_s_0_4,9,therapy_or_counseling,0.0,0.0
neural_claq_lambda_s_0_4,9,university_affiliation,0.0,0.0
neural_claq_lambda_s_0_4,10,film_or_video_production,683.2,0.4472135954999691
neural_claq_lambda_s_0_4,10,clinical_care,533.0,284.3765109849968
neural_claq_lambda_s_0_4,10,technical_or_engineering_work,172.4,292.16912910162154
neural_claq_lambda_s_0_4,10,design_work,118.0,256.06932655044807
neural_claq_lambda_s_0_4,10,medical_training,117.4,262.5143805584753
neural_claq_lambda_s_0_4,10,legal_or_regulatory_work,99.4,111.98571337451934
neural_claq_lambda_s_0_4,10,mind_body_practice,89.2,156.77754941317332
neural_claq_lambda_s_0_4,10,therapy_or_counseling,79.2,177.09658381798334
neural_claq_lambda_s_0_4,10,nutrition_or_diet_guidance,46.4,87.0419439121163
neural_claq_lambda_s_0_4,10,fitness_instruction,38.8,86.75943752699185
neural_claq_lambda_s_0_4,10,male_pronouns,15.8,35.32987404449668
neural_claq_lambda_s_0_4,10,nursing_care,2.2,3.8987177379235853
neural_claq_lambda_s_0_4,10,live_music_or_recording,2.0,4.472135954999579
neural_claq_lambda_s_0_4,10,visual_art_practice,1.2,2.6832815729997477
neural_claq_lambda_s_0_4,10,literary_writing,0.8,1.0954451150103321
neural_claq_lambda_s_0_4,10,education_or_academic_work,0.6,1.3416407864998738
neural_claq_lambda_s_0_4,10,dental_or_oral_health,0.4,0.894427190999916
neural_claq_lambda_s_0_4,10,advanced_degree_or_training,0.0,0.0
neural_claq_lambda_s_0_4,10,appearance_or_body_presentation,0.0,0.0
neural_claq_lambda_s_0_4,10,building_or_spatial_design,0.0,0.0
neural_claq_lambda_s_0_4,10,business_or_client_service,0.0,0.0
neural_claq_lambda_s_0_4,10,business_or_management_education,0.0,0.0
neural_claq_lambda_s_0_4,10,camera_or_photography_work,0.0,0.0
neural_claq_lambda_s_0_4,10,celebrity_or_public_attention,0.0,0.0
neural_claq_lambda_s_0_4,10,child_or_family_care_mentions,0.0,0.0
neural_claq_lambda_s_0_4,10,classroom_instruction,0.0,0.0
neural_claq_lambda_s_0_4,10,comedy_or_stage_performance,0.0,0.0
neural_claq_lambda_s_0_4,10,creative_or_artistic_work,0.0,0.0
neural_claq_lambda_s_0_4,10,fashion_or_modeling_work,0.0,0.0
neural_claq_lambda_s_0_4,10,female_gendered_titles,0.0,0.0
neural_claq_lambda_s_0_4,10,female_pronouns,0.0,0.0
neural_claq_lambda_s_0_4,10,financial_or_accounting_work,0.0,0.0
neural_claq_lambda_s_0_4,10,gendered_organization_or_award,0.0,0.0
neural_claq_lambda_s_0_4,10,health_or_wellness_work,0.0,0.0
neural_claq_lambda_s_0_4,10,interior_or_decorative_design,0.0,0.0
neural_claq_lambda_s_0_4,10,legal_practice,0.0,0.0
neural_claq_lambda_s_0_4,10,legal_support_work,0.0,0.0
neural_claq_lambda_s_0_4,10,male_gendered_titles,0.0,0.0
neural_claq_lambda_s_0_4,10,management_or_leadership,0.0,0.0
neural_claq_lambda_s_0_4,10,manual_body_treatment,0.0,0.0
neural_claq_lambda_s_0_4,10,media_interviews_or_features,0.0,0.0
neural_claq_lambda_s_0_4,10,media_or_publishing_work,0.0,0.0
neural_claq_lambda_s_0_4,10,music_composition,0.0,0.0
neural_claq_lambda_s_0_4,10,online_public_presence,0.0,0.0
neural_claq_lambda_s_0_4,10,organizational_role_or_administration,0.0,0.0
neural_claq_lambda_s_0_4,10,parent_role_mentions,0.0,0.0
neural_claq_lambda_s_0_4,10,public_presence_or_recognition,0.0,0.0
neural_claq_lambda_s_0_4,10,public_speaking_or_events,0.0,0.0
neural_claq_lambda_s_0_4,10,religious_ministry,0.0,0.0
neural_claq_lambda_s_0_4,10,reporting_or_news_work,0.0,0.0
neural_claq_lambda_s_0_4,10,research_publications,0.0,0.0
neural_claq_lambda_s_0_4,10,scientific_or_lab_research,0.0,0.0
neural_claq_lambda_s_0_4,10,software_development,0.0,0.0
neural_claq_lambda_s_0_4,10,spouse_or_partner_mentions,0.0,0.0
neural_claq_lambda_s_0_4,10,surgical_work,0.0,0.0
neural_claq_lambda_s_0_4,10,teaching_or_instruction,0.0,0.0
neural_claq_lambda_s_0_4,10,technical_infrastructure,0.0,0.0
neural_claq_lambda_s_0_4,10,university_affiliation,0.0,0.0
neural_claq_lambda_s_0_4,11,camera_or_photography_work,841.6,306.2863039706477
neural_claq_lambda_s_0_4,11,education_or_academic_work,245.6,339.8224536430752
neural_claq_lambda_s_0_4,11,surgical_work,156.8,255.16994337107968
neural_claq_lambda_s_0_4,11,software_development,138.4,309.4718080859709
neural_claq_lambda_s_0_4,11,clinical_care,131.0,292.92490505247247
neural_claq_lambda_s_0_4,11,dental_or_oral_health,128.4,287.111128310973
neural_claq_lambda_s_0_4,11,design_work,117.8,262.2922034678118
neural_claq_lambda_s_0_4,11,medical_training,77.8,105.63711468986646
neural_claq_lambda_s_0_4,11,technical_or_engineering_work,50.2,85.45291100951447
neural_claq_lambda_s_0_4,11,mind_body_practice,43.4,87.04768807958084
neural_claq_lambda_s_0_4,11,female_pronouns,29.8,66.63482572949373
neural_claq_lambda_s_0_4,11,manual_body_treatment,10.2,22.807893370497855
neural_claq_lambda_s_0_4,11,teaching_or_instruction,8.2,18.335757415498275
neural_claq_lambda_s_0_4,11,male_pronouns,7.8,17.44133022449836
neural_claq_lambda_s_0_4,11,legal_or_regulatory_work,4.6,6.54217089351845
neural_claq_lambda_s_0_4,11,live_music_or_recording,2.8,3.8340579025361627
neural_claq_lambda_s_0_4,11,celebrity_or_public_attention,2.0,4.47213595499958
neural_claq_lambda_s_0_4,11,visual_art_practice,1.4,2.1908902300206643
neural_claq_lambda_s_0_4,11,fitness_instruction,0.6,1.3416407864998738
neural_claq_lambda_s_0_4,11,film_or_video_production,0.4,0.894427190999916
neural_claq_lambda_s_0_4,11,nutrition_or_diet_guidance,0.4,0.8944271909999159
neural_claq_lambda_s_0_4,11,therapy_or_counseling,0.4,0.894427190999916
neural_claq_lambda_s_0_4,11,building_or_spatial_design,0.2,0.447213595499958
neural_claq_lambda_s_0_4,11,literary_writing,0.2,0.447213595499958
neural_claq_lambda_s_0_4,11,advanced_degree_or_training,0.0,0.0
neural_claq_lambda_s_0_4,11,appearance_or_body_presentation,0.0,0.0
neural_claq_lambda_s_0_4,11,business_or_client_service,0.0,0.0
neural_claq_lambda_s_0_4,11,business_or_management_education,0.0,0.0
neural_claq_lambda_s_0_4,11,child_or_family_care_mentions,0.0,0.0
neural_claq_lambda_s_0_4,11,classroom_instruction,0.0,0.0
neural_claq_lambda_s_0_4,11,comedy_or_stage_performance,0.0,0.0
neural_claq_lambda_s_0_4,11,creative_or_artistic_work,0.0,0.0
neural_claq_lambda_s_0_4,11,fashion_or_modeling_work,0.0,0.0
neural_claq_lambda_s_0_4,11,female_gendered_titles,0.0,0.0
neural_claq_lambda_s_0_4,11,financial_or_accounting_work,0.0,0.0
neural_claq_lambda_s_0_4,11,gendered_organization_or_award,0.0,0.0
neural_claq_lambda_s_0_4,11,health_or_wellness_work,0.0,0.0
neural_claq_lambda_s_0_4,11,interior_or_decorative_design,0.0,0.0
neural_claq_lambda_s_0_4,11,legal_practice,0.0,0.0
neural_claq_lambda_s_0_4,11,legal_support_work,0.0,0.0
neural_claq_lambda_s_0_4,11,male_gendered_titles,0.0,0.0
neural_claq_lambda_s_0_4,11,management_or_leadership,0.0,0.0
neural_claq_lambda_s_0_4,11,media_interviews_or_features,0.0,0.0
neural_claq_lambda_s_0_4,11,media_or_publishing_work,0.0,0.0
neural_claq_lambda_s_0_4,11,music_composition,0.0,0.0
neural_claq_lambda_s_0_4,11,nursing_care,0.0,0.0
neural_claq_lambda_s_0_4,11,online_public_presence,0.0,0.0
neural_claq_lambda_s_0_4,11,organizational_role_or_administration,0.0,0.0
neural_claq_lambda_s_0_4,11,parent_role_mentions,0.0,0.0
neural_claq_lambda_s_0_4,11,public_presence_or_recognition,0.0,0.0
neural_claq_lambda_s_0_4,11,public_speaking_or_events,0.0,0.0
neural_claq_lambda_s_0_4,11,religious_ministry,0.0,0.0
neural_claq_lambda_s_0_4,11,reporting_or_news_work,0.0,0.0
neural_claq_lambda_s_0_4,11,research_publications,0.0,0.0
neural_claq_lambda_s_0_4,11,scientific_or_lab_research,0.0,0.0
neural_claq_lambda_s_0_4,11,spouse_or_partner_mentions,0.0,0.0
neural_claq_lambda_s_0_4,11,technical_infrastructure,0.0,0.0
neural_claq_lambda_s_0_4,11,university_affiliation,0.0,0.0
neural_claq_lambda_s_0_4,12,media_or_publishing_work,558.8,597.8818445144492
neural_claq_lambda_s_0_4,12,teaching_or_instruction,207.8,297.1013295157058
neural_claq_lambda_s_0_4,12,software_development,179.2,260.8135349248578
neural_claq_lambda_s_0_4,12,mind_body_practice,178.4,293.2418796829675
neural_claq_lambda_s_0_4,12,fashion_or_modeling_work,169.6,310.2793902275818
neural_claq_lambda_s_0_4,12,camera_or_photography_work,126.2,277.18802282927015
neural_claq_lambda_s_0_4,12,medical_training,116.6,171.44182686847455
neural_claq_lambda_s_0_4,12,comedy_or_stage_performance,98.2,189.33356807497185
neural_claq_lambda_s_0_4,12,manual_body_treatment,67.0,149.81655449248592
neural_claq_lambda_s_0_4,12,design_work,46.8,104.08986502056769
neural_claq_lambda_s_0_4,12,education_or_academic_work,44.8,46.461812276319996
neural_claq_lambda_s_0_4,12,technical_or_engineering_work,41.4,55.71175818442639
neural_claq_lambda_s_0_4,12,building_or_spatial_design,40.4,90.3371462909915
neural_claq_lambda_s_0_4,12,visual_art_practice,40.0,83.90172823011454
neural_claq_lambda_s_0_4,12,therapy_or_counseling,38.8,86.75943752699183
neural_claq_lambda_s_0_4,12,female_pronouns,35.6,59.80635417746178
neural_claq_lambda_s_0_4,12,surgical_work,2.6,3.7148351242013424
neural_claq_lambda_s_0_4,12,film_or_video_production,1.8,3.03315017762062
neural_claq_lambda_s_0_4,12,literary_writing,1.8,4.024922359499621
neural_claq_lambda_s_0_4,12,fitness_instruction,1.6,3.5777087639996634
neural_claq_lambda_s_0_4,12,legal_or_regulatory_work,1.6,3.0495901363953815
neural_claq_lambda_s_0_4,12,live_music_or_recording,0.8,1.0954451150103321
neural_claq_lambda_s_0_4,12,dental_or_oral_health,0.2,0.4472135954999579
neural_claq_lambda_s_0_4,12,advanced_degree_or_training,0.0,0.0
neural_claq_lambda_s_0_4,12,appearance_or_body_presentation,0.0,0.0
neural_claq_lambda_s_0_4,12,business_or_client_service,0.0,0.0
neural_claq_lambda_s_0_4,12,business_or_management_education,0.0,0.0
neural_claq_lambda_s_0_4,12,celebrity_or_public_attention,0.0,0.0
neural_claq_lambda_s_0_4,12,child_or_family_care_mentions,0.0,0.0
neural_claq_lambda_s_0_4,12,classroom_instruction,0.0,0.0
neural_claq_lambda_s_0_4,12,clinical_care,0.0,0.0
neural_claq_lambda_s_0_4,12,creative_or_artistic_work,0.0,0.0
neural_claq_lambda_s_0_4,12,female_gendered_titles,0.0,0.0
neural_claq_lambda_s_0_4,12,financial_or_accounting_work,0.0,0.0
neural_claq_lambda_s_0_4,12,gendered_organization_or_award,0.0,0.0
neural_claq_lambda_s_0_4,12,health_or_wellness_work,0.0,0.0
neural_claq_lambda_s_0_4,12,interior_or_decorative_design,0.0,0.0
neural_claq_lambda_s_0_4,12,legal_practice,0.0,0.0
neural_claq_lambda_s_0_4,12,legal_support_work,0.0,0.0
neural_claq_lambda_s_0_4,12,male_gendered_titles,0.0,0.0
neural_claq_lambda_s_0_4,12,male_pronouns,0.0,0.0
neural_claq_lambda_s_0_4,12,management_or_leadership,0.0,0.0
neural_claq_lambda_s_0_4,12,media_interviews_or_features,0.0,0.0
neural_claq_lambda_s_0_4,12,music_composition,0.0,0.0
neural_claq_lambda_s_0_4,12,nursing_care,0.0,0.0
neural_claq_lambda_s_0_4,12,nutrition_or_diet_guidance,0.0,0.0
neural_claq_lambda_s_0_4,12,online_public_presence,0.0,0.0
neural_claq_lambda_s_0_4,12,organizational_role_or_administration,0.0,0.0
neural_claq_lambda_s_0_4,12,parent_role_mentions,0.0,0.0
neural_claq_lambda_s_0_4,12,public_presence_or_recognition,0.0,0.0
neural_claq_lambda_s_0_4,12,public_speaking_or_events,0.0,0.0
neural_claq_lambda_s_0_4,12,religious_ministry,0.0,0.0
neural_claq_lambda_s_0_4,12,reporting_or_news_work,0.0,0.0
neural_claq_lambda_s_0_4,12,research_publications,0.0,0.0
neural_claq_lambda_s_0_4,12,scientific_or_lab_research,0.0,0.0
neural_claq_lambda_s_0_4,12,spouse_or_partner_mentions,0.0,0.0
neural_claq_lambda_s_0_4,12,technical_infrastructure,0.0,0.0
neural_claq_lambda_s_0_4,12,university_affiliation,0.0,0.0
neural_claq_lambda_s_0_4,13,education_or_academic_work,628.6,366.02499914623314
neural_claq_lambda_s_0_4,13,software_development,244.2,334.5881049888056
neural_claq_lambda_s_0_4,13,media_interviews_or_features,121.0,270.5642252774746
neural_claq_lambda_s_0_4,13,camera_or_photography_work,95.0,169.43730403898664
neural_claq_lambda_s_0_4,13,media_or_publishing_work,90.8,122.17487466742088
neural_claq_lambda_s_0_4,13,comedy_or_stage_performance,88.6,74.05605984657839
neural_claq_lambda_s_0_4,13,teaching_or_instruction,87.2,69.58591811566475
neural_claq_lambda_s_0_4,13,mind_body_practice,78.8,172.31569864640886
neural_claq_lambda_s_0_4,13,dental_or_oral_health,73.8,163.90607066243763
neural_claq_lambda_s_0_4,13,fashion_or_modeling_work,73.8,164.46336978184536
neural_claq_lambda_s_0_4,13,building_or_spatial_design,71.0,158.76082640248507
neural_claq_lambda_s_0_4,13,design_work,69.2,133.50355800502098
neural_claq_lambda_s_0_4,13,female_pronouns,59.4,91.90103372650385
neural_claq_lambda_s_0_4,13,visual_art_practice,53.4,75.4506461204939
neural_claq_lambda_s_0_4,13,therapy_or_counseling,49.0,98.04590761474954
neural_claq_lambda_s_0_4,13,nutrition_or_diet_guidance,43.0,90.07774419910837
neural_claq_lambda_s_0_4,13,medical_training,31.0,60.77005841695399
neural_claq_lambda_s_0_4,13,male_pronouns,16.8,37.56594202199647
neural_claq_lambda_s_0_4,13,fitness_instruction,9.8,21.913466179497938
neural_claq_lambda_s_0_4,13,manual_body_treatment,4.0,8.94427190999916
neural_claq_lambda_s_0_4,13,live_music_or_recording,3.2,4.147288270665544
neural_claq_lambda_s_0_4,13,literary_writing,2.4,3.361547262794322
neural_claq_lambda_s_0_4,13,technical_or_engineering_work,2.2,3.1937438845342623
neural_claq_lambda_s_0_4,13,music_composition,1.8,2.4899799195977463
neural_claq_lambda_s_0_4,13,legal_or_regulatory_work,1.2,1.6431676725154984
neural_claq_lambda_s_0_4,13,film_or_video_production,0.4,0.894427190999916
neural_claq_lambda_s_0_4,13,legal_practice,0.2,0.447213595499958
neural_claq_lambda_s_0_4,13,surgical_work,0.2,0.447213595499958
neural_claq_lambda_s_0_4,13,advanced_degree_or_training,0.0,0.0
neural_claq_lambda_s_0_4,13,appearance_or_body_presentation,0.0,0.0
neural_claq_lambda_s_0_4,13,business_or_client_service,0.0,0.0
neural_claq_lambda_s_0_4,13,business_or_management_education,0.0,0.0
neural_claq_lambda_s_0_4,13,celebrity_or_public_attention,0.0,0.0
neural_claq_lambda_s_0_4,13,child_or_family_care_mentions,0.0,0.0
neural_claq_lambda_s_0_4,13,classroom_instruction,0.0,0.0
neural_claq_lambda_s_0_4,13,clinical_care,0.0,0.0
neural_claq_lambda_s_0_4,13,creative_or_artistic_work,0.0,0.0
neural_claq_lambda_s_0_4,13,female_gendered_titles,0.0,0.0
neural_claq_lambda_s_0_4,13,financial_or_accounting_work,0.0,0.0
neural_claq_lambda_s_0_4,13,gendered_organization_or_award,0.0,0.0
neural_claq_lambda_s_0_4,13,health_or_wellness_work,0.0,0.0
neural_claq_lambda_s_0_4,13,interior_or_decorative_design,0.0,0.0
neural_claq_lambda_s_0_4,13,legal_support_work,0.0,0.0
neural_claq_lambda_s_0_4,13,male_gendered_titles,0.0,0.0
neural_claq_lambda_s_0_4,13,management_or_leadership,0.0,0.0
neural_claq_lambda_s_0_4,13,nursing_care,0.0,0.0
neural_claq_lambda_s_0_4,13,online_public_presence,0.0,0.0
neural_claq_lambda_s_0_4,13,organizational_role_or_administration,0.0,0.0
neural_claq_lambda_s_0_4,13,parent_role_mentions,0.0,0.0
neural_claq_lambda_s_0_4,13,public_presence_or_recognition,0.0,0.0
neural_claq_lambda_s_0_4,13,public_speaking_or_events,0.0,0.0
neural_claq_lambda_s_0_4,13,religious_ministry,0.0,0.0
neural_claq_lambda_s_0_4,13,reporting_or_news_work,0.0,0.0
neural_claq_lambda_s_0_4,13,research_publications,0.0,0.0
neural_claq_lambda_s_0_4,13,scientific_or_lab_research,0.0,0.0
neural_claq_lambda_s_0_4,13,spouse_or_partner_mentions,0.0,0.0
neural_claq_lambda_s_0_4,13,technical_infrastructure,0.0,0.0
neural_claq_lambda_s_0_4,13,university_affiliation,0.0,0.0
neural_claq_lambda_s_0_4,14,comedy_or_stage_performance,400.8,341.94107679540343
neural_claq_lambda_s_0_4,14,teaching_or_instruction,240.0,330.9833832687073
neural_claq_lambda_s_0_4,14,media_or_publishing_work,217.4,302.74461184305164
neural_claq_lambda_s_0_4,14,surgical_work,151.2,205.6810637856582
neural_claq_lambda_s_0_4,14,dental_or_oral_health,132.6,170.95847449015213
neural_claq_lambda_s_0_4,14,software_development,126.6,125.49023866420846
neural_claq_lambda_s_0_4,14,female_pronouns,118.4,176.87509717311818
neural_claq_lambda_s_0_4,14,education_or_academic_work,104.2,147.80290930830827
neural_claq_lambda_s_0_4,14,nutrition_or_diet_guidance,91.0,198.4666218788439
neural_claq_lambda_s_0_4,14,therapy_or_counseling,70.0,107.63596053364321
neural_claq_lambda_s_0_4,14,music_composition,46.0,102.85912696499032
neural_claq_lambda_s_0_4,14,fashion_or_modeling_work,39.0,87.20665112249179
neural_claq_lambda_s_0_4,14,visual_art_practice,32.2,40.49320930724064
neural_claq_lambda_s_0_4,14,building_or_spatial_design,30.0,66.52443160223167
neural_claq_lambda_s_0_4,14,mind_body_practice,29.8,64.40652140893809
neural_claq_lambda_s_0_4,14,design_work,29.0,41.19465984809196
neural_claq_lambda_s_0_4,14,legal_practice,24.0,36.359317925395686
neural_claq_lambda_s_0_4,14,media_interviews_or_features,20.2,45.16857314549575
neural_claq_lambda_s_0_4,14,technical_or_engineering_work,16.6,28.192197502145874
neural_claq_lambda_s_0_4,14,fitness_instruction,15.0,24.73863375370596
neural_claq_lambda_s_0_4,14,medical_training,13.6,28.762823227214675
neural_claq_lambda_s_0_4,14,financial_or_accounting_work,11.6,25.93838853899756
neural_claq_lambda_s_0_4,14,technical_infrastructure,8.8,19.677398201998148
neural_claq_lambda_s_0_4,14,business_or_client_service,8.6,19.23018460649819
neural_claq_lambda_s_0_4,14,male_pronouns,6.8,15.20526224699857
neural_claq_lambda_s_0_4,14,camera_or_photography_work,6.0,2.5495097567963922
neural_claq_lambda_s_0_4,14,live_music_or_recording,4.2,4.024922359499621
neural_claq_lambda_s_0_4,14,legal_or_regulatory_work,3.6,5.128352561983234
neural_claq_lambda_s_0_4,14,legal_support_work,1.4,3.1304951684997055
neural_claq_lambda_s_0_4,14,literary_writing,0.8,1.788854381999832
neural_claq_lambda_s_0_4,14,manual_body_treatment,0.4,0.8944271909999159
neural_claq_lambda_s_0_4,14,film_or_video_production,0.2,0.447213595499958
neural_claq_lambda_s_0_4,14,advanced_degree_or_training,0.0,0.0
neural_claq_lambda_s_0_4,14,appearance_or_body_presentation,0.0,0.0
neural_claq_lambda_s_0_4,14,business_or_management_education,0.0,0.0
neural_claq_lambda_s_0_4,14,celebrity_or_public_attention,0.0,0.0
neural_claq_lambda_s_0_4,14,child_or_family_care_mentions,0.0,0.0
neural_claq_lambda_s_0_4,14,classroom_instruction,0.0,0.0
neural_claq_lambda_s_0_4,14,clinical_care,0.0,0.0
neural_claq_lambda_s_0_4,14,creative_or_artistic_work,0.0,0.0
neural_claq_lambda_s_0_4,14,female_gendered_titles,0.0,0.0
neural_claq_lambda_s_0_4,14,gendered_organization_or_award,0.0,0.0
neural_claq_lambda_s_0_4,14,health_or_wellness_work,0.0,0.0
neural_claq_lambda_s_0_4,14,interior_or_decorative_design,0.0,0.0
neural_claq_lambda_s_0_4,14,male_gendered_titles,0.0,0.0
neural_claq_lambda_s_0_4,14,management_or_leadership,0.0,0.0
neural_claq_lambda_s_0_4,14,nursing_care,0.0,0.0
neural_claq_lambda_s_0_4,14,online_public_presence,0.0,0.0
neural_claq_lambda_s_0_4,14,organizational_role_or_administration,0.0,0.0
neural_claq_lambda_s_0_4,14,parent_role_mentions,0.0,0.0
neural_claq_lambda_s_0_4,14,public_presence_or_recognition,0.0,0.0
neural_claq_lambda_s_0_4,14,public_speaking_or_events,0.0,0.0
neural_claq_lambda_s_0_4,14,religious_ministry,0.0,0.0
neural_claq_lambda_s_0_4,14,reporting_or_news_work,0.0,0.0
neural_claq_lambda_s_0_4,14,research_publications,0.0,0.0
neural_claq_lambda_s_0_4,14,scientific_or_lab_research,0.0,0.0
neural_claq_lambda_s_0_4,14,spouse_or_partner_mentions,0.0,0.0
neural_claq_lambda_s_0_4,14,university_affiliation,0.0,0.0
neural_claq_lambda_s_0_4,15,legal_practice,261.2,494.0492890390594
neural_claq_lambda_s_0_4,15,financial_or_accounting_work,240.4,532.5338486894518
neural_claq_lambda_s_0_4,15,teaching_or_instruction,228.8,228.5797453844063
neural_claq_lambda_s_0_4,15,media_or_publishing_work,143.4,295.0038982793278
neural_claq_lambda_s_0_4,15,building_or_spatial_design,143.2,319.0880756154952
neural_claq_lambda_s_0_4,15,comedy_or_stage_performance,110.2,163.0742162329778
neural_claq_lambda_s_0_4,15,celebrity_or_public_attention,108.0,241.49534156997728
neural_claq_lambda_s_0_4,15,camera_or_photography_work,83.8,98.25069974305526
neural_claq_lambda_s_0_4,15,fitness_instruction,83.6,146.81382768663175
neural_claq_lambda_s_0_4,15,dental_or_oral_health,79.0,106.5926826756884
neural_claq_lambda_s_0_4,15,male_pronouns,77.8,109.78251226857581
neural_claq_lambda_s_0_4,15,software_development,68.4,146.84447555151675
neural_claq_lambda_s_0_4,15,therapy_or_counseling,59.8,82.71154695687899
neural_claq_lambda_s_0_4,15,visual_art_practice,46.2,64.06403046952322
neural_claq_lambda_s_0_4,15,live_music_or_recording,40.2,82.67526836968841
neural_claq_lambda_s_0_4,15,reporting_or_news_work,40.0,89.44271909999158
neural_claq_lambda_s_0_4,15,legal_support_work,33.6,75.13188404399294
neural_claq_lambda_s_0_4,15,music_composition,24.2,47.68857305476858
neural_claq_lambda_s_0_4,15,mind_body_practice,22.8,42.60516400625633
neural_claq_lambda_s_0_4,15,education_or_academic_work,17.2,32.44533864825578
neural_claq_lambda_s_0_4,15,female_pronouns,17.2,36.79266231193388
neural_claq_lambda_s_0_4,15,technical_or_engineering_work,15.6,34.88266044899672
neural_claq_lambda_s_0_4,15,fashion_or_modeling_work,12.4,25.025986494042545
neural_claq_lambda_s_0_4,15,surgical_work,8.6,9.528903399657278
neural_claq_lambda_s_0_4,15,online_public_presence,8.4,18.22909761891685
neural_claq_lambda_s_0_4,15,religious_ministry,6.6,14.758048651498612
neural_claq_lambda_s_0_4,15,advanced_degree_or_training,5.0,11.180339887498949
neural_claq_lambda_s_0_4,15,medical_training,4.2,5.357238094391549
neural_claq_lambda_s_0_4,15,design_work,3.6,8.049844718999243
neural_claq_lambda_s_0_4,15,spouse_or_partner_mentions,2.0,4.47213595499958
neural_claq_lambda_s_0_4,15,business_or_client_service,1.4,3.1304951684997055
neural_claq_lambda_s_0_4,15,technical_infrastructure,1.2,2.6832815729997477
neural_claq_lambda_s_0_4,15,film_or_video_production,0.6,1.3416407864998738
neural_claq_lambda_s_0_4,15,literary_writing,0.6,1.3416407864998738
neural_claq_lambda_s_0_4,15,media_interviews_or_features,0.4,0.8944271909999159
neural_claq_lambda_s_0_4,15,legal_or_regulatory_work,0.2,0.4472135954999579
neural_claq_lambda_s_0_4,15,manual_body_treatment,0.2,0.447213595499958
neural_claq_lambda_s_0_4,15,appearance_or_body_presentation,0.0,0.0
neural_claq_lambda_s_0_4,15,business_or_management_education,0.0,0.0
neural_claq_lambda_s_0_4,15,child_or_family_care_mentions,0.0,0.0
neural_claq_lambda_s_0_4,15,classroom_instruction,0.0,0.0
neural_claq_lambda_s_0_4,15,clinical_care,0.0,0.0
neural_claq_lambda_s_0_4,15,creative_or_artistic_work,0.0,0.0
neural_claq_lambda_s_0_4,15,female_gendered_titles,0.0,0.0
neural_claq_lambda_s_0_4,15,gendered_organization_or_award,0.0,0.0
neural_claq_lambda_s_0_4,15,health_or_wellness_work,0.0,0.0
neural_claq_lambda_s_0_4,15,interior_or_decorative_design,0.0,0.0
neural_claq_lambda_s_0_4,15,male_gendered_titles,0.0,0.0
neural_claq_lambda_s_0_4,15,management_or_leadership,0.0,0.0
neural_claq_lambda_s_0_4,15,nursing_care,0.0,0.0
neural_claq_lambda_s_0_4,15,nutrition_or_diet_guidance,0.0,0.0
neural_claq_lambda_s_0_4,15,organizational_role_or_administration,0.0,0.0
neural_claq_lambda_s_0_4,15,parent_role_mentions,0.0,0.0
neural_claq_lambda_s_0_4,15,public_presence_or_recognition,0.0,0.0
neural_claq_lambda_s_0_4,15,public_speaking_or_events,0.0,0.0
neural_claq_lambda_s_0_4,15,research_publications,0.0,0.0
neural_claq_lambda_s_0_4,15,scientific_or_lab_research,0.0,0.0
neural_claq_lambda_s_0_4,15,university_affiliation,0.0,0.0
neural_claq_lambda_s_0_4,16,software_development,394.4,535.9018566864646
neural_claq_lambda_s_0_4,16,education_or_academic_work,183.0,360.4275239212455
neural_claq_lambda_s_0_4,16,legal_practice,147.4,271.3554864011413
neural_claq_lambda_s_0_4,16,teaching_or_instruction,113.4,64.58560211068718
neural_claq_lambda_s_0_4,16,business_or_client_service,110.4,163.3058480275584
neural_claq_lambda_s_0_4,16,legal_support_work,106.6,238.36484640147756
neural_claq_lambda_s_0_4,16,religious_ministry,97.8,218.68744819947943
neural_claq_lambda_s_0_4,16,technical_infrastructure,97.6,218.24023460397947
neural_claq_lambda_s_0_4,16,music_composition,71.4,124.27710971856402
neural_claq_lambda_s_0_4,16,fitness_instruction,67.8,108.02869989035321
neural_claq_lambda_s_0_4,16,media_or_publishing_work,61.4,72.4140870273181
neural_claq_lambda_s_0_4,16,camera_or_photography_work,59.2,128.47451109072182
neural_claq_lambda_s_0_4,16,technical_or_engineering_work,40.8,50.53414687119988
neural_claq_lambda_s_0_4,16,advanced_degree_or_training,36.2,66.40933669296811
neural_claq_lambda_s_0_4,16,online_public_presence,35.0,45.66727493512176
neural_claq_lambda_s_0_4,16,male_pronouns,33.4,71.377867718222
neural_claq_lambda_s_0_4,16,celebrity_or_public_attention,33.0,73.79024325749306
neural_claq_lambda_s_0_4,16,dental_or_oral_health,30.6,47.34765041688975
neural_claq_lambda_s_0_4,16,fashion_or_modeling_work,30.6,64.55850060216703
neural_claq_lambda_s_0_4,16,nutrition_or_diet_guidance,27.4,60.71078981532031
neural_claq_lambda_s_0_4,16,university_affiliation,25.4,56.79612662849466
neural_claq_lambda_s_0_4,16,visual_art_practice,24.2,38.40833242930497
neural_claq_lambda_s_0_4,16,mind_body_practice,23.6,35.28172331391991
neural_claq_lambda_s_0_4,16,female_pronouns,21.4,29.35643030070244
neural_claq_lambda_s_0_4,16,nursing_care,20.6,43.32204981299939
neural_claq_lambda_s_0_4,16,therapy_or_counseling,18.6,36.630588310863914
neural_claq_lambda_s_0_4,16,comedy_or_stage_performance,14.4,23.954122818421048
neural_claq_lambda_s_0_4,16,spouse_or_partner_mentions,13.8,30.857738089497097
neural_claq_lambda_s_0_4,16,financial_or_accounting_work,13.2,24.221890925359236
neural_claq_lambda_s_0_4,16,literary_writing,10.8,12.794530081249565
neural_claq_lambda_s_0_4,16,design_work,9.6,21.46625258399798
neural_claq_lambda_s_0_4,16,gendered_organization_or_award,8.2,16.70927885936434
neural_claq_lambda_s_0_4,16,live_music_or_recording,7.0,15.0996688705415
neural_claq_lambda_s_0_4,16,medical_training,5.4,6.06630035524124
neural_claq_lambda_s_0_4,16,film_or_video_production,1.6,2.3021728866442674
neural_claq_lambda_s_0_4,16,legal_or_regulatory_work,1.6,3.0495901363953815
neural_claq_lambda_s_0_4,16,reporting_or_news_work,0.6,1.3416407864998738
neural_claq_lambda_s_0_4,16,surgical_work,0.6,0.894427190999916
neural_claq_lambda_s_0_4,16,building_or_spatial_design,0.4,0.5477225575051661
neural_claq_lambda_s_0_4,16,management_or_leadership,0.4,0.894427190999916
neural_claq_lambda_s_0_4,16,manual_body_treatment,0.4,0.894427190999916
neural_claq_lambda_s_0_4,16,parent_role_mentions,0.4,0.8944271909999159
neural_claq_lambda_s_0_4,16,research_publications,0.2,0.4472135954999579
neural_claq_lambda_s_0_4,16,scientific_or_lab_research,0.2,0.4472135954999579
neural_claq_lambda_s_0_4,16,appearance_or_body_presentation,0.0,0.0
neural_claq_lambda_s_0_4,16,business_or_management_education,0.0,0.0
neural_claq_lambda_s_0_4,16,child_or_family_care_mentions,0.0,0.0
neural_claq_lambda_s_0_4,16,classroom_instruction,0.0,0.0
neural_claq_lambda_s_0_4,16,clinical_care,0.0,0.0
neural_claq_lambda_s_0_4,16,creative_or_artistic_work,0.0,0.0
neural_claq_lambda_s_0_4,16,female_gendered_titles,0.0,0.0
neural_claq_lambda_s_0_4,16,health_or_wellness_work,0.0,0.0
neural_claq_lambda_s_0_4,16,interior_or_decorative_design,0.0,0.0
neural_claq_lambda_s_0_4,16,male_gendered_titles,0.0,0.0
neural_claq_lambda_s_0_4,16,media_interviews_or_features,0.0,0.0
neural_claq_lambda_s_0_4,16,organizational_role_or_administration,0.0,0.0
neural_claq_lambda_s_0_4,16,public_presence_or_recognition,0.0,0.0
neural_claq_lambda_s_0_4,16,public_speaking_or_events,0.0,0.0
neural_claq_lambda_s_0_4,17,business_or_client_service,300.0,405.8546537863032
neural_claq_lambda_s_0_4,17,comedy_or_stage_performance,226.4,309.71648325525075
neural_claq_lambda_s_0_4,17,teaching_or_instruction,150.4,163.2369443477793
neural_claq_lambda_s_0_4,17,building_or_spatial_design,144.4,313.39479893578323
neural_claq_lambda_s_0_4,17,university_affiliation,106.2,132.08027861872492
neural_claq_lambda_s_0_4,17,software_development,93.4,92.00978208864534
neural_claq_lambda_s_0_4,17,camera_or_photography_work,89.8,153.19334189187205
neural_claq_lambda_s_0_4,17,dental_or_oral_health,85.2,158.3720303588989
neural_claq_lambda_s_0_4,17,nursing_care,77.6,134.69706752561467
neural_claq_lambda_s_0_4,17,mind_body_practice,72.2,97.12981004820303
neural_claq_lambda_s_0_4,17,music_composition,68.8,118.0538012941557
neural_claq_lambda_s_0_4,17,fitness_instruction,67.4,69.86272253498285
neural_claq_lambda_s_0_4,17,research_publications,58.6,130.47528501597535
neural_claq_lambda_s_0_4,17,literary_writing,42.6,60.31832225783472
neural_claq_lambda_s_0_4,17,fashion_or_modeling_work,41.0,84.48076704197233
neural_claq_lambda_s_0_4,17,online_public_presence,37.6,77.97627844415248
neural_claq_lambda_s_0_4,17,media_or_publishing_work,31.4,50.58458263146984
neural_claq_lambda_s_0_4,17,education_or_academic_work,30.8,38.96408602803356
neural_claq_lambda_s_0_4,17,legal_practice,30.4,39.003845964212296
neural_claq_lambda_s_0_4,17,female_pronouns,30.2,64.75492259280371
neural_claq_lambda_s_0_4,17,nutrition_or_diet_guidance,29.8,34.324918062538764
neural_claq_lambda_s_0_4,17,financial_or_accounting_work,26.0,37.26258176777342
neural_claq_lambda_s_0_4,17,reporting_or_news_work,22.6,50.535136291495256
neural_claq_lambda_s_0_4,17,visual_art_practice,22.2,39.745439990016465
neural_claq_lambda_s_0_4,17,gendered_organization_or_award,21.0,43.68065933568311
neural_claq_lambda_s_0_4,17,medical_training,21.0,45.8475735453906
neural_claq_lambda_s_0_4,17,technical_infrastructure,11.6,25.93838853899756
neural_claq_lambda_s_0_4,17,interior_or_decorative_design,11.2,25.043961347997644
neural_claq_lambda_s_0_4,17,therapy_or_counseling,9.0,16.0312195418814
neural_claq_lambda_s_0_4,17,advanced_degree_or_training,7.4,14.415269681833914
neural_claq_lambda_s_0_4,17,manual_body_treatment,7.2,16.099689437998485
neural_claq_lambda_s_0_4,17,spouse_or_partner_mentions,6.8,15.20526224699857
neural_claq_lambda_s_0_4,17,management_or_leadership,6.0,12.864680330268607
neural_claq_lambda_s_0_4,17,live_music_or_recording,5.8,11.882760622010357
neural_claq_lambda_s_0_4,17,technical_or_engineering_work,3.4,4.39317652729776
neural_claq_lambda_s_0_4,17,scientific_or_lab_research,2.2,3.8987177379235853
neural_claq_lambda_s_0_4,17,film_or_video_production,0.6,1.3416407864998738
neural_claq_lambda_s_0_4,17,male_pronouns,0.6,1.3416407864998738
neural_claq_lambda_s_0_4,17,religious_ministry,0.6,1.3416407864998738
neural_claq_lambda_s_0_4,17,legal_or_regulatory_work,0.4,0.894427190999916
neural_claq_lambda_s_0_4,17,legal_support_work,0.2,0.4472135954999579
neural_claq_lambda_s_0_4,17,appearance_or_body_presentation,0.0,0.0
neural_claq_lambda_s_0_4,17,business_or_management_education,0.0,0.0
neural_claq_lambda_s_0_4,17,celebrity_or_public_attention,0.0,0.0
neural_claq_lambda_s_0_4,17,child_or_family_care_mentions,0.0,0.0
neural_claq_lambda_s_0_4,17,classroom_instruction,0.0,0.0
neural_claq_lambda_s_0_4,17,clinical_care,0.0,0.0
neural_claq_lambda_s_0_4,17,creative_or_artistic_work,0.0,0.0
neural_claq_lambda_s_0_4,17,design_work,0.0,0.0
neural_claq_lambda_s_0_4,17,female_gendered_titles,0.0,0.0
neural_claq_lambda_s_0_4,17,health_or_wellness_work,0.0,0.0
neural_claq_lambda_s_0_4,17,male_gendered_titles,0.0,0.0
neural_claq_lambda_s_0_4,17,media_interviews_or_features,0.0,0.0
neural_claq_lambda_s_0_4,17,organizational_role_or_administration,0.0,0.0
neural_claq_lambda_s_0_4,17,parent_role_mentions,0.0,0.0
neural_claq_lambda_s_0_4,17,public_presence_or_recognition,0.0,0.0
neural_claq_lambda_s_0_4,17,public_speaking_or_events,0.0,0.0
neural_claq_lambda_s_0_4,17,surgical_work,0.0,0.0
neural_claq_lambda_s_0_4,18,advanced_degree_or_training,150.4,229.74072342534313
neural_claq_lambda_s_0_4,18,media_or_publishing_work,147.4,144.43614506071532
neural_claq_lambda_s_0_4,18,spouse_or_partner_mentions,129.6,289.7944098839728
neural_claq_lambda_s_0_4,18,nutrition_or_diet_guidance,120.4,172.37546229089568
neural_claq_lambda_s_0_4,18,manual_body_treatment,117.4,261.95572144925563
neural_claq_lambda_s_0_4,18,software_development,117.2,135.30779726238987
neural_claq_lambda_s_0_4,18,fitness_instruction,111.8,189.58691938000362
neural_claq_lambda_s_0_4,18,comedy_or_stage_performance,109.8,160.51074730372417
neural_claq_lambda_s_0_4,18,education_or_academic_work,96.0,118.17783210061013
neural_claq_lambda_s_0_4,18,online_public_presence,81.2,165.46661294653975
neural_claq_lambda_s_0_4,18,research_publications,81.0,160.21235907382427
neural_claq_lambda_s_0_4,18,music_composition,80.8,110.52013391233291
neural_claq_lambda_s_0_4,18,building_or_spatial_design,69.4,94.62716311926506
neural_claq_lambda_s_0_4,18,teaching_or_instruction,62.4,74.53388491149512
neural_claq_lambda_s_0_4,18,mind_body_practice,62.0,99.14887795633393
neural_claq_lambda_s_0_4,18,business_or_client_service,55.6,88.55676145840022
neural_claq_lambda_s_0_4,18,public_presence_or_recognition,37.8,84.52336954949205
neural_claq_lambda_s_0_4,18,nursing_care,34.2,36.4581952378337
neural_claq_lambda_s_0_4,18,literary_writing,32.4,37.16584453500283
neural_claq_lambda_s_0_4,18,fashion_or_modeling_work,31.8,28.243583342061964
neural_claq_lambda_s_0_4,18,reporting_or_news_work,31.8,71.10696168449331
neural_claq_lambda_s_0_4,18,university_affiliation,31.0,36.92560087527351
neural_claq_lambda_s_0_4,18,camera_or_photography_work,29.2,39.83340306827927
neural_claq_lambda_s_0_4,18,financial_or_accounting_work,22.6,39.39289275998908
neural_claq_lambda_s_0_4,18,legal_practice,19.4,35.976381140965245
neural_claq_lambda_s_0_4,18,management_or_leadership,17.2,38.46036921299638
neural_claq_lambda_s_0_4,18,therapy_or_counseling,16.8,25.868900247208035
neural_claq_lambda_s_0_4,18,female_pronouns,16.2,23.402991261802413
neural_claq_lambda_s_0_4,18,interior_or_decorative_design,15.4,33.87919715695754
neural_claq_lambda_s_0_4,18,male_pronouns,13.2,28.960317677815624
neural_claq_lambda_s_0_4,18,gendered_organization_or_award,11.0,21.908902300206645
neural_claq_lambda_s_0_4,18,visual_art_practice,10.8,19.8292712927127
neural_claq_lambda_s_0_4,18,technical_or_engineering_work,7.6,8.61974477580398
neural_claq_lambda_s_0_4,18,surgical_work,7.0,9.899494936611665
neural_claq_lambda_s_0_4,18,medical_training,6.6,9.838699100999074
neural_claq_lambda_s_0_4,18,dental_or_oral_health,6.4,6.985699678629192
neural_claq_lambda_s_0_4,18,technical_infrastructure,2.4,5.366563145999495
neural_claq_lambda_s_0_4,18,religious_ministry,1.8,4.024922359499621
neural_claq_lambda_s_0_4,18,female_gendered_titles,1.4,3.1304951684997055
neural_claq_lambda_s_0_4,18,legal_support_work,1.4,3.1304951684997055
neural_claq_lambda_s_0_4,18,live_music_or_recording,0.6,0.8944271909999159
neural_claq_lambda_s_0_4,18,scientific_or_lab_research,0.6,0.8944271909999159
neural_claq_lambda_s_0_4,18,parent_role_mentions,0.4,0.8944271909999159
neural_claq_lambda_s_0_4,18,appearance_or_body_presentation,0.2,0.4472135954999579
neural_claq_lambda_s_0_4,18,business_or_management_education,0.2,0.4472135954999579
neural_claq_lambda_s_0_4,18,celebrity_or_public_attention,0.2,0.4472135954999579
neural_claq_lambda_s_0_4,18,child_or_family_care_mentions,0.0,0.0
neural_claq_lambda_s_0_4,18,classroom_instruction,0.0,0.0
neural_claq_lambda_s_0_4,18,clinical_care,0.0,0.0
neural_claq_lambda_s_0_4,18,creative_or_artistic_work,0.0,0.0
neural_claq_lambda_s_0_4,18,design_work,0.0,0.0
neural_claq_lambda_s_0_4,18,film_or_video_production,0.0,0.0
neural_claq_lambda_s_0_4,18,health_or_wellness_work,0.0,0.0
neural_claq_lambda_s_0_4,18,legal_or_regulatory_work,0.0,0.0
neural_claq_lambda_s_0_4,18,male_gendered_titles,0.0,0.0
neural_claq_lambda_s_0_4,18,media_interviews_or_features,0.0,0.0
neural_claq_lambda_s_0_4,18,organizational_role_or_administration,0.0,0.0
neural_claq_lambda_s_0_4,18,public_speaking_or_events,0.0,0.0
neural_claq_lambda_s_0_4,19,gendered_organization_or_award,162.2,222.4459484908637
neural_claq_lambda_s_0_4,19,nutrition_or_diet_guidance,150.6,196.19454630544652
neural_claq_lambda_s_0_4,19,building_or_spatial_design,143.0,184.95540002930437
neural_claq_lambda_s_0_4,19,teaching_or_instruction,125.2,239.2137119815668
neural_claq_lambda_s_0_4,19,reporting_or_news_work,119.2,266.5393029179749
neural_claq_lambda_s_0_4,19,management_or_leadership,109.0,243.73140954747709
neural_claq_lambda_s_0_4,19,music_composition,89.2,191.1091311266942
neural_claq_lambda_s_0_4,19,research_publications,81.4,160.59202969014373
neural_claq_lambda_s_0_4,19,education_or_academic_work,74.6,123.89027403311368
neural_claq_lambda_s_0_4,19,female_pronouns,69.2,92.44836396605405
neural_claq_lambda_s_0_4,19,female_gendered_titles,65.4,146.23884572848627
neural_claq_lambda_s_0_4,19,nursing_care,57.6,89.46675360154742
neural_claq_lambda_s_0_4,19,university_affiliation,55.2,40.41905491225642
neural_claq_lambda_s_0_4,19,financial_or_accounting_work,52.0,67.76798654231952
neural_claq_lambda_s_0_4,19,media_or_publishing_work,51.4,103.50265697072709
neural_claq_lambda_s_0_4,19,fashion_or_modeling_work,46.0,68.77863040218233
neural_claq_lambda_s_0_4,19,software_development,41.8,47.129608527973154
neural_claq_lambda_s_0_4,19,comedy_or_stage_performance,41.6,32.516149833582695
neural_claq_lambda_s_0_4,19,therapy_or_counseling,40.0,45.96194077712559
neural_claq_lambda_s_0_4,19,scientific_or_lab_research,39.0,34.336569426778794
neural_claq_lambda_s_0_4,19,public_presence_or_recognition,36.2,80.94566078549238
neural_claq_lambda_s_0_4,19,interior_or_decorative_design,30.6,68.42368011149357
neural_claq_lambda_s_0_4,19,advanced_degree_or_training,29.6,55.9580199792666
neural_claq_lambda_s_0_4,19,technical_infrastructure,29.6,66.18761213399378
neural_claq_lambda_s_0_4,19,fitness_instruction,26.4,39.56387240905521
neural_claq_lambda_s_0_4,19,literary_writing,24.8,18.700267377767624
neural_claq_lambda_s_0_4,19,visual_art_practice,23.4,50.66359639820292
neural_claq_lambda_s_0_4,19,manual_body_treatment,23.2,38.596631977414816
neural_claq_lambda_s_0_4,19,surgical_work,22.8,31.252199922565453
neural_claq_lambda_s_0_4,19,dental_or_oral_health,22.0,42.52646234992984
neural_claq_lambda_s_0_4,19,legal_practice,20.2,33.92933833719721
neural_claq_lambda_s_0_4,19,business_or_client_service,16.0,26.296387584609413
neural_claq_lambda_s_0_4,19,technical_or_engineering_work,13.8,18.660117898877274
neural_claq_lambda_s_0_4,19,online_public_presence,12.8,15.319921670818033
neural_claq_lambda_s_0_4,19,live_music_or_recording,12.0,23.119256043393783
neural_claq_lambda_s_0_4,19,male_pronouns,11.4,25.4911749434976
neural_claq_lambda_s_0_4,19,medical_training,9.8,17.210461934532727
neural_claq_lambda_s_0_4,19,camera_or_photography_work,6.4,7.368853370776216
neural_claq_lambda_s_0_4,19,spouse_or_partner_mentions,5.6,12.521980673998822
neural_claq_lambda_s_0_4,19,mind_body_practice,3.0,6.164414002968976
neural_claq_lambda_s_0_4,19,male_gendered_titles,2.6,5.813776741499454
neural_claq_lambda_s_0_4,19,business_or_management_education,1.6,3.5777087639996634
neural_claq_lambda_s_0_4,19,religious_ministry,0.8,1.788854381999832
neural_claq_lambda_s_0_4,19,appearance_or_body_presentation,0.4,0.8944271909999159
neural_claq_lambda_s_0_4,19,celebrity_or_public_attention,0.4,0.8944271909999159
neural_claq_lambda_s_0_4,19,organizational_role_or_administration,0.4,0.894427190999916
neural_claq_lambda_s_0_4,19,child_or_family_care_mentions,0.2,0.447213595499958
neural_claq_lambda_s_0_4,19,parent_role_mentions,0.2,0.4472135954999579
neural_claq_lambda_s_0_4,19,public_speaking_or_events,0.2,0.447213595499958
neural_claq_lambda_s_0_4,19,classroom_instruction,0.0,0.0
neural_claq_lambda_s_0_4,19,clinical_care,0.0,0.0
neural_claq_lambda_s_0_4,19,creative_or_artistic_work,0.0,0.0
neural_claq_lambda_s_0_4,19,design_work,0.0,0.0
neural_claq_lambda_s_0_4,19,film_or_video_production,0.0,0.0
neural_claq_lambda_s_0_4,19,health_or_wellness_work,0.0,0.0
neural_claq_lambda_s_0_4,19,legal_or_regulatory_work,0.0,0.0
neural_claq_lambda_s_0_4,19,legal_support_work,0.0,0.0
neural_claq_lambda_s_0_4,19,media_interviews_or_features,0.0,0.0
neural_claq_lambda_s_0_4,20,university_affiliation,176.4,222.76736744864587
neural_claq_lambda_s_0_4,20,building_or_spatial_design,168.4,334.78022641727216
neural_claq_lambda_s_0_4,20,teaching_or_instruction,151.2,161.06272070221587
neural_claq_lambda_s_0_4,20,media_or_publishing_work,140.6,237.34847798121646
neural_claq_lambda_s_0_4,20,music_composition,136.2,173.1103694178948
neural_claq_lambda_s_0_4,20,financial_or_accounting_work,107.4,157.56205126869858
neural_claq_lambda_s_0_4,20,comedy_or_stage_performance,103.6,136.7051571814319
neural_claq_lambda_s_0_4,20,interior_or_decorative_design,102.8,212.43163606205172
neural_claq_lambda_s_0_4,20,online_public_presence,68.8,131.47319118360215
neural_claq_lambda_s_0_4,20,female_pronouns,67.8,112.62859317242669
neural_claq_lambda_s_0_4,20,nutrition_or_diet_guidance,58.0,99.91746594064523
neural_claq_lambda_s_0_4,20,nursing_care,56.8,92.27513207793311
neural_claq_lambda_s_0_4,20,legal_practice,52.6,66.17250184177715
neural_claq_lambda_s_0_4,20,advanced_degree_or_training,50.4,97.30005138744788
neural_claq_lambda_s_0_4,20,medical_training,47.2,63.83729317569785
neural_claq_lambda_s_0_4,20,research_publications,40.6,55.99821425724217
neural_claq_lambda_s_0_4,20,software_development,40.6,57.046472283568946
neural_claq_lambda_s_0_4,20,business_or_client_service,34.0,44.32268042436062
neural_claq_lambda_s_0_4,20,surgical_work,31.2,46.23526792395606
neural_claq_lambda_s_0_4,20,literary_writing,25.2,29.243802762294784
neural_claq_lambda_s_0_4,20,camera_or_photography_work,23.8,16.26960356001338
neural_claq_lambda_s_0_4,20,gendered_organization_or_award,23.8,30.776614498674153
neural_claq_lambda_s_0_4,20,spouse_or_partner_mentions,23.8,53.218417864494995
neural_claq_lambda_s_0_4,20,mind_body_practice,23.2,30.094850057775666
neural_claq_lambda_s_0_4,20,live_music_or_recording,23.0,26.67395733669828
neural_claq_lambda_s_0_4,20,religious_ministry,23.0,41.6293165929973
neural_claq_lambda_s_0_4,20,scientific_or_lab_research,22.2,40.904767448306075
neural_claq_lambda_s_0_4,20,manual_body_treatment,21.6,31.92647803939545
neural_claq_lambda_s_0_4,20,therapy_or_counseling,20.2,24.610973162392423
neural_claq_lambda_s_0_4,20,male_gendered_titles,18.4,40.586943713465296
neural_claq_lambda_s_0_4,20,fitness_instruction,17.6,21.98408515267351
neural_claq_lambda_s_0_4,20,female_gendered_titles,16.2,26.892378102354577
neural_claq_lambda_s_0_4,20,technical_infrastructure,15.4,34.435446853496764
neural_claq_lambda_s_0_4,20,male_pronouns,14.0,31.304951684997057
neural_claq_lambda_s_0_4,20,visual_art_practice,11.4,22.799122790142604
neural_claq_lambda_s_0_4,20,classroom_instruction,10.4,23.255106965997815
neural_claq_lambda_s_0_4,20,management_or_leadership,6.6,10.13903348450926
neural_claq_lambda_s_0_4,20,public_presence_or_recognition,5.4,12.074767078498866
neural_claq_lambda_s_0_4,20,dental_or_oral_health,4.8,7.463243262818116
neural_claq_lambda_s_0_4,20,education_or_academic_work,4.0,4.183300132670378
neural_claq_lambda_s_0_4,20,parent_role_mentions,2.6,4.33589667773576
neural_claq_lambda_s_0_4,20,fashion_or_modeling_work,2.4,3.361547262794322
neural_claq_lambda_s_0_4,20,organizational_role_or_administration,2.2,3.492849839314596
neural_claq_lambda_s_0_4,20,reporting_or_news_work,1.6,3.577708763999664
neural_claq_lambda_s_0_4,20,film_or_video_production,1.0,1.4142135623730951
neural_claq_lambda_s_0_4,20,child_or_family_care_mentions,0.6,1.3416407864998738
neural_claq_lambda_s_0_4,20,technical_or_engineering_work,0.6,1.3416407864998738
neural_claq_lambda_s_0_4,20,appearance_or_body_presentation,0.2,0.447213595499958
neural_claq_lambda_s_0_4,20,legal_support_work,0.2,0.447213595499958
neural_claq_lambda_s_0_4,20,business_or_management_education,0.0,0.0
neural_claq_lambda_s_0_4,20,celebrity_or_public_attention,0.0,0.0
neural_claq_lambda_s_0_4,20,clinical_care,0.0,0.0
neural_claq_lambda_s_0_4,20,creative_or_artistic_work,0.0,0.0
neural_claq_lambda_s_0_4,20,design_work,0.0,0.0
neural_claq_lambda_s_0_4,20,health_or_wellness_work,0.0,0.0
neural_claq_lambda_s_0_4,20,legal_or_regulatory_work,0.0,0.0
neural_claq_lambda_s_0_4,20,media_interviews_or_features,0.0,0.0
neural_claq_lambda_s_0_4,20,public_speaking_or_events,0.0,0.0
