run_name,seed,budget,query_concept,count
neural_baseline_lambda_s_0,0,1,health_or_wellness_work,2000
neural_baseline_lambda_s_0,0,2,creative_or_artistic_work,1398
neural_baseline_lambda_s_0,0,2,nursing_care,602
neural_baseline_lambda_s_0,0,3,female_pronouns,1237
neural_baseline_lambda_s_0,0,3,visual_art_practice,706
neural_baseline_lambda_s_0,0,3,clinical_care,57
neural_baseline_lambda_s_0,0,4,legal_or_regulatory_work,692
neural_baseline_lambda_s_0,0,4,literary_writing,591
neural_baseline_lambda_s_0,0,4,clinical_care,545
neural_baseline_lambda_s_0,0,4,camera_or_photography_work,115
neural_baseline_lambda_s_0,0,4,dental_or_oral_health,54
neural_baseline_lambda_s_0,0,4,female_pronouns,3
neural_baseline_lambda_s_0,0,5,design_work,677
neural_baseline_lambda_s_0,0,5,clinical_care,491
neural_baseline_lambda_s_0,0,5,dental_or_oral_health,344
neural_baseline_lambda_s_0,0,5,creative_or_artistic_work,204
neural_baseline_lambda_s_0,0,5,film_or_video_production,166
neural_baseline_lambda_s_0,0,5,literary_writing,64
neural_baseline_lambda_s_0,0,5,female_pronouns,54
neural_baseline_lambda_s_0,0,6,design_work,610
neural_baseline_lambda_s_0,0,6,film_or_video_production,479
neural_baseline_lambda_s_0,0,6,creative_or_artistic_work,228
neural_baseline_lambda_s_0,0,6,dental_or_oral_health,202
neural_baseline_lambda_s_0,0,6,clinical_care,201
neural_baseline_lambda_s_0,0,6,male_pronouns,170
neural_baseline_lambda_s_0,0,6,visual_art_practice,57
neural_baseline_lambda_s_0,0,6,literary_writing,51
neural_baseline_lambda_s_0,0,6,female_pronouns,2
neural_baseline_lambda_s_0,0,7,visual_art_practice,631
neural_baseline_lambda_s_0,0,7,live_music_or_recording,498
neural_baseline_lambda_s_0,0,7,male_pronouns,228
neural_baseline_lambda_s_0,0,7,legal_or_regulatory_work,194
neural_baseline_lambda_s_0,0,7,female_pronouns,147
neural_baseline_lambda_s_0,0,7,creative_or_artistic_work,118
neural_baseline_lambda_s_0,0,7,film_or_video_production,61
neural_baseline_lambda_s_0,0,7,design_work,52
neural_baseline_lambda_s_0,0,7,nutrition_or_diet_guidance,52
neural_baseline_lambda_s_0,0,7,literary_writing,9
neural_baseline_lambda_s_0,0,7,nursing_care,9
neural_baseline_lambda_s_0,0,7,camera_or_photography_work,1
neural_baseline_lambda_s_0,0,8,literary_writing,683
neural_baseline_lambda_s_0,0,8,female_pronouns,496
neural_baseline_lambda_s_0,0,8,nutrition_or_diet_guidance,346
neural_baseline_lambda_s_0,0,8,live_music_or_recording,208
neural_baseline_lambda_s_0,0,8,design_work,147
neural_baseline_lambda_s_0,0,8,male_pronouns,55
neural_baseline_lambda_s_0,0,8,creative_or_artistic_work,52
neural_baseline_lambda_s_0,0,8,camera_or_photography_work,5
neural_baseline_lambda_s_0,0,8,film_or_video_production,5
neural_baseline_lambda_s_0,0,8,visual_art_practice,2
neural_baseline_lambda_s_0,0,8,dental_or_oral_health,1
neural_baseline_lambda_s_0,0,9,film_or_video_production,614
neural_baseline_lambda_s_0,0,9,camera_or_photography_work,589
neural_baseline_lambda_s_0,0,9,legal_or_regulatory_work,394
neural_baseline_lambda_s_0,0,9,male_pronouns,147
neural_baseline_lambda_s_0,0,9,live_music_or_recording,77
neural_baseline_lambda_s_0,0,9,female_pronouns,61
neural_baseline_lambda_s_0,0,9,design_work,58
neural_baseline_lambda_s_0,0,9,visual_art_practice,55
neural_baseline_lambda_s_0,0,9,mind_body_practice,4
neural_baseline_lambda_s_0,0,9,literary_writing,1
neural_baseline_lambda_s_0,0,10,legal_or_regulatory_work,708
neural_baseline_lambda_s_0,0,10,live_music_or_recording,666
neural_baseline_lambda_s_0,0,10,mind_body_practice,229
neural_baseline_lambda_s_0,0,10,design_work,171
neural_baseline_lambda_s_0,0,10,nutrition_or_diet_guidance,143
neural_baseline_lambda_s_0,0,10,film_or_video_production,74
neural_baseline_lambda_s_0,0,10,visual_art_practice,8
neural_baseline_lambda_s_0,0,10,male_pronouns,1
neural_baseline_lambda_s_0,0,11,camera_or_photography_work,689
neural_baseline_lambda_s_0,0,11,male_pronouns,420
neural_baseline_lambda_s_0,0,11,clinical_care,286
neural_baseline_lambda_s_0,0,11,design_work,245
neural_baseline_lambda_s_0,0,11,mind_body_practice,170
neural_baseline_lambda_s_0,0,11,visual_art_practice,138
neural_baseline_lambda_s_0,0,11,live_music_or_recording,47
neural_baseline_lambda_s_0,0,11,film_or_video_production,2
neural_baseline_lambda_s_0,0,11,medical_training,2
neural_baseline_lambda_s_0,0,11,nutrition_or_diet_guidance,1
neural_baseline_lambda_s_0,0,12,male_pronouns,970
neural_baseline_lambda_s_0,0,12,clinical_care,420
neural_baseline_lambda_s_0,0,12,medical_training,202
neural_baseline_lambda_s_0,0,12,live_music_or_recording,156
neural_baseline_lambda_s_0,0,12,mind_body_practice,138
neural_baseline_lambda_s_0,0,12,film_or_video_production,57
neural_baseline_lambda_s_0,0,12,design_work,40
neural_baseline_lambda_s_0,0,12,legal_or_regulatory_work,9
neural_baseline_lambda_s_0,0,12,visual_art_practice,7
neural_baseline_lambda_s_0,0,12,literary_writing,1
neural_baseline_lambda_s_0,0,13,media_or_publishing_work,706
neural_baseline_lambda_s_0,0,13,technical_or_engineering_work,327
neural_baseline_lambda_s_0,0,13,visual_art_practice,314
neural_baseline_lambda_s_0,0,13,nursing_care,305
neural_baseline_lambda_s_0,0,13,literary_writing,202
neural_baseline_lambda_s_0,0,13,surgical_work,82
neural_baseline_lambda_s_0,0,13,dental_or_oral_health,51
neural_baseline_lambda_s_0,0,13,male_pronouns,9
neural_baseline_lambda_s_0,0,13,film_or_video_production,2
neural_baseline_lambda_s_0,0,13,legal_or_regulatory_work,1
neural_baseline_lambda_s_0,0,13,mind_body_practice,1
neural_baseline_lambda_s_0,0,14,technical_or_engineering_work,530
neural_baseline_lambda_s_0,0,14,media_or_publishing_work,327
neural_baseline_lambda_s_0,0,14,dental_or_oral_health,310
neural_baseline_lambda_s_0,0,14,reporting_or_news_work,229
neural_baseline_lambda_s_0,0,14,medical_training,194
neural_baseline_lambda_s_0,0,14,film_or_video_production,144
neural_baseline_lambda_s_0,0,14,surgical_work,92
neural_baseline_lambda_s_0,0,14,nutrition_or_diet_guidance,51
neural_baseline_lambda_s_0,0,14,female_gendered_titles,44
neural_baseline_lambda_s_0,0,14,visual_art_practice,38
neural_baseline_lambda_s_0,0,14,teaching_or_instruction,26
neural_baseline_lambda_s_0,0,14,camera_or_photography_work,8
neural_baseline_lambda_s_0,0,14,live_music_or_recording,4
neural_baseline_lambda_s_0,0,14,comedy_or_stage_performance,3
neural_baseline_lambda_s_0,0,15,comedy_or_stage_performance,505
neural_baseline_lambda_s_0,0,15,dental_or_oral_health,302
neural_baseline_lambda_s_0,0,15,nutrition_or_diet_guidance,291
neural_baseline_lambda_s_0,0,15,technical_or_engineering_work,198
neural_baseline_lambda_s_0,0,15,surgical_work,144
neural_baseline_lambda_s_0,0,15,teaching_or_instruction,86
neural_baseline_lambda_s_0,0,15,media_or_publishing_work,77
neural_baseline_lambda_s_0,0,15,film_or_video_production,74
neural_baseline_lambda_s_0,0,15,literary_writing,68
neural_baseline_lambda_s_0,0,15,female_gendered_titles,67
neural_baseline_lambda_s_0,0,15,medical_training,58
neural_baseline_lambda_s_0,0,15,mind_body_practice,50
neural_baseline_lambda_s_0,0,15,visual_art_practice,44
neural_baseline_lambda_s_0,0,15,software_development,25
neural_baseline_lambda_s_0,0,15,reporting_or_news_work,8
neural_baseline_lambda_s_0,0,15,camera_or_photography_work,1
neural_baseline_lambda_s_0,0,15,education_or_academic_work,1
neural_baseline_lambda_s_0,0,15,live_music_or_recording,1
neural_baseline_lambda_s_0,0,16,software_development,874
neural_baseline_lambda_s_0,0,16,media_or_publishing_work,283
neural_baseline_lambda_s_0,0,16,female_gendered_titles,198
neural_baseline_lambda_s_0,0,16,teaching_or_instruction,149
neural_baseline_lambda_s_0,0,16,technical_or_engineering_work,92
neural_baseline_lambda_s_0,0,16,medical_training,86
neural_baseline_lambda_s_0,0,16,fitness_instruction,81
neural_baseline_lambda_s_0,0,16,education_or_academic_work,76
neural_baseline_lambda_s_0,0,16,music_composition,50
neural_baseline_lambda_s_0,0,16,nutrition_or_diet_guidance,26
neural_baseline_lambda_s_0,0,16,comedy_or_stage_performance,22
neural_baseline_lambda_s_0,0,16,dental_or_oral_health,22
neural_baseline_lambda_s_0,0,16,literary_writing,21
neural_baseline_lambda_s_0,0,16,mind_body_practice,6
neural_baseline_lambda_s_0,0,16,public_speaking_or_events,3
neural_baseline_lambda_s_0,0,16,reporting_or_news_work,3
neural_baseline_lambda_s_0,0,16,surgical_work,3
neural_baseline_lambda_s_0,0,16,legal_or_regulatory_work,2
neural_baseline_lambda_s_0,0,16,camera_or_photography_work,1
neural_baseline_lambda_s_0,0,16,legal_practice,1
neural_baseline_lambda_s_0,0,16,live_music_or_recording,1
neural_baseline_lambda_s_0,0,17,music_composition,394
neural_baseline_lambda_s_0,0,17,legal_practice,384
neural_baseline_lambda_s_0,0,17,mind_body_practice,208
neural_baseline_lambda_s_0,0,17,public_speaking_or_events,171
neural_baseline_lambda_s_0,0,17,software_development,148
neural_baseline_lambda_s_0,0,17,fitness_instruction,121
neural_baseline_lambda_s_0,0,17,technical_or_engineering_work,104
neural_baseline_lambda_s_0,0,17,camera_or_photography_work,98
neural_baseline_lambda_s_0,0,17,surgical_work,77
neural_baseline_lambda_s_0,0,17,therapy_or_counseling,73
neural_baseline_lambda_s_0,0,17,female_gendered_titles,58
neural_baseline_lambda_s_0,0,17,reporting_or_news_work,37
neural_baseline_lambda_s_0,0,17,live_music_or_recording,32
neural_baseline_lambda_s_0,0,17,comedy_or_stage_performance,30
neural_baseline_lambda_s_0,0,17,film_or_video_production,29
neural_baseline_lambda_s_0,0,17,education_or_academic_work,16
neural_baseline_lambda_s_0,0,17,teaching_or_instruction,8
neural_baseline_lambda_s_0,0,17,media_or_publishing_work,6
neural_baseline_lambda_s_0,0,17,literary_writing,4
neural_baseline_lambda_s_0,0,17,dental_or_oral_health,1
neural_baseline_lambda_s_0,0,17,nutrition_or_diet_guidance,1
neural_baseline_lambda_s_0,0,18,reporting_or_news_work,427
neural_baseline_lambda_s_0,0,18,education_or_academic_work,275
neural_baseline_lambda_s_0,0,18,technical_or_engineering_work,202
neural_baseline_lambda_s_0,0,18,comedy_or_stage_performance,151
neural_baseline_lambda_s_0,0,18,teaching_or_instruction,140
neural_baseline_lambda_s_0,0,18,therapy_or_counseling,125
neural_baseline_lambda_s_0,0,18,legal_practice,117
neural_baseline_lambda_s_0,0,18,camera_or_photography_work,90
neural_baseline_lambda_s_0,0,18,mind_body_practice,84
neural_baseline_lambda_s_0,0,18,public_speaking_or_events,65
neural_baseline_lambda_s_0,0,18,film_or_video_production,60
neural_baseline_lambda_s_0,0,18,software_development,42
neural_baseline_lambda_s_0,0,18,medical_training,40
neural_baseline_lambda_s_0,0,18,live_music_or_recording,37
neural_baseline_lambda_s_0,0,18,nursing_care,37
neural_baseline_lambda_s_0,0,18,female_gendered_titles,31
neural_baseline_lambda_s_0,0,18,fitness_instruction,31
neural_baseline_lambda_s_0,0,18,music_composition,25
neural_baseline_lambda_s_0,0,18,literary_writing,13
neural_baseline_lambda_s_0,0,18,child_or_family_care_mentions,5
neural_baseline_lambda_s_0,0,18,dental_or_oral_health,2
neural_baseline_lambda_s_0,0,18,media_or_publishing_work,1
neural_baseline_lambda_s_0,0,19,public_speaking_or_events,998
neural_baseline_lambda_s_0,0,19,education_or_academic_work,145
neural_baseline_lambda_s_0,0,19,legal_practice,125
neural_baseline_lambda_s_0,0,19,nutrition_or_diet_guidance,123
neural_baseline_lambda_s_0,0,19,literary_writing,119
neural_baseline_lambda_s_0,0,19,teaching_or_instruction,118
neural_baseline_lambda_s_0,0,19,child_or_family_care_mentions,109
neural_baseline_lambda_s_0,0,19,fitness_instruction,105
neural_baseline_lambda_s_0,0,19,live_music_or_recording,62
neural_baseline_lambda_s_0,0,19,film_or_video_production,50
neural_baseline_lambda_s_0,0,19,music_composition,17
neural_baseline_lambda_s_0,0,19,media_or_publishing_work,7
neural_baseline_lambda_s_0,0,19,medical_training,6
neural_baseline_lambda_s_0,0,19,therapy_or_counseling,6
neural_baseline_lambda_s_0,0,19,reporting_or_news_work,3
neural_baseline_lambda_s_0,0,19,technical_or_engineering_work,2
neural_baseline_lambda_s_0,0,19,camera_or_photography_work,1
neural_baseline_lambda_s_0,0,19,comedy_or_stage_performance,1
neural_baseline_lambda_s_0,0,19,gendered_organization_or_award,1
neural_baseline_lambda_s_0,0,19,nursing_care,1
neural_baseline_lambda_s_0,0,19,software_development,1
neural_baseline_lambda_s_0,0,20,child_or_family_care_mentions,615
neural_baseline_lambda_s_0,0,20,legal_practice,375
neural_baseline_lambda_s_0,0,20,gendered_organization_or_award,277
neural_baseline_lambda_s_0,0,20,public_speaking_or_events,135
neural_baseline_lambda_s_0,0,20,education_or_academic_work,107
neural_baseline_lambda_s_0,0,20,film_or_video_production,106
neural_baseline_lambda_s_0,0,20,nutrition_or_diet_guidance,100
neural_baseline_lambda_s_0,0,20,fitness_instruction,56
neural_baseline_lambda_s_0,0,20,media_or_publishing_work,49
neural_baseline_lambda_s_0,0,20,software_development,48
neural_baseline_lambda_s_0,0,20,live_music_or_recording,43
neural_baseline_lambda_s_0,0,20,teaching_or_instruction,24
neural_baseline_lambda_s_0,0,20,literary_writing,19
neural_baseline_lambda_s_0,0,20,music_composition,12
neural_baseline_lambda_s_0,0,20,building_or_spatial_design,9
neural_baseline_lambda_s_0,0,20,medical_training,7
neural_baseline_lambda_s_0,0,20,research_publications,6
neural_baseline_lambda_s_0,0,20,camera_or_photography_work,3
neural_baseline_lambda_s_0,0,20,comedy_or_stage_performance,3
neural_baseline_lambda_s_0,0,20,reporting_or_news_work,2
neural_baseline_lambda_s_0,0,20,therapy_or_counseling,2
neural_baseline_lambda_s_0,0,20,spouse_or_partner_mentions,1
neural_baseline_lambda_s_0,0,20,technical_or_engineering_work,1
neural_baseline_lambda_s_0,1,1,health_or_wellness_work,2000
neural_baseline_lambda_s_0,1,2,legal_or_regulatory_work,1398
neural_baseline_lambda_s_0,1,2,nursing_care,602
neural_baseline_lambda_s_0,1,3,female_pronouns,1398
neural_baseline_lambda_s_0,1,3,clinical_care,545
neural_baseline_lambda_s_0,1,3,dental_or_oral_health,57
neural_baseline_lambda_s_0,1,4,creative_or_artistic_work,968
neural_baseline_lambda_s_0,1,4,design_work,430
neural_baseline_lambda_s_0,1,4,dental_or_oral_health,344
neural_baseline_lambda_s_0,1,4,female_pronouns,201
neural_baseline_lambda_s_0,1,4,clinical_care,57
neural_baseline_lambda_s_0,1,5,creative_or_artistic_work,631
neural_baseline_lambda_s_0,1,5,clinical_care,491
neural_baseline_lambda_s_0,1,5,visual_art_practice,477
neural_baseline_lambda_s_0,1,5,female_pronouns,401
neural_baseline_lambda_s_0,1,6,design_work,484
neural_baseline_lambda_s_0,1,6,live_music_or_recording,399
neural_baseline_lambda_s_0,1,6,surgical_work,398
neural_baseline_lambda_s_0,1,6,visual_art_practice,239
neural_baseline_lambda_s_0,1,6,clinical_care,201
neural_baseline_lambda_s_0,1,6,legal_or_regulatory_work,138
neural_baseline_lambda_s_0,1,6,camera_or_photography_work,77
neural_baseline_lambda_s_0,1,6,dental_or_oral_health,61
neural_baseline_lambda_s_0,1,6,creative_or_artistic_work,3
neural_baseline_lambda_s_0,1,7,visual_art_practice,683
neural_baseline_lambda_s_0,1,7,film_or_video_production,440
neural_baseline_lambda_s_0,1,7,nutrition_or_diet_guidance,398
neural_baseline_lambda_s_0,1,7,literary_writing,197
neural_baseline_lambda_s_0,1,7,dental_or_oral_health,138
neural_baseline_lambda_s_0,1,7,legal_or_regulatory_work,56
neural_baseline_lambda_s_0,1,7,live_music_or_recording,43
neural_baseline_lambda_s_0,1,7,camera_or_photography_work,36
neural_baseline_lambda_s_0,1,7,nursing_care,9
neural_baseline_lambda_s_0,1,8,male_pronouns,486
neural_baseline_lambda_s_0,1,8,live_music_or_recording,438
neural_baseline_lambda_s_0,1,8,literary_writing,399
neural_baseline_lambda_s_0,1,8,medical_training,398
neural_baseline_lambda_s_0,1,8,film_or_video_production,270
neural_baseline_lambda_s_0,1,8,design_work,5
neural_baseline_lambda_s_0,1,8,camera_or_photography_work,3
neural_baseline_lambda_s_0,1,8,dental_or_oral_health,1
neural_baseline_lambda_s_0,1,9,male_pronouns,400
neural_baseline_lambda_s_0,1,9,camera_or_photography_work,397
neural_baseline_lambda_s_0,1,9,literary_writing,391
neural_baseline_lambda_s_0,1,9,live_music_or_recording,212
neural_baseline_lambda_s_0,1,9,mind_body_practice,204
neural_baseline_lambda_s_0,1,9,creative_or_artistic_work,196
neural_baseline_lambda_s_0,1,9,nutrition_or_diet_guidance,139
neural_baseline_lambda_s_0,1,9,surgical_work,51
neural_baseline_lambda_s_0,1,9,film_or_video_production,6
neural_baseline_lambda_s_0,1,9,design_work,4
neural_baseline_lambda_s_0,1,10,design_work,613
neural_baseline_lambda_s_0,1,10,literary_writing,411
neural_baseline_lambda_s_0,1,10,nursing_care,284
neural_baseline_lambda_s_0,1,10,creative_or_artistic_work,202
neural_baseline_lambda_s_0,1,10,camera_or_photography_work,198
neural_baseline_lambda_s_0,1,10,legal_or_regulatory_work,165
neural_baseline_lambda_s_0,1,10,live_music_or_recording,83
neural_baseline_lambda_s_0,1,10,mind_body_practice,20
neural_baseline_lambda_s_0,1,10,male_pronouns,11
neural_baseline_lambda_s_0,1,10,surgical_work,8
neural_baseline_lambda_s_0,1,10,nutrition_or_diet_guidance,3
neural_baseline_lambda_s_0,1,10,film_or_video_production,1
neural_baseline_lambda_s_0,1,10,medical_training,1
neural_baseline_lambda_s_0,1,11,male_pronouns,1089
neural_baseline_lambda_s_0,1,11,film_or_video_production,424
neural_baseline_lambda_s_0,1,11,mind_body_practice,317
neural_baseline_lambda_s_0,1,11,live_music_or_recording,85
neural_baseline_lambda_s_0,1,11,visual_art_practice,57
neural_baseline_lambda_s_0,1,11,legal_or_regulatory_work,11
neural_baseline_lambda_s_0,1,11,design_work,6
neural_baseline_lambda_s_0,1,11,camera_or_photography_work,5
neural_baseline_lambda_s_0,1,11,medical_training,2
neural_baseline_lambda_s_0,1,11,nutrition_or_diet_guidance,2
neural_baseline_lambda_s_0,1,11,literary_writing,1
neural_baseline_lambda_s_0,1,11,surgical_work,1
neural_baseline_lambda_s_0,1,12,clinical_care,653
neural_baseline_lambda_s_0,1,12,camera_or_photography_work,378
neural_baseline_lambda_s_0,1,12,mind_body_practice,284
neural_baseline_lambda_s_0,1,12,legal_or_regulatory_work,225
neural_baseline_lambda_s_0,1,12,medical_training,189
neural_baseline_lambda_s_0,1,12,film_or_video_production,171
neural_baseline_lambda_s_0,1,12,comedy_or_stage_performance,38
neural_baseline_lambda_s_0,1,12,nursing_care,21
neural_baseline_lambda_s_0,1,12,building_or_spatial_design,15
neural_baseline_lambda_s_0,1,12,male_pronouns,9
neural_baseline_lambda_s_0,1,12,design_work,6
neural_baseline_lambda_s_0,1,12,nutrition_or_diet_guidance,5
neural_baseline_lambda_s_0,1,12,visual_art_practice,5
neural_baseline_lambda_s_0,1,12,surgical_work,1
neural_baseline_lambda_s_0,1,13,comedy_or_stage_performance,424
neural_baseline_lambda_s_0,1,13,live_music_or_recording,340
neural_baseline_lambda_s_0,1,13,dental_or_oral_health,330
neural_baseline_lambda_s_0,1,13,building_or_spatial_design,262
neural_baseline_lambda_s_0,1,13,fitness_instruction,160
neural_baseline_lambda_s_0,1,13,design_work,143
neural_baseline_lambda_s_0,1,13,visual_art_practice,139
neural_baseline_lambda_s_0,1,13,film_or_video_production,87
neural_baseline_lambda_s_0,1,13,surgical_work,54
neural_baseline_lambda_s_0,1,13,camera_or_photography_work,20
neural_baseline_lambda_s_0,1,13,clinical_care,16
neural_baseline_lambda_s_0,1,13,medical_training,8
neural_baseline_lambda_s_0,1,13,education_or_academic_work,5
neural_baseline_lambda_s_0,1,13,male_pronouns,5
neural_baseline_lambda_s_0,1,13,mind_body_practice,5
neural_baseline_lambda_s_0,1,13,literary_writing,1
neural_baseline_lambda_s_0,1,13,nutrition_or_diet_guidance,1
neural_baseline_lambda_s_0,1,14,surgical_work,466
neural_baseline_lambda_s_0,1,14,building_or_spatial_design,429
neural_baseline_lambda_s_0,1,14,nutrition_or_diet_guidance,281
neural_baseline_lambda_s_0,1,14,fitness_instruction,236
neural_baseline_lambda_s_0,1,14,fashion_or_modeling_work,206
neural_baseline_lambda_s_0,1,14,therapy_or_counseling,134
neural_baseline_lambda_s_0,1,14,mind_body_practice,74
neural_baseline_lambda_s_0,1,14,medical_training,54
neural_baseline_lambda_s_0,1,14,clinical_care,37
neural_baseline_lambda_s_0,1,14,design_work,26
neural_baseline_lambda_s_0,1,14,comedy_or_stage_performance,18
neural_baseline_lambda_s_0,1,14,education_or_academic_work,16
neural_baseline_lambda_s_0,1,14,dental_or_oral_health,5
neural_baseline_lambda_s_0,1,14,legal_or_regulatory_work,5
neural_baseline_lambda_s_0,1,14,literary_writing,4
neural_baseline_lambda_s_0,1,14,live_music_or_recording,4
neural_baseline_lambda_s_0,1,14,visual_art_practice,4
neural_baseline_lambda_s_0,1,14,camera_or_photography_work,1
neural_baseline_lambda_s_0,1,15,education_or_academic_work,948
neural_baseline_lambda_s_0,1,15,camera_or_photography_work,281
neural_baseline_lambda_s_0,1,15,teaching_or_instruction,202
neural_baseline_lambda_s_0,1,15,literary_writing,181
neural_baseline_lambda_s_0,1,15,therapy_or_counseling,142
neural_baseline_lambda_s_0,1,15,fashion_or_modeling_work,97
neural_baseline_lambda_s_0,1,15,live_music_or_recording,52
neural_baseline_lambda_s_0,1,15,nutrition_or_diet_guidance,40
neural_baseline_lambda_s_0,1,15,media_or_publishing_work,24
neural_baseline_lambda_s_0,1,15,comedy_or_stage_performance,13
neural_baseline_lambda_s_0,1,15,design_work,5
neural_baseline_lambda_s_0,1,15,surgical_work,5
neural_baseline_lambda_s_0,1,15,dental_or_oral_health,3
neural_baseline_lambda_s_0,1,15,medical_training,3
neural_baseline_lambda_s_0,1,15,film_or_video_production,2
neural_baseline_lambda_s_0,1,15,fitness_instruction,2
neural_baseline_lambda_s_0,1,16,medical_training,540
neural_baseline_lambda_s_0,1,16,fashion_or_modeling_work,450
neural_baseline_lambda_s_0,1,16,media_or_publishing_work,192
neural_baseline_lambda_s_0,1,16,teaching_or_instruction,172
neural_baseline_lambda_s_0,1,16,financial_or_accounting_work,133
neural_baseline_lambda_s_0,1,16,therapy_or_counseling,120
neural_baseline_lambda_s_0,1,16,surgical_work,85
neural_baseline_lambda_s_0,1,16,education_or_academic_work,74
neural_baseline_lambda_s_0,1,16,fitness_instruction,48
neural_baseline_lambda_s_0,1,16,live_music_or_recording,38
neural_baseline_lambda_s_0,1,16,nutrition_or_diet_guidance,36
neural_baseline_lambda_s_0,1,16,organizational_role_or_administration,32
neural_baseline_lambda_s_0,1,16,comedy_or_stage_performance,22
neural_baseline_lambda_s_0,1,16,visual_art_practice,21
neural_baseline_lambda_s_0,1,16,literary_writing,12
neural_baseline_lambda_s_0,1,16,female_gendered_titles,7
neural_baseline_lambda_s_0,1,16,film_or_video_production,5
neural_baseline_lambda_s_0,1,16,mind_body_practice,5
neural_baseline_lambda_s_0,1,16,dental_or_oral_health,3
neural_baseline_lambda_s_0,1,16,camera_or_photography_work,2
neural_baseline_lambda_s_0,1,16,design_work,2
neural_baseline_lambda_s_0,1,16,building_or_spatial_design,1
neural_baseline_lambda_s_0,1,17,fashion_or_modeling_work,339
neural_baseline_lambda_s_0,1,17,media_or_publishing_work,333
neural_baseline_lambda_s_0,1,17,surgical_work,215
neural_baseline_lambda_s_0,1,17,female_gendered_titles,206
neural_baseline_lambda_s_0,1,17,financial_or_accounting_work,200
neural_baseline_lambda_s_0,1,17,online_public_presence,173
neural_baseline_lambda_s_0,1,17,organizational_role_or_administration,141
neural_baseline_lambda_s_0,1,17,medical_training,93
neural_baseline_lambda_s_0,1,17,education_or_academic_work,58
neural_baseline_lambda_s_0,1,17,live_music_or_recording,55
neural_baseline_lambda_s_0,1,17,visual_art_practice,42
neural_baseline_lambda_s_0,1,17,building_or_spatial_design,36
neural_baseline_lambda_s_0,1,17,film_or_video_production,35
neural_baseline_lambda_s_0,1,17,comedy_or_stage_performance,20
neural_baseline_lambda_s_0,1,17,design_work,17
neural_baseline_lambda_s_0,1,17,teaching_or_instruction,13
neural_baseline_lambda_s_0,1,17,fitness_instruction,11
neural_baseline_lambda_s_0,1,17,camera_or_photography_work,4
neural_baseline_lambda_s_0,1,17,nutrition_or_diet_guidance,4
neural_baseline_lambda_s_0,1,17,therapy_or_counseling,3
neural_baseline_lambda_s_0,1,17,mind_body_practice,2
neural_baseline_lambda_s_0,1,18,media_or_publishing_work,324
neural_baseline_lambda_s_0,1,18,organizational_role_or_administration,292
neural_baseline_lambda_s_0,1,18,financial_or_accounting_work,287
neural_baseline_lambda_s_0,1,18,building_or_spatial_design,176
neural_baseline_lambda_s_0,1,18,comedy_or_stage_performance,176
neural_baseline_lambda_s_0,1,18,university_affiliation,119
neural_baseline_lambda_s_0,1,18,design_work,116
neural_baseline_lambda_s_0,1,18,visual_art_practice,95
neural_baseline_lambda_s_0,1,18,fitness_instruction,88
neural_baseline_lambda_s_0,1,18,education_or_academic_work,73
neural_baseline_lambda_s_0,1,18,online_public_presence,67
neural_baseline_lambda_s_0,1,18,female_gendered_titles,38
neural_baseline_lambda_s_0,1,18,live_music_or_recording,34
neural_baseline_lambda_s_0,1,18,teaching_or_instruction,28
neural_baseline_lambda_s_0,1,18,music_composition,20
neural_baseline_lambda_s_0,1,18,surgical_work,18
neural_baseline_lambda_s_0,1,18,mind_body_practice,15
neural_baseline_lambda_s_0,1,18,film_or_video_production,12
neural_baseline_lambda_s_0,1,18,fashion_or_modeling_work,9
neural_baseline_lambda_s_0,1,18,therapy_or_counseling,4
neural_baseline_lambda_s_0,1,18,legal_or_regulatory_work,2
neural_baseline_lambda_s_0,1,18,medical_training,2
neural_baseline_lambda_s_0,1,18,technical_or_engineering_work,2
neural_baseline_lambda_s_0,1,18,literary_writing,1
neural_baseline_lambda_s_0,1,18,public_presence_or_recognition,1
neural_baseline_lambda_s_0,1,18,software_development,1
neural_baseline_lambda_s_0,1,19,technical_or_engineering_work,342
neural_baseline_lambda_s_0,1,19,organizational_role_or_administration,239
neural_baseline_lambda_s_0,1,19,media_or_publishing_work,208
neural_baseline_lambda_s_0,1,19,fashion_or_modeling_work,202
neural_baseline_lambda_s_0,1,19,building_or_spatial_design,169
neural_baseline_lambda_s_0,1,19,financial_or_accounting_work,142
neural_baseline_lambda_s_0,1,19,teaching_or_instruction,126
neural_baseline_lambda_s_0,1,19,education_or_academic_work,113
neural_baseline_lambda_s_0,1,19,spouse_or_partner_mentions,92
neural_baseline_lambda_s_0,1,19,university_affiliation,85
neural_baseline_lambda_s_0,1,19,female_gendered_titles,58
neural_baseline_lambda_s_0,1,19,software_development,57
neural_baseline_lambda_s_0,1,19,fitness_instruction,52
neural_baseline_lambda_s_0,1,19,surgical_work,40
neural_baseline_lambda_s_0,1,19,live_music_or_recording,21
neural_baseline_lambda_s_0,1,19,music_composition,21
neural_baseline_lambda_s_0,1,19,public_presence_or_recognition,12
neural_baseline_lambda_s_0,1,19,online_public_presence,5
neural_baseline_lambda_s_0,1,19,visual_art_practice,5
neural_baseline_lambda_s_0,1,19,literary_writing,4
neural_baseline_lambda_s_0,1,19,camera_or_photography_work,2
neural_baseline_lambda_s_0,1,19,nutrition_or_diet_guidance,2
neural_baseline_lambda_s_0,1,19,therapy_or_counseling,2
neural_baseline_lambda_s_0,1,19,medical_training,1
neural_baseline_lambda_s_0,1,20,education_or_academic_work,381
neural_baseline_lambda_s_0,1,20,software_development,351
neural_baseline_lambda_s_0,1,20,spouse_or_partner_mentions,301
neural_baseline_lambda_s_0,1,20,technical_or_engineering_work,232
neural_baseline_lambda_s_0,1,20,public_presence_or_recognition,162
neural_baseline_lambda_s_0,1,20,legal_practice,118
neural_baseline_lambda_s_0,1,20,surgical_work,110
neural_baseline_lambda_s_0,1,20,organizational_role_or_administration,96
neural_baseline_lambda_s_0,1,20,financial_or_accounting_work,43
neural_baseline_lambda_s_0,1,20,online_public_presence,37
neural_baseline_lambda_s_0,1,20,building_or_spatial_design,28
neural_baseline_lambda_s_0,1,20,female_gendered_titles,28
neural_baseline_lambda_s_0,1,20,therapy_or_counseling,28
neural_baseline_lambda_s_0,1,20,live_music_or_recording,27
neural_baseline_lambda_s_0,1,20,religious_ministry,15
neural_baseline_lambda_s_0,1,20,fashion_or_modeling_work,13
neural_baseline_lambda_s_0,1,20,music_composition,9
neural_baseline_lambda_s_0,1,20,media_or_publishing_work,6
neural_baseline_lambda_s_0,1,20,camera_or_photography_work,4
neural_baseline_lambda_s_0,1,20,university_affiliation,3
neural_baseline_lambda_s_0,1,20,fitness_instruction,2
neural_baseline_lambda_s_0,1,20,mind_body_practice,2
neural_baseline_lambda_s_0,1,20,teaching_or_instruction,2
neural_baseline_lambda_s_0,1,20,design_work,1
neural_baseline_lambda_s_0,1,20,film_or_video_production,1
neural_baseline_lambda_s_0,2,1,health_or_wellness_work,2000
neural_baseline_lambda_s_0,2,2,creative_or_artistic_work,1398
neural_baseline_lambda_s_0,2,2,clinical_care,602
neural_baseline_lambda_s_0,2,3,female_pronouns,896
neural_baseline_lambda_s_0,2,3,literary_writing,706
neural_baseline_lambda_s_0,2,3,dental_or_oral_health,398
neural_baseline_lambda_s_0,2,4,legal_or_regulatory_work,692
neural_baseline_lambda_s_0,2,4,visual_art_practice,584
neural_baseline_lambda_s_0,2,4,female_pronouns,520
neural_baseline_lambda_s_0,2,4,creative_or_artistic_work,204
neural_baseline_lambda_s_0,2,5,clinical_care,640
neural_baseline_lambda_s_0,2,5,female_pronouns,584
neural_baseline_lambda_s_0,2,5,nursing_care,398
neural_baseline_lambda_s_0,2,5,legal_or_regulatory_work,194
neural_baseline_lambda_s_0,2,5,visual_art_practice,127
neural_baseline_lambda_s_0,2,5,technical_or_engineering_work,52
neural_baseline_lambda_s_0,2,5,literary_writing,5
neural_baseline_lambda_s_0,2,6,film_or_video_production,657
neural_baseline_lambda_s_0,2,6,technical_or_engineering_work,631
neural_baseline_lambda_s_0,2,6,creative_or_artistic_work,398
neural_baseline_lambda_s_0,2,6,dental_or_oral_health,203
neural_baseline_lambda_s_0,2,6,clinical_care,52
neural_baseline_lambda_s_0,2,6,design_work,49
neural_baseline_lambda_s_0,2,6,literary_writing,5
neural_baseline_lambda_s_0,2,6,visual_art_practice,5
neural_baseline_lambda_s_0,2,7,design_work,522
neural_baseline_lambda_s_0,2,7,live_music_or_recording,481
neural_baseline_lambda_s_0,2,7,visual_art_practice,347
neural_baseline_lambda_s_0,2,7,medical_training,243
neural_baseline_lambda_s_0,2,7,nursing_care,196
neural_baseline_lambda_s_0,2,7,legal_or_regulatory_work,153
neural_baseline_lambda_s_0,2,7,film_or_video_production,49
neural_baseline_lambda_s_0,2,7,technical_or_engineering_work,7
neural_baseline_lambda_s_0,2,7,literary_writing,2
neural_baseline_lambda_s_0,2,8,design_work,548
neural_baseline_lambda_s_0,2,8,live_music_or_recording,505
neural_baseline_lambda_s_0,2,8,literary_writing,336
neural_baseline_lambda_s_0,2,8,technical_or_engineering_work,196
neural_baseline_lambda_s_0,2,8,medical_training,155
neural_baseline_lambda_s_0,2,8,therapy_or_counseling,138
neural_baseline_lambda_s_0,2,8,legal_or_regulatory_work,105
neural_baseline_lambda_s_0,2,8,film_or_video_production,10
neural_baseline_lambda_s_0,2,8,nursing_care,7
neural_baseline_lambda_s_0,2,9,technical_or_engineering_work,476
neural_baseline_lambda_s_0,2,9,visual_art_practice,338
neural_baseline_lambda_s_0,2,9,design_work,280
neural_baseline_lambda_s_0,2,9,legal_or_regulatory_work,243
neural_baseline_lambda_s_0,2,9,male_pronouns,209
neural_baseline_lambda_s_0,2,9,nutrition_or_diet_guidance,200
neural_baseline_lambda_s_0,2,9,therapy_or_counseling,177
neural_baseline_lambda_s_0,2,9,live_music_or_recording,77
neural_baseline_lambda_s_0,2,10,legal_or_regulatory_work,578
neural_baseline_lambda_s_0,2,10,literary_writing,406
neural_baseline_lambda_s_0,2,10,live_music_or_recording,252
neural_baseline_lambda_s_0,2,10,technical_or_engineering_work,242
neural_baseline_lambda_s_0,2,10,male_pronouns,199
neural_baseline_lambda_s_0,2,10,design_work,146
neural_baseline_lambda_s_0,2,10,nutrition_or_diet_guidance,94
neural_baseline_lambda_s_0,2,10,therapy_or_counseling,60
neural_baseline_lambda_s_0,2,10,mind_body_practice,22
neural_baseline_lambda_s_0,2,10,clinical_care,1
neural_baseline_lambda_s_0,2,11,male_pronouns,518
neural_baseline_lambda_s_0,2,11,clinical_care,475
neural_baseline_lambda_s_0,2,11,film_or_video_production,417
neural_baseline_lambda_s_0,2,11,mind_body_practice,284
neural_baseline_lambda_s_0,2,11,nutrition_or_diet_guidance,167
neural_baseline_lambda_s_0,2,11,technical_or_engineering_work,59
neural_baseline_lambda_s_0,2,11,visual_art_practice,54
neural_baseline_lambda_s_0,2,11,literary_writing,15
neural_baseline_lambda_s_0,2,11,legal_or_regulatory_work,6
neural_baseline_lambda_s_0,2,11,design_work,5
neural_baseline_lambda_s_0,2,12,male_pronouns,1074
neural_baseline_lambda_s_0,2,12,film_or_video_production,266
neural_baseline_lambda_s_0,2,12,mind_body_practice,239
neural_baseline_lambda_s_0,2,12,clinical_care,230
neural_baseline_lambda_s_0,2,12,literary_writing,66
neural_baseline_lambda_s_0,2,12,design_work,54
neural_baseline_lambda_s_0,2,12,therapy_or_counseling,23
neural_baseline_lambda_s_0,2,12,legal_or_regulatory_work,22
neural_baseline_lambda_s_0,2,12,technical_or_engineering_work,13
neural_baseline_lambda_s_0,2,12,dental_or_oral_health,4
neural_baseline_lambda_s_0,2,12,nutrition_or_diet_guidance,3
neural_baseline_lambda_s_0,2,12,visual_art_practice,3
neural_baseline_lambda_s_0,2,12,medical_training,2
neural_baseline_lambda_s_0,2,12,camera_or_photography_work,1
neural_baseline_lambda_s_0,2,13,software_development,705
neural_baseline_lambda_s_0,2,13,camera_or_photography_work,380
neural_baseline_lambda_s_0,2,13,literary_writing,307
neural_baseline_lambda_s_0,2,13,mind_body_practice,230
neural_baseline_lambda_s_0,2,13,live_music_or_recording,90
neural_baseline_lambda_s_0,2,13,nutrition_or_diet_guidance,78
neural_baseline_lambda_s_0,2,13,technical_or_engineering_work,78
neural_baseline_lambda_s_0,2,13,surgical_work,74
neural_baseline_lambda_s_0,2,13,medical_training,51
neural_baseline_lambda_s_0,2,13,legal_or_regulatory_work,4
neural_baseline_lambda_s_0,2,13,visual_art_practice,2
neural_baseline_lambda_s_0,2,13,dental_or_oral_health,1
neural_baseline_lambda_s_0,2,14,camera_or_photography_work,734
neural_baseline_lambda_s_0,2,14,nutrition_or_diet_guidance,284
neural_baseline_lambda_s_0,2,14,mind_body_practice,250
neural_baseline_lambda_s_0,2,14,software_development,206
neural_baseline_lambda_s_0,2,14,literary_writing,152
neural_baseline_lambda_s_0,2,14,medical_training,150
neural_baseline_lambda_s_0,2,14,surgical_work,128
neural_baseline_lambda_s_0,2,14,live_music_or_recording,53
neural_baseline_lambda_s_0,2,14,technical_or_engineering_work,42
neural_baseline_lambda_s_0,2,14,legal_or_regulatory_work,1
neural_baseline_lambda_s_0,2,15,financial_or_accounting_work,328
neural_baseline_lambda_s_0,2,15,media_or_publishing_work,324
neural_baseline_lambda_s_0,2,15,camera_or_photography_work,284
neural_baseline_lambda_s_0,2,15,software_development,179
neural_baseline_lambda_s_0,2,15,building_or_spatial_design,147
neural_baseline_lambda_s_0,2,15,visual_art_practice,144
neural_baseline_lambda_s_0,2,15,surgical_work,133
neural_baseline_lambda_s_0,2,15,fitness_instruction,130
neural_baseline_lambda_s_0,2,15,mind_body_practice,112
neural_baseline_lambda_s_0,2,15,technical_or_engineering_work,72
neural_baseline_lambda_s_0,2,15,design_work,61
neural_baseline_lambda_s_0,2,15,film_or_video_production,52
neural_baseline_lambda_s_0,2,15,nutrition_or_diet_guidance,20
neural_baseline_lambda_s_0,2,15,therapy_or_counseling,6
neural_baseline_lambda_s_0,2,15,nursing_care,5
neural_baseline_lambda_s_0,2,15,dental_or_oral_health,1
neural_baseline_lambda_s_0,2,15,legal_or_regulatory_work,1
neural_baseline_lambda_s_0,2,15,live_music_or_recording,1
neural_baseline_lambda_s_0,2,16,building_or_spatial_design,568
neural_baseline_lambda_s_0,2,16,media_or_publishing_work,378
neural_baseline_lambda_s_0,2,16,financial_or_accounting_work,243
neural_baseline_lambda_s_0,2,16,fitness_instruction,164
neural_baseline_lambda_s_0,2,16,therapy_or_counseling,143
neural_baseline_lambda_s_0,2,16,nursing_care,96
neural_baseline_lambda_s_0,2,16,manual_body_treatment,75
neural_baseline_lambda_s_0,2,16,software_development,73
neural_baseline_lambda_s_0,2,16,dental_or_oral_health,67
neural_baseline_lambda_s_0,2,16,surgical_work,61
neural_baseline_lambda_s_0,2,16,spouse_or_partner_mentions,59
neural_baseline_lambda_s_0,2,16,design_work,41
neural_baseline_lambda_s_0,2,16,mind_body_practice,21
neural_baseline_lambda_s_0,2,16,nutrition_or_diet_guidance,8
neural_baseline_lambda_s_0,2,16,camera_or_photography_work,1
neural_baseline_lambda_s_0,2,16,legal_or_regulatory_work,1
neural_baseline_lambda_s_0,2,16,live_music_or_recording,1
neural_baseline_lambda_s_0,2,17,financial_or_accounting_work,686
neural_baseline_lambda_s_0,2,17,building_or_spatial_design,345
neural_baseline_lambda_s_0,2,17,mind_body_practice,263
neural_baseline_lambda_s_0,2,17,media_or_publishing_work,193
neural_baseline_lambda_s_0,2,17,spouse_or_partner_mentions,187
neural_baseline_lambda_s_0,2,17,design_work,86
neural_baseline_lambda_s_0,2,17,fitness_instruction,54
neural_baseline_lambda_s_0,2,17,technical_or_engineering_work,51
neural_baseline_lambda_s_0,2,17,teaching_or_instruction,48
neural_baseline_lambda_s_0,2,17,visual_art_practice,48
neural_baseline_lambda_s_0,2,17,dental_or_oral_health,20
neural_baseline_lambda_s_0,2,17,manual_body_treatment,10
neural_baseline_lambda_s_0,2,17,nutrition_or_diet_guidance,4
neural_baseline_lambda_s_0,2,17,software_development,3
neural_baseline_lambda_s_0,2,17,film_or_video_production,1
neural_baseline_lambda_s_0,2,17,therapy_or_counseling,1
neural_baseline_lambda_s_0,2,18,financial_or_accounting_work,333
neural_baseline_lambda_s_0,2,18,dental_or_oral_health,284
neural_baseline_lambda_s_0,2,18,spouse_or_partner_mentions,284
neural_baseline_lambda_s_0,2,18,teaching_or_instruction,267
neural_baseline_lambda_s_0,2,18,manual_body_treatment,238
neural_baseline_lambda_s_0,2,18,mind_body_practice,152
neural_baseline_lambda_s_0,2,18,media_or_publishing_work,132
neural_baseline_lambda_s_0,2,18,comedy_or_stage_performance,122
neural_baseline_lambda_s_0,2,18,scientific_or_lab_research,71
neural_baseline_lambda_s_0,2,18,fitness_instruction,48
neural_baseline_lambda_s_0,2,18,building_or_spatial_design,29
neural_baseline_lambda_s_0,2,18,software_development,18
neural_baseline_lambda_s_0,2,18,surgical_work,8
neural_baseline_lambda_s_0,2,18,technical_or_engineering_work,8
neural_baseline_lambda_s_0,2,18,camera_or_photography_work,2
neural_baseline_lambda_s_0,2,18,business_or_client_service,1
neural_baseline_lambda_s_0,2,18,design_work,1
neural_baseline_lambda_s_0,2,18,fashion_or_modeling_work,1
neural_baseline_lambda_s_0,2,18,nutrition_or_diet_guidance,1
neural_baseline_lambda_s_0,2,19,scientific_or_lab_research,485
neural_baseline_lambda_s_0,2,19,comedy_or_stage_performance,298
neural_baseline_lambda_s_0,2,19,teaching_or_instruction,292
neural_baseline_lambda_s_0,2,19,spouse_or_partner_mentions,201
neural_baseline_lambda_s_0,2,19,camera_or_photography_work,176
neural_baseline_lambda_s_0,2,19,software_development,168
neural_baseline_lambda_s_0,2,19,financial_or_accounting_work,121
neural_baseline_lambda_s_0,2,19,building_or_spatial_design,86
neural_baseline_lambda_s_0,2,19,fashion_or_modeling_work,68
neural_baseline_lambda_s_0,2,19,media_or_publishing_work,51
neural_baseline_lambda_s_0,2,19,mind_body_practice,19
neural_baseline_lambda_s_0,2,19,nutrition_or_diet_guidance,13
neural_baseline_lambda_s_0,2,19,therapy_or_counseling,6
neural_baseline_lambda_s_0,2,19,manual_body_treatment,5
neural_baseline_lambda_s_0,2,19,business_or_client_service,3
neural_baseline_lambda_s_0,2,19,technical_or_engineering_work,3
neural_baseline_lambda_s_0,2,19,design_work,2
neural_baseline_lambda_s_0,2,19,film_or_video_production,1
neural_baseline_lambda_s_0,2,19,fitness_instruction,1
neural_baseline_lambda_s_0,2,19,nursing_care,1
neural_baseline_lambda_s_0,2,20,scientific_or_lab_research,293
neural_baseline_lambda_s_0,2,20,comedy_or_stage_performance,286
neural_baseline_lambda_s_0,2,20,mind_body_practice,279
neural_baseline_lambda_s_0,2,20,manual_body_treatment,232
neural_baseline_lambda_s_0,2,20,media_or_publishing_work,213
neural_baseline_lambda_s_0,2,20,nursing_care,167
neural_baseline_lambda_s_0,2,20,teaching_or_instruction,146
neural_baseline_lambda_s_0,2,20,fashion_or_modeling_work,128
neural_baseline_lambda_s_0,2,20,financial_or_accounting_work,75
neural_baseline_lambda_s_0,2,20,business_or_client_service,46
neural_baseline_lambda_s_0,2,20,building_or_spatial_design,40
neural_baseline_lambda_s_0,2,20,nutrition_or_diet_guidance,39
neural_baseline_lambda_s_0,2,20,camera_or_photography_work,19
neural_baseline_lambda_s_0,2,20,spouse_or_partner_mentions,16
neural_baseline_lambda_s_0,2,20,software_development,13
neural_baseline_lambda_s_0,2,20,education_or_academic_work,2
neural_baseline_lambda_s_0,2,20,gendered_organization_or_award,2
neural_baseline_lambda_s_0,2,20,technical_or_engineering_work,2
neural_baseline_lambda_s_0,2,20,dental_or_oral_health,1
neural_baseline_lambda_s_0,2,20,design_work,1
neural_baseline_lambda_s_0,3,1,creative_or_artistic_work,2000
neural_baseline_lambda_s_0,3,2,clinical_care,1282
neural_baseline_lambda_s_0,3,2,literary_writing,718
neural_baseline_lambda_s_0,3,3,health_or_wellness_work,877
neural_baseline_lambda_s_0,3,3,camera_or_photography_work,596
neural_baseline_lambda_s_0,3,3,female_pronouns,405
neural_baseline_lambda_s_0,3,3,visual_art_practice,122
neural_baseline_lambda_s_0,3,4,legal_or_regulatory_work,683
neural_baseline_lambda_s_0,3,4,female_pronouns,645
neural_baseline_lambda_s_0,3,4,dental_or_oral_health,236
neural_baseline_lambda_s_0,3,4,nutrition_or_diet_guidance,194
neural_baseline_lambda_s_0,3,4,nursing_care,169
neural_baseline_lambda_s_0,3,4,visual_art_practice,66
neural_baseline_lambda_s_0,3,4,camera_or_photography_work,7
neural_baseline_lambda_s_0,3,5,female_pronouns,950
neural_baseline_lambda_s_0,3,5,visual_art_practice,364
neural_baseline_lambda_s_0,3,5,nursing_care,236
neural_baseline_lambda_s_0,3,5,design_work,215
neural_baseline_lambda_s_0,3,5,dental_or_oral_health,169
neural_baseline_lambda_s_0,3,5,live_music_or_recording,66
neural_baseline_lambda_s_0,3,6,visual_art_practice,565
neural_baseline_lambda_s_0,3,6,live_music_or_recording,466
neural_baseline_lambda_s_0,3,6,design_work,291
neural_baseline_lambda_s_0,3,6,health_or_wellness_work,236
neural_baseline_lambda_s_0,3,6,nutrition_or_diet_guidance,169
neural_baseline_lambda_s_0,3,6,nursing_care,107
neural_baseline_lambda_s_0,3,6,film_or_video_production,79
neural_baseline_lambda_s_0,3,6,dental_or_oral_health,53
neural_baseline_lambda_s_0,3,6,legal_or_regulatory_work,34
neural_baseline_lambda_s_0,3,7,film_or_video_production,491
neural_baseline_lambda_s_0,3,7,design_work,465
neural_baseline_lambda_s_0,3,7,visual_art_practice,284
neural_baseline_lambda_s_0,3,7,nutrition_or_diet_guidance,228
neural_baseline_lambda_s_0,3,7,health_or_wellness_work,169
neural_baseline_lambda_s_0,3,7,legal_or_regulatory_work,168
neural_baseline_lambda_s_0,3,7,live_music_or_recording,161
neural_baseline_lambda_s_0,3,7,nursing_care,34
neural_baseline_lambda_s_0,3,8,design_work,430
neural_baseline_lambda_s_0,3,8,live_music_or_recording,424
neural_baseline_lambda_s_0,3,8,medical_training,396
neural_baseline_lambda_s_0,3,8,literary_writing,284
neural_baseline_lambda_s_0,3,8,film_or_video_production,148
neural_baseline_lambda_s_0,3,8,dental_or_oral_health,141
neural_baseline_lambda_s_0,3,8,camera_or_photography_work,115
neural_baseline_lambda_s_0,3,8,nursing_care,53
neural_baseline_lambda_s_0,3,8,nutrition_or_diet_guidance,8
neural_baseline_lambda_s_0,3,8,legal_or_regulatory_work,1
neural_baseline_lambda_s_0,3,9,health_or_wellness_work,718
neural_baseline_lambda_s_0,3,9,literary_writing,399
neural_baseline_lambda_s_0,3,9,male_pronouns,360
neural_baseline_lambda_s_0,3,9,live_music_or_recording,284
neural_baseline_lambda_s_0,3,9,design_work,148
neural_baseline_lambda_s_0,3,9,legal_or_regulatory_work,91
neural_baseline_lambda_s_0,3,10,legal_or_regulatory_work,808
neural_baseline_lambda_s_0,3,10,film_or_video_production,546
neural_baseline_lambda_s_0,3,10,male_pronouns,323
neural_baseline_lambda_s_0,3,10,surgical_work,126
neural_baseline_lambda_s_0,3,10,clinical_care,89
neural_baseline_lambda_s_0,3,10,camera_or_photography_work,53
neural_baseline_lambda_s_0,3,10,live_music_or_recording,51
neural_baseline_lambda_s_0,3,10,design_work,4
neural_baseline_lambda_s_0,3,11,camera_or_photography_work,630
neural_baseline_lambda_s_0,3,11,clinical_care,547
neural_baseline_lambda_s_0,3,11,mind_body_practice,250
neural_baseline_lambda_s_0,3,11,therapy_or_counseling,123
neural_baseline_lambda_s_0,3,11,design_work,87
neural_baseline_lambda_s_0,3,11,legal_or_regulatory_work,85
neural_baseline_lambda_s_0,3,11,media_or_publishing_work,76
neural_baseline_lambda_s_0,3,11,surgical_work,74
neural_baseline_lambda_s_0,3,11,film_or_video_production,53
neural_baseline_lambda_s_0,3,11,medical_training,53
neural_baseline_lambda_s_0,3,11,male_pronouns,11
neural_baseline_lambda_s_0,3,11,live_music_or_recording,8
neural_baseline_lambda_s_0,3,11,dental_or_oral_health,2
neural_baseline_lambda_s_0,3,11,literary_writing,1
neural_baseline_lambda_s_0,3,12,male_pronouns,1231
neural_baseline_lambda_s_0,3,12,mind_body_practice,148
neural_baseline_lambda_s_0,3,12,medical_training,140
neural_baseline_lambda_s_0,3,12,design_work,99
neural_baseline_lambda_s_0,3,12,therapy_or_counseling,93
neural_baseline_lambda_s_0,3,12,film_or_video_production,84
neural_baseline_lambda_s_0,3,12,clinical_care,73
neural_baseline_lambda_s_0,3,12,fitness_instruction,64
neural_baseline_lambda_s_0,3,12,surgical_work,28
neural_baseline_lambda_s_0,3,12,live_music_or_recording,13
neural_baseline_lambda_s_0,3,12,visual_art_practice,10
neural_baseline_lambda_s_0,3,12,dental_or_oral_health,5
neural_baseline_lambda_s_0,3,12,nutrition_or_diet_guidance,5
neural_baseline_lambda_s_0,3,12,software_development,3
neural_baseline_lambda_s_0,3,12,nursing_care,2
neural_baseline_lambda_s_0,3,12,literary_writing,1
neural_baseline_lambda_s_0,3,12,technical_or_engineering_work,1
neural_baseline_lambda_s_0,3,13,technical_or_engineering_work,899
neural_baseline_lambda_s_0,3,13,nutrition_or_diet_guidance,286
neural_baseline_lambda_s_0,3,13,media_or_publishing_work,121
neural_baseline_lambda_s_0,3,13,literary_writing,106
neural_baseline_lambda_s_0,3,13,male_pronouns,70
neural_baseline_lambda_s_0,3,13,mind_body_practice,70
neural_baseline_lambda_s_0,3,13,design_work,69
neural_baseline_lambda_s_0,3,13,software_development,62
neural_baseline_lambda_s_0,3,13,therapy_or_counseling,61
neural_baseline_lambda_s_0,3,13,fitness_instruction,57
neural_baseline_lambda_s_0,3,13,child_or_family_care_mentions,51
neural_baseline_lambda_s_0,3,13,visual_art_practice,50
neural_baseline_lambda_s_0,3,13,surgical_work,45
neural_baseline_lambda_s_0,3,13,live_music_or_recording,14
neural_baseline_lambda_s_0,3,13,medical_training,10
neural_baseline_lambda_s_0,3,13,building_or_spatial_design,9
neural_baseline_lambda_s_0,3,13,clinical_care,9
neural_baseline_lambda_s_0,3,13,legal_or_regulatory_work,6
neural_baseline_lambda_s_0,3,13,nursing_care,3
neural_baseline_lambda_s_0,3,13,advanced_degree_or_training,2
neural_baseline_lambda_s_0,3,14,software_development,862
neural_baseline_lambda_s_0,3,14,technical_or_engineering_work,248
neural_baseline_lambda_s_0,3,14,building_or_spatial_design,212
neural_baseline_lambda_s_0,3,14,nursing_care,200
neural_baseline_lambda_s_0,3,14,advanced_degree_or_training,131
neural_baseline_lambda_s_0,3,14,child_or_family_care_mentions,84
neural_baseline_lambda_s_0,3,14,mind_body_practice,59
neural_baseline_lambda_s_0,3,14,design_work,48
neural_baseline_lambda_s_0,3,14,literary_writing,41
neural_baseline_lambda_s_0,3,14,therapy_or_counseling,40
neural_baseline_lambda_s_0,3,14,surgical_work,32
neural_baseline_lambda_s_0,3,14,media_or_publishing_work,27
neural_baseline_lambda_s_0,3,14,legal_or_regulatory_work,5
neural_baseline_lambda_s_0,3,14,medical_training,5
neural_baseline_lambda_s_0,3,14,fitness_instruction,4
neural_baseline_lambda_s_0,3,14,camera_or_photography_work,1
neural_baseline_lambda_s_0,3,14,visual_art_practice,1
neural_baseline_lambda_s_0,3,15,building_or_spatial_design,511
neural_baseline_lambda_s_0,3,15,software_development,350
neural_baseline_lambda_s_0,3,15,technical_or_engineering_work,295
neural_baseline_lambda_s_0,3,15,dental_or_oral_health,260
neural_baseline_lambda_s_0,3,15,advanced_degree_or_training,119
neural_baseline_lambda_s_0,3,15,fitness_instruction,102
neural_baseline_lambda_s_0,3,15,child_or_family_care_mentions,80
neural_baseline_lambda_s_0,3,15,teaching_or_instruction,57
neural_baseline_lambda_s_0,3,15,visual_art_practice,54
neural_baseline_lambda_s_0,3,15,legal_or_regulatory_work,53
neural_baseline_lambda_s_0,3,15,live_music_or_recording,43
neural_baseline_lambda_s_0,3,15,media_or_publishing_work,29
neural_baseline_lambda_s_0,3,15,nutrition_or_diet_guidance,20
neural_baseline_lambda_s_0,3,15,mind_body_practice,13
neural_baseline_lambda_s_0,3,15,surgical_work,6
neural_baseline_lambda_s_0,3,15,design_work,2
neural_baseline_lambda_s_0,3,15,male_pronouns,2
neural_baseline_lambda_s_0,3,15,nursing_care,2
neural_baseline_lambda_s_0,3,15,literary_writing,1
neural_baseline_lambda_s_0,3,15,medical_training,1
neural_baseline_lambda_s_0,3,16,media_or_publishing_work,587
neural_baseline_lambda_s_0,3,16,software_development,395
neural_baseline_lambda_s_0,3,16,building_or_spatial_design,357
neural_baseline_lambda_s_0,3,16,advanced_degree_or_training,169
neural_baseline_lambda_s_0,3,16,nursing_care,84
neural_baseline_lambda_s_0,3,16,dental_or_oral_health,58
neural_baseline_lambda_s_0,3,16,visual_art_practice,52
neural_baseline_lambda_s_0,3,16,literary_writing,49
neural_baseline_lambda_s_0,3,16,teaching_or_instruction,49
neural_baseline_lambda_s_0,3,16,public_presence_or_recognition,45
neural_baseline_lambda_s_0,3,16,music_composition,38
neural_baseline_lambda_s_0,3,16,therapy_or_counseling,36
neural_baseline_lambda_s_0,3,16,fitness_instruction,18
neural_baseline_lambda_s_0,3,16,legal_or_regulatory_work,16
neural_baseline_lambda_s_0,3,16,university_affiliation,11
neural_baseline_lambda_s_0,3,16,technical_or_engineering_work,10
neural_baseline_lambda_s_0,3,16,surgical_work,9
neural_baseline_lambda_s_0,3,16,child_or_family_care_mentions,6
neural_baseline_lambda_s_0,3,16,live_music_or_recording,4
neural_baseline_lambda_s_0,3,16,male_pronouns,3
neural_baseline_lambda_s_0,3,16,design_work,1
neural_baseline_lambda_s_0,3,16,film_or_video_production,1
neural_baseline_lambda_s_0,3,16,nutrition_or_diet_guidance,1
neural_baseline_lambda_s_0,3,16,public_speaking_or_events,1
neural_baseline_lambda_s_0,3,17,media_or_publishing_work,653
neural_baseline_lambda_s_0,3,17,music_composition,476
neural_baseline_lambda_s_0,3,17,education_or_academic_work,198
neural_baseline_lambda_s_0,3,17,advanced_degree_or_training,113
neural_baseline_lambda_s_0,3,17,software_development,76
neural_baseline_lambda_s_0,3,17,public_presence_or_recognition,68
neural_baseline_lambda_s_0,3,17,teaching_or_instruction,64
neural_baseline_lambda_s_0,3,17,child_or_family_care_mentions,63
neural_baseline_lambda_s_0,3,17,dental_or_oral_health,63
neural_baseline_lambda_s_0,3,17,therapy_or_counseling,45
neural_baseline_lambda_s_0,3,17,fitness_instruction,41
neural_baseline_lambda_s_0,3,17,legal_or_regulatory_work,32
neural_baseline_lambda_s_0,3,17,public_speaking_or_events,25
neural_baseline_lambda_s_0,3,17,visual_art_practice,22
neural_baseline_lambda_s_0,3,17,building_or_spatial_design,21
neural_baseline_lambda_s_0,3,17,design_work,18
neural_baseline_lambda_s_0,3,17,financial_or_accounting_work,9
neural_baseline_lambda_s_0,3,17,mind_body_practice,6
neural_baseline_lambda_s_0,3,17,film_or_video_production,2
neural_baseline_lambda_s_0,3,17,live_music_or_recording,2
neural_baseline_lambda_s_0,3,17,surgical_work,2
neural_baseline_lambda_s_0,3,17,university_affiliation,1
neural_baseline_lambda_s_0,3,18,education_or_academic_work,489
neural_baseline_lambda_s_0,3,18,comedy_or_stage_performance,418
neural_baseline_lambda_s_0,3,18,music_composition,192
neural_baseline_lambda_s_0,3,18,dental_or_oral_health,156
neural_baseline_lambda_s_0,3,18,media_or_publishing_work,152
neural_baseline_lambda_s_0,3,18,financial_or_accounting_work,147
neural_baseline_lambda_s_0,3,18,mind_body_practice,130
neural_baseline_lambda_s_0,3,18,fitness_instruction,125
neural_baseline_lambda_s_0,3,18,public_speaking_or_events,76
neural_baseline_lambda_s_0,3,18,software_development,36
neural_baseline_lambda_s_0,3,18,teaching_or_instruction,30
neural_baseline_lambda_s_0,3,18,public_presence_or_recognition,11
neural_baseline_lambda_s_0,3,18,university_affiliation,11
neural_baseline_lambda_s_0,3,18,camera_or_photography_work,6
neural_baseline_lambda_s_0,3,18,child_or_family_care_mentions,5
neural_baseline_lambda_s_0,3,18,advanced_degree_or_training,4
neural_baseline_lambda_s_0,3,18,technical_or_engineering_work,3
neural_baseline_lambda_s_0,3,18,design_work,2
neural_baseline_lambda_s_0,3,18,legal_or_regulatory_work,2
neural_baseline_lambda_s_0,3,18,legal_practice,2
neural_baseline_lambda_s_0,3,18,building_or_spatial_design,1
neural_baseline_lambda_s_0,3,18,medical_training,1
neural_baseline_lambda_s_0,3,18,surgical_work,1
neural_baseline_lambda_s_0,3,19,education_or_academic_work,522
neural_baseline_lambda_s_0,3,19,legal_practice,501
neural_baseline_lambda_s_0,3,19,mind_body_practice,308
neural_baseline_lambda_s_0,3,19,public_speaking_or_events,249
neural_baseline_lambda_s_0,3,19,university_affiliation,94
neural_baseline_lambda_s_0,3,19,comedy_or_stage_performance,75
neural_baseline_lambda_s_0,3,19,media_or_publishing_work,68
neural_baseline_lambda_s_0,3,19,fitness_instruction,37
neural_baseline_lambda_s_0,3,19,financial_or_accounting_work,28
neural_baseline_lambda_s_0,3,19,surgical_work,22
neural_baseline_lambda_s_0,3,19,dental_or_oral_health,19
neural_baseline_lambda_s_0,3,19,therapy_or_counseling,14
neural_baseline_lambda_s_0,3,19,public_presence_or_recognition,8
neural_baseline_lambda_s_0,3,19,religious_ministry,8
neural_baseline_lambda_s_0,3,19,legal_or_regulatory_work,7
neural_baseline_lambda_s_0,3,19,music_composition,7
neural_baseline_lambda_s_0,3,19,building_or_spatial_design,6
neural_baseline_lambda_s_0,3,19,child_or_family_care_mentions,6
neural_baseline_lambda_s_0,3,19,nursing_care,6
neural_baseline_lambda_s_0,3,19,software_development,5
neural_baseline_lambda_s_0,3,19,literary_writing,3
neural_baseline_lambda_s_0,3,19,camera_or_photography_work,2
neural_baseline_lambda_s_0,3,19,technical_or_engineering_work,2
neural_baseline_lambda_s_0,3,19,advanced_degree_or_training,1
neural_baseline_lambda_s_0,3,19,design_work,1
neural_baseline_lambda_s_0,3,19,fashion_or_modeling_work,1
neural_baseline_lambda_s_0,3,20,financial_or_accounting_work,726
neural_baseline_lambda_s_0,3,20,education_or_academic_work,180
neural_baseline_lambda_s_0,3,20,public_speaking_or_events,151
neural_baseline_lambda_s_0,3,20,music_composition,139
neural_baseline_lambda_s_0,3,20,building_or_spatial_design,105
neural_baseline_lambda_s_0,3,20,legal_practice,101
neural_baseline_lambda_s_0,3,20,public_presence_or_recognition,84
neural_baseline_lambda_s_0,3,20,technical_infrastructure,82
neural_baseline_lambda_s_0,3,20,teaching_or_instruction,72
neural_baseline_lambda_s_0,3,20,mind_body_practice,62
neural_baseline_lambda_s_0,3,20,surgical_work,59
neural_baseline_lambda_s_0,3,20,advanced_degree_or_training,49
neural_baseline_lambda_s_0,3,20,media_or_publishing_work,40
neural_baseline_lambda_s_0,3,20,child_or_family_care_mentions,30
neural_baseline_lambda_s_0,3,20,comedy_or_stage_performance,27
neural_baseline_lambda_s_0,3,20,design_work,20
neural_baseline_lambda_s_0,3,20,fashion_or_modeling_work,19
neural_baseline_lambda_s_0,3,20,therapy_or_counseling,14
neural_baseline_lambda_s_0,3,20,fitness_instruction,9
neural_baseline_lambda_s_0,3,20,dental_or_oral_health,8
neural_baseline_lambda_s_0,3,20,religious_ministry,7
neural_baseline_lambda_s_0,3,20,software_development,7
neural_baseline_lambda_s_0,3,20,university_affiliation,4
neural_baseline_lambda_s_0,3,20,technical_or_engineering_work,3
neural_baseline_lambda_s_0,3,20,camera_or_photography_work,1
neural_baseline_lambda_s_0,3,20,film_or_video_production,1
neural_baseline_lambda_s_0,4,1,creative_or_artistic_work,2000
neural_baseline_lambda_s_0,4,2,health_or_wellness_work,1282
neural_baseline_lambda_s_0,4,2,film_or_video_production,718
neural_baseline_lambda_s_0,4,3,legal_or_regulatory_work,692
neural_baseline_lambda_s_0,4,3,live_music_or_recording,621
neural_baseline_lambda_s_0,4,3,female_pronouns,590
neural_baseline_lambda_s_0,4,3,visual_art_practice,97
neural_baseline_lambda_s_0,4,4,female_pronouns,789
neural_baseline_lambda_s_0,4,4,visual_art_practice,524
neural_baseline_lambda_s_0,4,4,clinical_care,309
neural_baseline_lambda_s_0,4,4,dental_or_oral_health,281
neural_baseline_lambda_s_0,4,4,live_music_or_recording,92
neural_baseline_lambda_s_0,4,4,camera_or_photography_work,5
neural_baseline_lambda_s_0,4,5,clinical_care,973
neural_baseline_lambda_s_0,4,5,design_work,413
neural_baseline_lambda_s_0,4,5,dental_or_oral_health,168
neural_baseline_lambda_s_0,4,5,legal_or_regulatory_work,141
neural_baseline_lambda_s_0,4,5,camera_or_photography_work,111
neural_baseline_lambda_s_0,4,5,visual_art_practice,97
neural_baseline_lambda_s_0,4,5,literary_writing,88
neural_baseline_lambda_s_0,4,5,female_pronouns,5
neural_baseline_lambda_s_0,4,5,live_music_or_recording,4
neural_baseline_lambda_s_0,4,6,literary_writing,568
neural_baseline_lambda_s_0,4,6,visual_art_practice,399
neural_baseline_lambda_s_0,4,6,nursing_care,397
neural_baseline_lambda_s_0,4,6,design_work,373
neural_baseline_lambda_s_0,4,6,dental_or_oral_health,149
neural_baseline_lambda_s_0,4,6,female_pronouns,60
neural_baseline_lambda_s_0,4,6,legal_or_regulatory_work,53
neural_baseline_lambda_s_0,4,6,live_music_or_recording,1
neural_baseline_lambda_s_0,4,7,female_pronouns,556
neural_baseline_lambda_s_0,4,7,design_work,494
neural_baseline_lambda_s_0,4,7,nutrition_or_diet_guidance,396
neural_baseline_lambda_s_0,4,7,visual_art_practice,284
neural_baseline_lambda_s_0,4,7,nursing_care,202
neural_baseline_lambda_s_0,4,7,literary_writing,62
neural_baseline_lambda_s_0,4,7,camera_or_photography_work,5
neural_baseline_lambda_s_0,4,7,dental_or_oral_health,1
neural_baseline_lambda_s_0,4,8,live_music_or_recording,683
neural_baseline_lambda_s_0,4,8,camera_or_photography_work,558
neural_baseline_lambda_s_0,4,8,male_pronouns,459
neural_baseline_lambda_s_0,4,8,nutrition_or_diet_guidance,140
neural_baseline_lambda_s_0,4,8,design_work,121
neural_baseline_lambda_s_0,4,8,health_or_wellness_work,39
neural_baseline_lambda_s_0,4,9,literary_writing,683
neural_baseline_lambda_s_0,4,9,health_or_wellness_work,679
neural_baseline_lambda_s_0,4,9,legal_or_regulatory_work,200
neural_baseline_lambda_s_0,4,9,surgical_work,196
neural_baseline_lambda_s_0,4,9,male_pronouns,139
neural_baseline_lambda_s_0,4,9,nutrition_or_diet_guidance,52
neural_baseline_lambda_s_0,4,9,camera_or_photography_work,37
neural_baseline_lambda_s_0,4,9,live_music_or_recording,9
neural_baseline_lambda_s_0,4,9,design_work,3
neural_baseline_lambda_s_0,4,9,clinical_care,2
neural_baseline_lambda_s_0,4,10,legal_or_regulatory_work,902
neural_baseline_lambda_s_0,4,10,film_or_video_production,347
neural_baseline_lambda_s_0,4,10,male_pronouns,337
neural_baseline_lambda_s_0,4,10,mind_body_practice,167
neural_baseline_lambda_s_0,4,10,design_work,141
neural_baseline_lambda_s_0,4,10,live_music_or_recording,50
neural_baseline_lambda_s_0,4,10,surgical_work,33
neural_baseline_lambda_s_0,4,10,clinical_care,10
neural_baseline_lambda_s_0,4,10,nutrition_or_diet_guidance,9
neural_baseline_lambda_s_0,4,10,camera_or_photography_work,2
neural_baseline_lambda_s_0,4,10,visual_art_practice,2
neural_baseline_lambda_s_0,4,11,clinical_care,668
neural_baseline_lambda_s_0,4,11,male_pronouns,390
neural_baseline_lambda_s_0,4,11,film_or_video_production,336
neural_baseline_lambda_s_0,4,11,mind_body_practice,310
neural_baseline_lambda_s_0,4,11,surgical_work,167
neural_baseline_lambda_s_0,4,11,medical_training,64
neural_baseline_lambda_s_0,4,11,design_work,50
neural_baseline_lambda_s_0,4,11,visual_art_practice,6
neural_baseline_lambda_s_0,4,11,legal_or_regulatory_work,5
neural_baseline_lambda_s_0,4,11,dental_or_oral_health,2
neural_baseline_lambda_s_0,4,11,nutrition_or_diet_guidance,2
neural_baseline_lambda_s_0,4,12,male_pronouns,668
neural_baseline_lambda_s_0,4,12,camera_or_photography_work,399
neural_baseline_lambda_s_0,4,12,medical_training,324
neural_baseline_lambda_s_0,4,12,nutrition_or_diet_guidance,284
neural_baseline_lambda_s_0,4,12,teaching_or_instruction,141
neural_baseline_lambda_s_0,4,12,mind_body_practice,66
neural_baseline_lambda_s_0,4,12,visual_art_practice,51
neural_baseline_lambda_s_0,4,12,clinical_care,38
neural_baseline_lambda_s_0,4,12,design_work,17
neural_baseline_lambda_s_0,4,12,nursing_care,7
neural_baseline_lambda_s_0,4,12,dental_or_oral_health,4
neural_baseline_lambda_s_0,4,12,legal_or_regulatory_work,1
neural_baseline_lambda_s_0,4,13,technical_or_engineering_work,1065
neural_baseline_lambda_s_0,4,13,camera_or_photography_work,283
neural_baseline_lambda_s_0,4,13,therapy_or_counseling,275
neural_baseline_lambda_s_0,4,13,design_work,113
neural_baseline_lambda_s_0,4,13,visual_art_practice,59
neural_baseline_lambda_s_0,4,13,mind_body_practice,57
neural_baseline_lambda_s_0,4,13,fitness_instruction,45
neural_baseline_lambda_s_0,4,13,media_or_publishing_work,37
neural_baseline_lambda_s_0,4,13,nutrition_or_diet_guidance,23
neural_baseline_lambda_s_0,4,13,comedy_or_stage_performance,20
neural_baseline_lambda_s_0,4,13,medical_training,9
neural_baseline_lambda_s_0,4,13,male_pronouns,5
neural_baseline_lambda_s_0,4,13,legal_or_regulatory_work,4
neural_baseline_lambda_s_0,4,13,surgical_work,2
neural_baseline_lambda_s_0,4,13,teaching_or_instruction,2
neural_baseline_lambda_s_0,4,13,literary_writing,1
neural_baseline_lambda_s_0,4,14,comedy_or_stage_performance,687
neural_baseline_lambda_s_0,4,14,mind_body_practice,304
neural_baseline_lambda_s_0,4,14,design_work,274
neural_baseline_lambda_s_0,4,14,dental_or_oral_health,248
neural_baseline_lambda_s_0,4,14,media_or_publishing_work,196
neural_baseline_lambda_s_0,4,14,therapy_or_counseling,147
neural_baseline_lambda_s_0,4,14,surgical_work,48
neural_baseline_lambda_s_0,4,14,education_or_academic_work,34
neural_baseline_lambda_s_0,4,14,teaching_or_instruction,28
neural_baseline_lambda_s_0,4,14,technical_or_engineering_work,21
neural_baseline_lambda_s_0,4,14,visual_art_practice,4
neural_baseline_lambda_s_0,4,14,nursing_care,3
neural_baseline_lambda_s_0,4,14,male_pronouns,2
neural_baseline_lambda_s_0,4,14,camera_or_photography_work,1
neural_baseline_lambda_s_0,4,14,fitness_instruction,1
neural_baseline_lambda_s_0,4,14,medical_training,1
neural_baseline_lambda_s_0,4,14,parent_role_mentions,1
neural_baseline_lambda_s_0,4,15,music_composition,484
neural_baseline_lambda_s_0,4,15,teaching_or_instruction,273
neural_baseline_lambda_s_0,4,15,media_or_publishing_work,256
neural_baseline_lambda_s_0,4,15,nutrition_or_diet_guidance,222
neural_baseline_lambda_s_0,4,15,nursing_care,198
neural_baseline_lambda_s_0,4,15,technical_or_engineering_work,194
neural_baseline_lambda_s_0,4,15,parent_role_mentions,124
neural_baseline_lambda_s_0,4,15,dental_or_oral_health,78
neural_baseline_lambda_s_0,4,15,visual_art_practice,50
neural_baseline_lambda_s_0,4,15,fitness_instruction,45
neural_baseline_lambda_s_0,4,15,education_or_academic_work,39
neural_baseline_lambda_s_0,4,15,therapy_or_counseling,20
neural_baseline_lambda_s_0,4,15,surgical_work,10
neural_baseline_lambda_s_0,4,15,comedy_or_stage_performance,5
neural_baseline_lambda_s_0,4,15,live_music_or_recording,1
neural_baseline_lambda_s_0,4,15,medical_training,1
neural_baseline_lambda_s_0,4,16,media_or_publishing_work,552
neural_baseline_lambda_s_0,4,16,teaching_or_instruction,372
neural_baseline_lambda_s_0,4,16,technical_or_engineering_work,367
neural_baseline_lambda_s_0,4,16,music_composition,210
neural_baseline_lambda_s_0,4,16,fitness_instruction,118
neural_baseline_lambda_s_0,4,16,nursing_care,107
neural_baseline_lambda_s_0,4,16,education_or_academic_work,86
neural_baseline_lambda_s_0,4,16,dental_or_oral_health,48
neural_baseline_lambda_s_0,4,16,therapy_or_counseling,36
neural_baseline_lambda_s_0,4,16,comedy_or_stage_performance,27
neural_baseline_lambda_s_0,4,16,live_music_or_recording,20
neural_baseline_lambda_s_0,4,16,nutrition_or_diet_guidance,19
neural_baseline_lambda_s_0,4,16,medical_training,9
neural_baseline_lambda_s_0,4,16,visual_art_practice,8
neural_baseline_lambda_s_0,4,16,literary_writing,7
neural_baseline_lambda_s_0,4,16,mind_body_practice,6
neural_baseline_lambda_s_0,4,16,parent_role_mentions,6
neural_baseline_lambda_s_0,4,16,software_development,2
neural_baseline_lambda_s_0,4,17,teaching_or_instruction,471
neural_baseline_lambda_s_0,4,17,building_or_spatial_design,465
neural_baseline_lambda_s_0,4,17,media_or_publishing_work,255
neural_baseline_lambda_s_0,4,17,comedy_or_stage_performance,193
neural_baseline_lambda_s_0,4,17,mind_body_practice,128
neural_baseline_lambda_s_0,4,17,medical_training,101
neural_baseline_lambda_s_0,4,17,education_or_academic_work,83
neural_baseline_lambda_s_0,4,17,female_gendered_titles,82
neural_baseline_lambda_s_0,4,17,parent_role_mentions,68
neural_baseline_lambda_s_0,4,17,fitness_instruction,66
neural_baseline_lambda_s_0,4,17,software_development,30
neural_baseline_lambda_s_0,4,17,music_composition,13
neural_baseline_lambda_s_0,4,17,therapy_or_counseling,12
neural_baseline_lambda_s_0,4,17,technical_or_engineering_work,8
neural_baseline_lambda_s_0,4,17,surgical_work,6
neural_baseline_lambda_s_0,4,17,visual_art_practice,6
neural_baseline_lambda_s_0,4,17,live_music_or_recording,4
neural_baseline_lambda_s_0,4,17,nutrition_or_diet_guidance,4
neural_baseline_lambda_s_0,4,17,literary_writing,3
neural_baseline_lambda_s_0,4,17,dental_or_oral_health,1
neural_baseline_lambda_s_0,4,17,design_work,1
neural_baseline_lambda_s_0,4,18,teaching_or_instruction,667
neural_baseline_lambda_s_0,4,18,media_or_publishing_work,356
neural_baseline_lambda_s_0,4,18,software_development,340
neural_baseline_lambda_s_0,4,18,female_gendered_titles,258
neural_baseline_lambda_s_0,4,18,medical_training,60
neural_baseline_lambda_s_0,4,18,education_or_academic_work,56
neural_baseline_lambda_s_0,4,18,literary_writing,50
neural_baseline_lambda_s_0,4,18,celebrity_or_public_attention,48
neural_baseline_lambda_s_0,4,18,live_music_or_recording,34
neural_baseline_lambda_s_0,4,18,comedy_or_stage_performance,32
neural_baseline_lambda_s_0,4,18,fitness_instruction,18
neural_baseline_lambda_s_0,4,18,visual_art_practice,17
neural_baseline_lambda_s_0,4,18,parent_role_mentions,15
neural_baseline_lambda_s_0,4,18,fashion_or_modeling_work,9
neural_baseline_lambda_s_0,4,18,technical_or_engineering_work,9
neural_baseline_lambda_s_0,4,18,therapy_or_counseling,7
neural_baseline_lambda_s_0,4,18,film_or_video_production,5
neural_baseline_lambda_s_0,4,18,building_or_spatial_design,4
neural_baseline_lambda_s_0,4,18,music_composition,4
neural_baseline_lambda_s_0,4,18,nutrition_or_diet_guidance,3
neural_baseline_lambda_s_0,4,18,dental_or_oral_health,2
neural_baseline_lambda_s_0,4,18,financial_or_accounting_work,2
neural_baseline_lambda_s_0,4,18,legal_or_regulatory_work,1
neural_baseline_lambda_s_0,4,18,manual_body_treatment,1
neural_baseline_lambda_s_0,4,18,mind_body_practice,1
neural_baseline_lambda_s_0,4,18,nursing_care,1
neural_baseline_lambda_s_0,4,19,education_or_academic_work,610
neural_baseline_lambda_s_0,4,19,fashion_or_modeling_work,220
neural_baseline_lambda_s_0,4,19,financial_or_accounting_work,198
neural_baseline_lambda_s_0,4,19,dental_or_oral_health,184
neural_baseline_lambda_s_0,4,19,media_or_publishing_work,118
neural_baseline_lambda_s_0,4,19,software_development,106
neural_baseline_lambda_s_0,4,19,female_gendered_titles,87
neural_baseline_lambda_s_0,4,19,celebrity_or_public_attention,76
neural_baseline_lambda_s_0,4,19,technical_or_engineering_work,75
neural_baseline_lambda_s_0,4,19,literary_writing,74
neural_baseline_lambda_s_0,4,19,comedy_or_stage_performance,69
neural_baseline_lambda_s_0,4,19,nutrition_or_diet_guidance,54
neural_baseline_lambda_s_0,4,19,mind_body_practice,47
neural_baseline_lambda_s_0,4,19,fitness_instruction,16
neural_baseline_lambda_s_0,4,19,medical_training,16
neural_baseline_lambda_s_0,4,19,live_music_or_recording,15
neural_baseline_lambda_s_0,4,19,teaching_or_instruction,15
neural_baseline_lambda_s_0,4,19,building_or_spatial_design,6
neural_baseline_lambda_s_0,4,19,film_or_video_production,5
neural_baseline_lambda_s_0,4,19,parent_role_mentions,5
neural_baseline_lambda_s_0,4,19,therapy_or_counseling,2
neural_baseline_lambda_s_0,4,19,advanced_degree_or_training,1
neural_baseline_lambda_s_0,4,19,manual_body_treatment,1
neural_baseline_lambda_s_0,4,20,software_development,470
neural_baseline_lambda_s_0,4,20,mind_body_practice,290
neural_baseline_lambda_s_0,4,20,fashion_or_modeling_work,201
neural_baseline_lambda_s_0,4,20,education_or_academic_work,167
neural_baseline_lambda_s_0,4,20,business_or_management_education,124
neural_baseline_lambda_s_0,4,20,management_or_leadership,121
neural_baseline_lambda_s_0,4,20,fitness_instruction,110
neural_baseline_lambda_s_0,4,20,technical_or_engineering_work,92
neural_baseline_lambda_s_0,4,20,building_or_spatial_design,69
neural_baseline_lambda_s_0,4,20,parent_role_mentions,60
neural_baseline_lambda_s_0,4,20,comedy_or_stage_performance,58
neural_baseline_lambda_s_0,4,20,financial_or_accounting_work,56
neural_baseline_lambda_s_0,4,20,manual_body_treatment,39
neural_baseline_lambda_s_0,4,20,female_gendered_titles,37
neural_baseline_lambda_s_0,4,20,interior_or_decorative_design,24
neural_baseline_lambda_s_0,4,20,media_or_publishing_work,23
neural_baseline_lambda_s_0,4,20,literary_writing,20
neural_baseline_lambda_s_0,4,20,medical_training,12
neural_baseline_lambda_s_0,4,20,therapy_or_counseling,11
neural_baseline_lambda_s_0,4,20,nutrition_or_diet_guidance,5
neural_baseline_lambda_s_0,4,20,dental_or_oral_health,3
neural_baseline_lambda_s_0,4,20,surgical_work,2
neural_baseline_lambda_s_0,4,20,teaching_or_instruction,2
neural_baseline_lambda_s_0,4,20,camera_or_photography_work,1
neural_baseline_lambda_s_0,4,20,celebrity_or_public_attention,1
neural_baseline_lambda_s_0,4,20,film_or_video_production,1
neural_baseline_lambda_s_0,4,20,legal_or_regulatory_work,1
neural_claq_lambda_s_0_4,0,1,creative_or_artistic_work,2000
neural_claq_lambda_s_0_4,0,2,health_or_wellness_work,1282
neural_claq_lambda_s_0_4,0,2,live_music_or_recording,718
neural_claq_lambda_s_0_4,0,3,visual_art_practice,718
neural_claq_lambda_s_0_4,0,3,legal_or_regulatory_work,692
neural_claq_lambda_s_0_4,0,3,mind_body_practice,590
neural_claq_lambda_s_0_4,0,4,literary_writing,718
neural_claq_lambda_s_0_4,0,4,technical_or_engineering_work,692
neural_claq_lambda_s_0_4,0,4,clinical_care,590
neural_claq_lambda_s_0_4,0,5,design_work,1077
neural_claq_lambda_s_0_4,0,5,dental_or_oral_health,396
neural_claq_lambda_s_0_4,0,5,film_or_video_production,333
neural_claq_lambda_s_0_4,0,5,nutrition_or_diet_guidance,194
neural_claq_lambda_s_0_4,0,6,clinical_care,692
neural_claq_lambda_s_0_4,0,6,nursing_care,397
neural_claq_lambda_s_0_4,0,6,film_or_video_production,385
neural_claq_lambda_s_0_4,0,6,design_work,333
neural_claq_lambda_s_0_4,0,6,legal_or_regulatory_work,193
neural_claq_lambda_s_0_4,0,7,health_or_wellness_work,718
neural_claq_lambda_s_0_4,0,7,visual_art_practice,683
neural_claq_lambda_s_0_4,0,7,nutrition_or_diet_guidance,396
neural_claq_lambda_s_0_4,0,7,dental_or_oral_health,167
neural_claq_lambda_s_0_4,0,7,nursing_care,35
neural_claq_lambda_s_0_4,0,7,legal_or_regulatory_work,1
neural_claq_lambda_s_0_4,0,8,legal_or_regulatory_work,1102
neural_claq_lambda_s_0_4,0,8,live_music_or_recording,683
neural_claq_lambda_s_0_4,0,8,nursing_care,167
neural_claq_lambda_s_0_4,0,8,dental_or_oral_health,36
neural_claq_lambda_s_0_4,0,8,clinical_care,12
neural_claq_lambda_s_0_4,0,9,technical_or_engineering_work,1296
neural_claq_lambda_s_0_4,0,9,mind_body_practice,699
neural_claq_lambda_s_0_4,0,9,nutrition_or_diet_guidance,3
neural_claq_lambda_s_0_4,0,9,dental_or_oral_health,2
neural_claq_lambda_s_0_4,0,10,clinical_care,706
neural_claq_lambda_s_0_4,0,10,film_or_video_production,683
neural_claq_lambda_s_0_4,0,10,design_work,585
neural_claq_lambda_s_0_4,0,10,legal_or_regulatory_work,9
neural_claq_lambda_s_0_4,0,10,nutrition_or_diet_guidance,6
neural_claq_lambda_s_0_4,0,10,education_or_academic_work,5
neural_claq_lambda_s_0_4,0,10,mind_body_practice,3
neural_claq_lambda_s_0_4,0,10,nursing_care,2
neural_claq_lambda_s_0_4,0,10,camera_or_photography_work,1
neural_claq_lambda_s_0_4,0,11,camera_or_photography_work,711
neural_claq_lambda_s_0_4,0,11,literary_writing,683
neural_claq_lambda_s_0_4,0,11,education_or_academic_work,585
neural_claq_lambda_s_0_4,0,11,visual_art_practice,9
neural_claq_lambda_s_0_4,0,11,nutrition_or_diet_guidance,6
neural_claq_lambda_s_0_4,0,11,design_work,5
neural_claq_lambda_s_0_4,0,11,technical_or_engineering_work,1
neural_claq_lambda_s_0_4,0,12,mind_body_practice,708
neural_claq_lambda_s_0_4,0,12,nutrition_or_diet_guidance,688
neural_claq_lambda_s_0_4,0,12,female_pronouns,396
neural_claq_lambda_s_0_4,0,12,teaching_or_instruction,194
neural_claq_lambda_s_0_4,0,12,live_music_or_recording,9
neural_claq_lambda_s_0_4,0,12,camera_or_photography_work,4
neural_claq_lambda_s_0_4,0,12,legal_or_regulatory_work,1
neural_claq_lambda_s_0_4,0,13,dental_or_oral_health,667
neural_claq_lambda_s_0_4,0,13,media_or_publishing_work,666
neural_claq_lambda_s_0_4,0,13,medical_training,373
neural_claq_lambda_s_0_4,0,13,female_pronouns,84
neural_claq_lambda_s_0_4,0,13,visual_art_practice,79
neural_claq_lambda_s_0_4,0,13,male_pronouns,54
neural_claq_lambda_s_0_4,0,13,building_or_spatial_design,46
neural_claq_lambda_s_0_4,0,13,music_composition,17
neural_claq_lambda_s_0_4,0,13,film_or_video_production,6
neural_claq_lambda_s_0_4,0,13,manual_body_treatment,4
neural_claq_lambda_s_0_4,0,13,technical_or_engineering_work,3
neural_claq_lambda_s_0_4,0,13,nutrition_or_diet_guidance,1
neural_claq_lambda_s_0_4,0,14,media_or_publishing_work,748
neural_claq_lambda_s_0_4,0,14,male_pronouns,425
neural_claq_lambda_s_0_4,0,14,music_composition,378
neural_claq_lambda_s_0_4,0,14,building_or_spatial_design,160
neural_claq_lambda_s_0_4,0,14,education_or_academic_work,158
neural_claq_lambda_s_0_4,0,14,medical_training,52
neural_claq_lambda_s_0_4,0,14,visual_art_practice,34
neural_claq_lambda_s_0_4,0,14,female_pronouns,19
neural_claq_lambda_s_0_4,0,14,dental_or_oral_health,14
neural_claq_lambda_s_0_4,0,14,camera_or_photography_work,6
neural_claq_lambda_s_0_4,0,14,teaching_or_instruction,3
neural_claq_lambda_s_0_4,0,14,live_music_or_recording,2
neural_claq_lambda_s_0_4,0,14,comedy_or_stage_performance,1
neural_claq_lambda_s_0_4,0,15,public_speaking_or_events,537
neural_claq_lambda_s_0_4,0,15,building_or_spatial_design,347
neural_claq_lambda_s_0_4,0,15,teaching_or_instruction,313
neural_claq_lambda_s_0_4,0,15,music_composition,237
neural_claq_lambda_s_0_4,0,15,nursing_care,133
neural_claq_lambda_s_0_4,0,15,live_music_or_recording,80
neural_claq_lambda_s_0_4,0,15,visual_art_practice,66
neural_claq_lambda_s_0_4,0,15,female_pronouns,64
neural_claq_lambda_s_0_4,0,15,media_or_publishing_work,49
neural_claq_lambda_s_0_4,0,15,education_or_academic_work,40
neural_claq_lambda_s_0_4,0,15,medical_training,37
neural_claq_lambda_s_0_4,0,15,software_development,37
neural_claq_lambda_s_0_4,0,15,male_pronouns,32
neural_claq_lambda_s_0_4,0,15,camera_or_photography_work,7
neural_claq_lambda_s_0_4,0,15,dental_or_oral_health,6
neural_claq_lambda_s_0_4,0,15,technical_or_engineering_work,6
neural_claq_lambda_s_0_4,0,15,film_or_video_production,3
neural_claq_lambda_s_0_4,0,15,comedy_or_stage_performance,2
neural_claq_lambda_s_0_4,0,15,legal_or_regulatory_work,2
neural_claq_lambda_s_0_4,0,15,business_or_client_service,1
neural_claq_lambda_s_0_4,0,15,manual_body_treatment,1
neural_claq_lambda_s_0_4,0,16,camera_or_photography_work,534
neural_claq_lambda_s_0_4,0,16,education_or_academic_work,489
neural_claq_lambda_s_0_4,0,16,visual_art_practice,165
neural_claq_lambda_s_0_4,0,16,building_or_spatial_design,152
neural_claq_lambda_s_0_4,0,16,comedy_or_stage_performance,120
neural_claq_lambda_s_0_4,0,16,surgical_work,110
neural_claq_lambda_s_0_4,0,16,media_or_publishing_work,91
neural_claq_lambda_s_0_4,0,16,teaching_or_instruction,74
neural_claq_lambda_s_0_4,0,16,medical_training,54
neural_claq_lambda_s_0_4,0,16,male_pronouns,43
neural_claq_lambda_s_0_4,0,16,reporting_or_news_work,40
neural_claq_lambda_s_0_4,0,16,music_composition,35
neural_claq_lambda_s_0_4,0,16,live_music_or_recording,30
neural_claq_lambda_s_0_4,0,16,female_pronouns,29
neural_claq_lambda_s_0_4,0,16,public_speaking_or_events,13
neural_claq_lambda_s_0_4,0,16,software_development,11
neural_claq_lambda_s_0_4,0,16,gendered_organization_or_award,4
neural_claq_lambda_s_0_4,0,16,nursing_care,4
neural_claq_lambda_s_0_4,0,16,parent_role_mentions,2
neural_claq_lambda_s_0_4,0,17,nursing_care,474
neural_claq_lambda_s_0_4,0,17,software_development,339
neural_claq_lambda_s_0_4,0,17,reporting_or_news_work,290
neural_claq_lambda_s_0_4,0,17,camera_or_photography_work,136
neural_claq_lambda_s_0_4,0,17,surgical_work,125
neural_claq_lambda_s_0_4,0,17,media_or_publishing_work,119
neural_claq_lambda_s_0_4,0,17,comedy_or_stage_performance,93
neural_claq_lambda_s_0_4,0,17,parent_role_mentions,82
neural_claq_lambda_s_0_4,0,17,live_music_or_recording,81
neural_claq_lambda_s_0_4,0,17,visual_art_practice,64
neural_claq_lambda_s_0_4,0,17,gendered_organization_or_award,45
neural_claq_lambda_s_0_4,0,17,medical_training,42
neural_claq_lambda_s_0_4,0,17,male_pronouns,40
neural_claq_lambda_s_0_4,0,17,music_composition,38
neural_claq_lambda_s_0_4,0,17,teaching_or_instruction,15
neural_claq_lambda_s_0_4,0,17,education_or_academic_work,12
neural_claq_lambda_s_0_4,0,17,female_pronouns,3
neural_claq_lambda_s_0_4,0,17,public_speaking_or_events,2
neural_claq_lambda_s_0_4,0,18,software_development,983
neural_claq_lambda_s_0_4,0,18,comedy_or_stage_performance,323
neural_claq_lambda_s_0_4,0,18,surgical_work,136
neural_claq_lambda_s_0_4,0,18,reporting_or_news_work,135
neural_claq_lambda_s_0_4,0,18,media_or_publishing_work,99
neural_claq_lambda_s_0_4,0,18,public_speaking_or_events,60
neural_claq_lambda_s_0_4,0,18,live_music_or_recording,53
neural_claq_lambda_s_0_4,0,18,visual_art_practice,44
neural_claq_lambda_s_0_4,0,18,medical_training,43
neural_claq_lambda_s_0_4,0,18,celebrity_or_public_attention,41
neural_claq_lambda_s_0_4,0,18,education_or_academic_work,40
neural_claq_lambda_s_0_4,0,18,gendered_organization_or_award,13
neural_claq_lambda_s_0_4,0,18,financial_or_accounting_work,11
neural_claq_lambda_s_0_4,0,18,literary_writing,7
neural_claq_lambda_s_0_4,0,18,male_pronouns,5
neural_claq_lambda_s_0_4,0,18,parent_role_mentions,3
neural_claq_lambda_s_0_4,0,18,spouse_or_partner_mentions,2
neural_claq_lambda_s_0_4,0,18,building_or_spatial_design,1
neural_claq_lambda_s_0_4,0,18,female_pronouns,1
neural_claq_lambda_s_0_4,0,19,education_or_academic_work,456
neural_claq_lambda_s_0_4,0,19,software_development,278
neural_claq_lambda_s_0_4,0,19,reporting_or_news_work,257
neural_claq_lambda_s_0_4,0,19,public_speaking_or_events,178
neural_claq_lambda_s_0_4,0,19,comedy_or_stage_performance,157
neural_claq_lambda_s_0_4,0,19,media_or_publishing_work,151
neural_claq_lambda_s_0_4,0,19,gendered_organization_or_award,123
neural_claq_lambda_s_0_4,0,19,visual_art_practice,76
neural_claq_lambda_s_0_4,0,19,parent_role_mentions,62
neural_claq_lambda_s_0_4,0,19,medical_training,58
neural_claq_lambda_s_0_4,0,19,fashion_or_modeling_work,54
neural_claq_lambda_s_0_4,0,19,financial_or_accounting_work,48
neural_claq_lambda_s_0_4,0,19,scientific_or_lab_research,37
neural_claq_lambda_s_0_4,0,19,surgical_work,27
neural_claq_lambda_s_0_4,0,19,nursing_care,15
neural_claq_lambda_s_0_4,0,19,building_or_spatial_design,6
neural_claq_lambda_s_0_4,0,19,female_pronouns,5
neural_claq_lambda_s_0_4,0,19,live_music_or_recording,3
neural_claq_lambda_s_0_4,0,19,celebrity_or_public_attention,2
neural_claq_lambda_s_0_4,0,19,child_or_family_care_mentions,2
neural_claq_lambda_s_0_4,0,19,male_pronouns,2
neural_claq_lambda_s_0_4,0,19,dental_or_oral_health,1
neural_claq_lambda_s_0_4,0,19,legal_practice,1
neural_claq_lambda_s_0_4,0,19,music_composition,1
neural_claq_lambda_s_0_4,0,20,reporting_or_news_work,586
neural_claq_lambda_s_0_4,0,20,gendered_organization_or_award,573
neural_claq_lambda_s_0_4,0,20,scientific_or_lab_research,185
neural_claq_lambda_s_0_4,0,20,software_development,131
neural_claq_lambda_s_0_4,0,20,parent_role_mentions,88
neural_claq_lambda_s_0_4,0,20,media_or_publishing_work,66
neural_claq_lambda_s_0_4,0,20,visual_art_practice,62
neural_claq_lambda_s_0_4,0,20,financial_or_accounting_work,51
neural_claq_lambda_s_0_4,0,20,surgical_work,51
neural_claq_lambda_s_0_4,0,20,university_affiliation,43
neural_claq_lambda_s_0_4,0,20,public_speaking_or_events,40
neural_claq_lambda_s_0_4,0,20,celebrity_or_public_attention,38
neural_claq_lambda_s_0_4,0,20,fitness_instruction,37
neural_claq_lambda_s_0_4,0,20,comedy_or_stage_performance,16
neural_claq_lambda_s_0_4,0,20,fashion_or_modeling_work,8
neural_claq_lambda_s_0_4,0,20,literary_writing,7
neural_claq_lambda_s_0_4,0,20,education_or_academic_work,5
neural_claq_lambda_s_0_4,0,20,legal_practice,5
neural_claq_lambda_s_0_4,0,20,nursing_care,3
neural_claq_lambda_s_0_4,0,20,technical_or_engineering_work,2
neural_claq_lambda_s_0_4,0,20,medical_training,1
neural_claq_lambda_s_0_4,0,20,religious_ministry,1
neural_claq_lambda_s_0_4,0,20,spouse_or_partner_mentions,1
neural_claq_lambda_s_0_4,1,1,health_or_wellness_work,2000
neural_claq_lambda_s_0_4,1,2,creative_or_artistic_work,1398
neural_claq_lambda_s_0_4,1,2,clinical_care,602
neural_claq_lambda_s_0_4,1,3,visual_art_practice,706
neural_claq_lambda_s_0_4,1,3,legal_or_regulatory_work,692
neural_claq_lambda_s_0_4,1,3,nursing_care,398
neural_claq_lambda_s_0_4,1,3,dental_or_oral_health,204
neural_claq_lambda_s_0_4,1,4,design_work,1283
neural_claq_lambda_s_0_4,1,4,dental_or_oral_health,398
neural_claq_lambda_s_0_4,1,4,nursing_care,204
neural_claq_lambda_s_0_4,1,4,camera_or_photography_work,115
neural_claq_lambda_s_0_4,1,5,clinical_care,692
neural_claq_lambda_s_0_4,1,5,literary_writing,642
neural_claq_lambda_s_0_4,1,5,nutrition_or_diet_guidance,398
neural_claq_lambda_s_0_4,1,5,creative_or_artistic_work,204
neural_claq_lambda_s_0_4,1,5,design_work,64
neural_claq_lambda_s_0_4,1,6,visual_art_practice,693
neural_claq_lambda_s_0_4,1,6,live_music_or_recording,591
neural_claq_lambda_s_0_4,1,6,creative_or_artistic_work,398
neural_claq_lambda_s_0_4,1,6,legal_or_regulatory_work,194
neural_claq_lambda_s_0_4,1,6,literary_writing,64
neural_claq_lambda_s_0_4,1,6,film_or_video_production,51
neural_claq_lambda_s_0_4,1,6,nursing_care,9
neural_claq_lambda_s_0_4,1,7,live_music_or_recording,683
neural_claq_lambda_s_0_4,1,7,film_or_video_production,655
neural_claq_lambda_s_0_4,1,7,mind_body_practice,396
neural_claq_lambda_s_0_4,1,7,nutrition_or_diet_guidance,194
neural_claq_lambda_s_0_4,1,7,design_work,51
neural_claq_lambda_s_0_4,1,7,dental_or_oral_health,9
neural_claq_lambda_s_0_4,1,7,literary_writing,9
neural_claq_lambda_s_0_4,1,7,camera_or_photography_work,3
neural_claq_lambda_s_0_4,1,8,literary_writing,684
neural_claq_lambda_s_0_4,1,8,camera_or_photography_work,591
neural_claq_lambda_s_0_4,1,8,surgical_work,398
neural_claq_lambda_s_0_4,1,8,mind_body_practice,194
neural_claq_lambda_s_0_4,1,8,live_music_or_recording,115
neural_claq_lambda_s_0_4,1,8,design_work,9
neural_claq_lambda_s_0_4,1,8,nutrition_or_diet_guidance,9
neural_claq_lambda_s_0_4,1,9,legal_or_regulatory_work,1102
neural_claq_lambda_s_0_4,1,9,camera_or_photography_work,683
neural_claq_lambda_s_0_4,1,9,design_work,194
neural_claq_lambda_s_0_4,1,9,mind_body_practice,11
neural_claq_lambda_s_0_4,1,9,live_music_or_recording,9
neural_claq_lambda_s_0_4,1,9,film_or_video_production,1
neural_claq_lambda_s_0_4,1,10,clinical_care,706
neural_claq_lambda_s_0_4,1,10,film_or_video_production,692
neural_claq_lambda_s_0_4,1,10,medical_training,396
neural_claq_lambda_s_0_4,1,10,surgical_work,203
neural_claq_lambda_s_0_4,1,10,design_work,3
neural_claq_lambda_s_0_4,1,11,technical_or_engineering_work,1045
neural_claq_lambda_s_0_4,1,11,fashion_or_modeling_work,344
neural_claq_lambda_s_0_4,1,11,medical_training,205
neural_claq_lambda_s_0_4,1,11,design_work,173
neural_claq_lambda_s_0_4,1,11,therapy_or_counseling,116
neural_claq_lambda_s_0_4,1,11,camera_or_photography_work,93
neural_claq_lambda_s_0_4,1,11,fitness_instruction,23
neural_claq_lambda_s_0_4,1,11,live_music_or_recording,1
neural_claq_lambda_s_0_4,1,12,online_public_presence,656
neural_claq_lambda_s_0_4,1,12,fitness_instruction,486
neural_claq_lambda_s_0_4,1,12,fashion_or_modeling_work,360
neural_claq_lambda_s_0_4,1,12,technical_or_engineering_work,229
neural_claq_lambda_s_0_4,1,12,nutrition_or_diet_guidance,136
neural_claq_lambda_s_0_4,1,12,therapy_or_counseling,82
neural_claq_lambda_s_0_4,1,12,design_work,26
neural_claq_lambda_s_0_4,1,12,legal_or_regulatory_work,9
neural_claq_lambda_s_0_4,1,12,media_or_publishing_work,5
neural_claq_lambda_s_0_4,1,12,camera_or_photography_work,3
neural_claq_lambda_s_0_4,1,12,visual_art_practice,3
neural_claq_lambda_s_0_4,1,12,education_or_academic_work,2
neural_claq_lambda_s_0_4,1,12,female_pronouns,2
neural_claq_lambda_s_0_4,1,12,literary_writing,1
neural_claq_lambda_s_0_4,1,13,online_public_presence,725
neural_claq_lambda_s_0_4,1,13,media_or_publishing_work,542
neural_claq_lambda_s_0_4,1,13,technical_or_engineering_work,211
neural_claq_lambda_s_0_4,1,13,therapy_or_counseling,195
neural_claq_lambda_s_0_4,1,13,design_work,114
neural_claq_lambda_s_0_4,1,13,camera_or_photography_work,93
neural_claq_lambda_s_0_4,1,13,female_pronouns,54
neural_claq_lambda_s_0_4,1,13,fitness_instruction,43
neural_claq_lambda_s_0_4,1,13,fashion_or_modeling_work,11
neural_claq_lambda_s_0_4,1,13,education_or_academic_work,6
neural_claq_lambda_s_0_4,1,13,live_music_or_recording,3
neural_claq_lambda_s_0_4,1,13,nutrition_or_diet_guidance,1
neural_claq_lambda_s_0_4,1,13,surgical_work,1
neural_claq_lambda_s_0_4,1,13,visual_art_practice,1
neural_claq_lambda_s_0_4,1,14,education_or_academic_work,1053
neural_claq_lambda_s_0_4,1,14,camera_or_photography_work,298
neural_claq_lambda_s_0_4,1,14,nursing_care,169
neural_claq_lambda_s_0_4,1,14,fashion_or_modeling_work,127
neural_claq_lambda_s_0_4,1,14,technical_or_engineering_work,98
neural_claq_lambda_s_0_4,1,14,design_work,83
neural_claq_lambda_s_0_4,1,14,female_pronouns,63
neural_claq_lambda_s_0_4,1,14,fitness_instruction,44
neural_claq_lambda_s_0_4,1,14,nutrition_or_diet_guidance,37
neural_claq_lambda_s_0_4,1,14,therapy_or_counseling,10
neural_claq_lambda_s_0_4,1,14,surgical_work,9
neural_claq_lambda_s_0_4,1,14,literary_writing,4
neural_claq_lambda_s_0_4,1,14,online_public_presence,3
neural_claq_lambda_s_0_4,1,14,media_or_publishing_work,2
neural_claq_lambda_s_0_4,1,15,media_or_publishing_work,571
neural_claq_lambda_s_0_4,1,15,fashion_or_modeling_work,395
neural_claq_lambda_s_0_4,1,15,female_pronouns,292
neural_claq_lambda_s_0_4,1,15,nutrition_or_diet_guidance,207
neural_claq_lambda_s_0_4,1,15,nursing_care,175
neural_claq_lambda_s_0_4,1,15,camera_or_photography_work,116
neural_claq_lambda_s_0_4,1,15,building_or_spatial_design,75
neural_claq_lambda_s_0_4,1,15,organizational_role_or_administration,71
neural_claq_lambda_s_0_4,1,15,education_or_academic_work,45
neural_claq_lambda_s_0_4,1,15,business_or_client_service,42
neural_claq_lambda_s_0_4,1,15,comedy_or_stage_performance,6
neural_claq_lambda_s_0_4,1,15,online_public_presence,3
neural_claq_lambda_s_0_4,1,15,live_music_or_recording,2
neural_claq_lambda_s_0_4,1,16,organizational_role_or_administration,602
neural_claq_lambda_s_0_4,1,16,fashion_or_modeling_work,529
neural_claq_lambda_s_0_4,1,16,media_or_publishing_work,281
neural_claq_lambda_s_0_4,1,16,nutrition_or_diet_guidance,216
neural_claq_lambda_s_0_4,1,16,female_pronouns,124
neural_claq_lambda_s_0_4,1,16,education_or_academic_work,83
neural_claq_lambda_s_0_4,1,16,business_or_client_service,74
neural_claq_lambda_s_0_4,1,16,building_or_spatial_design,55
neural_claq_lambda_s_0_4,1,16,nursing_care,19
neural_claq_lambda_s_0_4,1,16,technical_or_engineering_work,5
neural_claq_lambda_s_0_4,1,16,camera_or_photography_work,3
neural_claq_lambda_s_0_4,1,16,management_or_leadership,3
neural_claq_lambda_s_0_4,1,16,therapy_or_counseling,3
neural_claq_lambda_s_0_4,1,16,online_public_presence,2
neural_claq_lambda_s_0_4,1,16,visual_art_practice,1
neural_claq_lambda_s_0_4,1,17,management_or_leadership,516
neural_claq_lambda_s_0_4,1,17,teaching_or_instruction,392
neural_claq_lambda_s_0_4,1,17,fashion_or_modeling_work,231
neural_claq_lambda_s_0_4,1,17,organizational_role_or_administration,223
neural_claq_lambda_s_0_4,1,17,education_or_academic_work,137
neural_claq_lambda_s_0_4,1,17,mind_body_practice,134
neural_claq_lambda_s_0_4,1,17,building_or_spatial_design,121
neural_claq_lambda_s_0_4,1,17,media_or_publishing_work,70
neural_claq_lambda_s_0_4,1,17,financial_or_accounting_work,45
neural_claq_lambda_s_0_4,1,17,spouse_or_partner_mentions,40
neural_claq_lambda_s_0_4,1,17,female_pronouns,38
neural_claq_lambda_s_0_4,1,17,software_development,16
neural_claq_lambda_s_0_4,1,17,nursing_care,12
neural_claq_lambda_s_0_4,1,17,technical_or_engineering_work,10
neural_claq_lambda_s_0_4,1,17,nutrition_or_diet_guidance,5
neural_claq_lambda_s_0_4,1,17,visual_art_practice,3
neural_claq_lambda_s_0_4,1,17,fitness_instruction,2
neural_claq_lambda_s_0_4,1,17,online_public_presence,2
neural_claq_lambda_s_0_4,1,17,business_or_client_service,1
neural_claq_lambda_s_0_4,1,17,comedy_or_stage_performance,1
neural_claq_lambda_s_0_4,1,17,male_pronouns,1
neural_claq_lambda_s_0_4,1,18,building_or_spatial_design,295
neural_claq_lambda_s_0_4,1,18,management_or_leadership,223
neural_claq_lambda_s_0_4,1,18,female_pronouns,207
neural_claq_lambda_s_0_4,1,18,mind_body_practice,201
neural_claq_lambda_s_0_4,1,18,technical_or_engineering_work,189
neural_claq_lambda_s_0_4,1,18,comedy_or_stage_performance,171
neural_claq_lambda_s_0_4,1,18,male_pronouns,123
neural_claq_lambda_s_0_4,1,18,online_public_presence,87
neural_claq_lambda_s_0_4,1,18,scientific_or_lab_research,79
neural_claq_lambda_s_0_4,1,18,therapy_or_counseling,79
neural_claq_lambda_s_0_4,1,18,spouse_or_partner_mentions,70
neural_claq_lambda_s_0_4,1,18,fitness_instruction,64
neural_claq_lambda_s_0_4,1,18,organizational_role_or_administration,47
neural_claq_lambda_s_0_4,1,18,financial_or_accounting_work,43
neural_claq_lambda_s_0_4,1,18,software_development,39
neural_claq_lambda_s_0_4,1,18,teaching_or_instruction,38
neural_claq_lambda_s_0_4,1,18,nursing_care,30
neural_claq_lambda_s_0_4,1,18,education_or_academic_work,6
neural_claq_lambda_s_0_4,1,18,nutrition_or_diet_guidance,4
neural_claq_lambda_s_0_4,1,18,fashion_or_modeling_work,2
neural_claq_lambda_s_0_4,1,18,business_or_client_service,1
neural_claq_lambda_s_0_4,1,18,legal_or_regulatory_work,1
neural_claq_lambda_s_0_4,1,18,visual_art_practice,1
neural_claq_lambda_s_0_4,1,19,fitness_instruction,494
neural_claq_lambda_s_0_4,1,19,comedy_or_stage_performance,267
neural_claq_lambda_s_0_4,1,19,online_public_presence,204
neural_claq_lambda_s_0_4,1,19,scientific_or_lab_research,202
neural_claq_lambda_s_0_4,1,19,building_or_spatial_design,155
neural_claq_lambda_s_0_4,1,19,male_pronouns,119
neural_claq_lambda_s_0_4,1,19,financial_or_accounting_work,81
neural_claq_lambda_s_0_4,1,19,female_pronouns,67
neural_claq_lambda_s_0_4,1,19,business_or_client_service,65
neural_claq_lambda_s_0_4,1,19,education_or_academic_work,53
neural_claq_lambda_s_0_4,1,19,therapy_or_counseling,53
neural_claq_lambda_s_0_4,1,19,management_or_leadership,48
neural_claq_lambda_s_0_4,1,19,teaching_or_instruction,44
neural_claq_lambda_s_0_4,1,19,software_development,36
neural_claq_lambda_s_0_4,1,19,mind_body_practice,32
neural_claq_lambda_s_0_4,1,19,spouse_or_partner_mentions,28
neural_claq_lambda_s_0_4,1,19,nutrition_or_diet_guidance,23
neural_claq_lambda_s_0_4,1,19,organizational_role_or_administration,12
neural_claq_lambda_s_0_4,1,19,nursing_care,8
neural_claq_lambda_s_0_4,1,19,literary_writing,2
neural_claq_lambda_s_0_4,1,19,media_or_publishing_work,2
neural_claq_lambda_s_0_4,1,19,celebrity_or_public_attention,1
neural_claq_lambda_s_0_4,1,19,film_or_video_production,1
neural_claq_lambda_s_0_4,1,19,live_music_or_recording,1
neural_claq_lambda_s_0_4,1,19,public_speaking_or_events,1
neural_claq_lambda_s_0_4,1,19,technical_or_engineering_work,1
neural_claq_lambda_s_0_4,1,20,business_or_client_service,356
neural_claq_lambda_s_0_4,1,20,software_development,313
neural_claq_lambda_s_0_4,1,20,organizational_role_or_administration,262
neural_claq_lambda_s_0_4,1,20,female_pronouns,171
neural_claq_lambda_s_0_4,1,20,technical_or_engineering_work,124
neural_claq_lambda_s_0_4,1,20,scientific_or_lab_research,114
neural_claq_lambda_s_0_4,1,20,male_pronouns,108
neural_claq_lambda_s_0_4,1,20,online_public_presence,107
neural_claq_lambda_s_0_4,1,20,surgical_work,83
neural_claq_lambda_s_0_4,1,20,spouse_or_partner_mentions,74
neural_claq_lambda_s_0_4,1,20,reporting_or_news_work,65
neural_claq_lambda_s_0_4,1,20,therapy_or_counseling,63
neural_claq_lambda_s_0_4,1,20,fitness_instruction,43
neural_claq_lambda_s_0_4,1,20,mind_body_practice,23
neural_claq_lambda_s_0_4,1,20,teaching_or_instruction,22
neural_claq_lambda_s_0_4,1,20,management_or_leadership,20
neural_claq_lambda_s_0_4,1,20,financial_or_accounting_work,18
neural_claq_lambda_s_0_4,1,20,public_speaking_or_events,10
neural_claq_lambda_s_0_4,1,20,comedy_or_stage_performance,8
neural_claq_lambda_s_0_4,1,20,education_or_academic_work,7
neural_claq_lambda_s_0_4,1,20,media_or_publishing_work,4
neural_claq_lambda_s_0_4,1,20,building_or_spatial_design,2
neural_claq_lambda_s_0_4,1,20,fashion_or_modeling_work,1
neural_claq_lambda_s_0_4,1,20,legal_or_regulatory_work,1
neural_claq_lambda_s_0_4,1,20,nursing_care,1
neural_claq_lambda_s_0_4,2,1,health_or_wellness_work,2000
neural_claq_lambda_s_0_4,2,2,visual_art_practice,1398
neural_claq_lambda_s_0_4,2,2,clinical_care,602
neural_claq_lambda_s_0_4,2,3,creative_or_artistic_work,1398
neural_claq_lambda_s_0_4,2,3,dental_or_oral_health,398
neural_claq_lambda_s_0_4,2,3,nutrition_or_diet_guidance,204
neural_claq_lambda_s_0_4,2,4,film_or_video_production,706
neural_claq_lambda_s_0_4,2,4,legal_or_regulatory_work,692
neural_claq_lambda_s_0_4,2,4,nursing_care,398
neural_claq_lambda_s_0_4,2,4,dental_or_oral_health,204
neural_claq_lambda_s_0_4,2,5,literary_writing,706
neural_claq_lambda_s_0_4,2,5,design_work,692
neural_claq_lambda_s_0_4,2,5,nutrition_or_diet_guidance,398
neural_claq_lambda_s_0_4,2,5,nursing_care,204
neural_claq_lambda_s_0_4,2,6,design_work,706
neural_claq_lambda_s_0_4,2,6,clinical_care,692
neural_claq_lambda_s_0_4,2,6,creative_or_artistic_work,602
neural_claq_lambda_s_0_4,2,7,live_music_or_recording,706
neural_claq_lambda_s_0_4,2,7,literary_writing,683
neural_claq_lambda_s_0_4,2,7,legal_or_regulatory_work,590
neural_claq_lambda_s_0_4,2,7,visual_art_practice,10
neural_claq_lambda_s_0_4,2,7,dental_or_oral_health,9
neural_claq_lambda_s_0_4,2,7,design_work,2
neural_claq_lambda_s_0_4,2,8,legal_or_regulatory_work,706
neural_claq_lambda_s_0_4,2,8,live_music_or_recording,683
neural_claq_lambda_s_0_4,2,8,mind_body_practice,398
neural_claq_lambda_s_0_4,2,8,design_work,204
neural_claq_lambda_s_0_4,2,8,nursing_care,9
neural_claq_lambda_s_0_4,2,9,clinical_care,706
neural_claq_lambda_s_0_4,2,9,film_or_video_production,683
neural_claq_lambda_s_0_4,2,9,medical_training,373
neural_claq_lambda_s_0_4,2,9,mind_body_practice,194
neural_claq_lambda_s_0_4,2,9,design_work,23
neural_claq_lambda_s_0_4,2,9,literary_writing,10
neural_claq_lambda_s_0_4,2,9,nutrition_or_diet_guidance,9
neural_claq_lambda_s_0_4,2,9,visual_art_practice,2
neural_claq_lambda_s_0_4,2,10,technical_or_engineering_work,1477
neural_claq_lambda_s_0_4,2,10,design_work,373
neural_claq_lambda_s_0_4,2,10,camera_or_photography_work,115
neural_claq_lambda_s_0_4,2,10,medical_training,25
neural_claq_lambda_s_0_4,2,10,film_or_video_production,10
neural_claq_lambda_s_0_4,2,11,camera_or_photography_work,1274
neural_claq_lambda_s_0_4,2,11,surgical_work,202
neural_claq_lambda_s_0_4,2,11,teaching_or_instruction,197
neural_claq_lambda_s_0_4,2,11,medical_training,191
neural_claq_lambda_s_0_4,2,11,technical_or_engineering_work,115
neural_claq_lambda_s_0_4,2,11,live_music_or_recording,10
neural_claq_lambda_s_0_4,2,11,mind_body_practice,9
neural_claq_lambda_s_0_4,2,11,literary_writing,2
neural_claq_lambda_s_0_4,2,12,software_development,718
neural_claq_lambda_s_0_4,2,12,financial_or_accounting_work,674
neural_claq_lambda_s_0_4,2,12,teaching_or_instruction,393
neural_claq_lambda_s_0_4,2,12,surgical_work,194
neural_claq_lambda_s_0_4,2,12,camera_or_photography_work,10
neural_claq_lambda_s_0_4,2,12,literary_writing,6
neural_claq_lambda_s_0_4,2,12,medical_training,3
neural_claq_lambda_s_0_4,2,12,live_music_or_recording,2
neural_claq_lambda_s_0_4,2,13,financial_or_accounting_work,685
neural_claq_lambda_s_0_4,2,13,software_development,680
neural_claq_lambda_s_0_4,2,13,mind_body_practice,228
neural_claq_lambda_s_0_4,2,13,therapy_or_counseling,205
neural_claq_lambda_s_0_4,2,13,female_pronouns,186
neural_claq_lambda_s_0_4,2,13,legal_or_regulatory_work,9
neural_claq_lambda_s_0_4,2,13,technical_or_engineering_work,5
neural_claq_lambda_s_0_4,2,13,film_or_video_production,2
neural_claq_lambda_s_0_4,2,14,media_or_publishing_work,709
neural_claq_lambda_s_0_4,2,14,mind_body_practice,462
neural_claq_lambda_s_0_4,2,14,financial_or_accounting_work,315
neural_claq_lambda_s_0_4,2,14,female_pronouns,207
neural_claq_lambda_s_0_4,2,14,software_development,194
neural_claq_lambda_s_0_4,2,14,technical_or_engineering_work,68
neural_claq_lambda_s_0_4,2,14,therapy_or_counseling,35
neural_claq_lambda_s_0_4,2,14,live_music_or_recording,6
neural_claq_lambda_s_0_4,2,14,literary_writing,3
neural_claq_lambda_s_0_4,2,14,fashion_or_modeling_work,1
neural_claq_lambda_s_0_4,2,15,building_or_spatial_design,704
neural_claq_lambda_s_0_4,2,15,media_or_publishing_work,680
neural_claq_lambda_s_0_4,2,15,manual_body_treatment,319
neural_claq_lambda_s_0_4,2,15,therapy_or_counseling,92
neural_claq_lambda_s_0_4,2,15,technical_or_engineering_work,91
neural_claq_lambda_s_0_4,2,15,fitness_instruction,77
neural_claq_lambda_s_0_4,2,15,financial_or_accounting_work,12
neural_claq_lambda_s_0_4,2,15,fashion_or_modeling_work,8
neural_claq_lambda_s_0_4,2,15,mind_body_practice,5
neural_claq_lambda_s_0_4,2,15,female_pronouns,4
neural_claq_lambda_s_0_4,2,15,medical_training,3
neural_claq_lambda_s_0_4,2,15,visual_art_practice,3
neural_claq_lambda_s_0_4,2,15,legal_or_regulatory_work,1
neural_claq_lambda_s_0_4,2,15,surgical_work,1
neural_claq_lambda_s_0_4,2,16,education_or_academic_work,813
neural_claq_lambda_s_0_4,2,16,building_or_spatial_design,514
neural_claq_lambda_s_0_4,2,16,fitness_instruction,125
neural_claq_lambda_s_0_4,2,16,manual_body_treatment,109
neural_claq_lambda_s_0_4,2,16,visual_art_practice,108
neural_claq_lambda_s_0_4,2,16,female_pronouns,82
neural_claq_lambda_s_0_4,2,16,financial_or_accounting_work,68
neural_claq_lambda_s_0_4,2,16,therapy_or_counseling,66
neural_claq_lambda_s_0_4,2,16,mind_body_practice,41
neural_claq_lambda_s_0_4,2,16,technical_or_engineering_work,33
neural_claq_lambda_s_0_4,2,16,comedy_or_stage_performance,14
neural_claq_lambda_s_0_4,2,16,camera_or_photography_work,8
neural_claq_lambda_s_0_4,2,16,gendered_organization_or_award,7
neural_claq_lambda_s_0_4,2,16,dental_or_oral_health,5
neural_claq_lambda_s_0_4,2,16,live_music_or_recording,3
neural_claq_lambda_s_0_4,2,16,music_composition,2
neural_claq_lambda_s_0_4,2,16,fashion_or_modeling_work,1
neural_claq_lambda_s_0_4,2,16,surgical_work,1
neural_claq_lambda_s_0_4,2,17,music_composition,558
neural_claq_lambda_s_0_4,2,17,education_or_academic_work,532
neural_claq_lambda_s_0_4,2,17,building_or_spatial_design,165
neural_claq_lambda_s_0_4,2,17,manual_body_treatment,162
neural_claq_lambda_s_0_4,2,17,advanced_degree_or_training,127
neural_claq_lambda_s_0_4,2,17,therapy_or_counseling,127
neural_claq_lambda_s_0_4,2,17,financial_or_accounting_work,89
neural_claq_lambda_s_0_4,2,17,mind_body_practice,55
neural_claq_lambda_s_0_4,2,17,comedy_or_stage_performance,44
neural_claq_lambda_s_0_4,2,17,dental_or_oral_health,35
neural_claq_lambda_s_0_4,2,17,female_pronouns,35
neural_claq_lambda_s_0_4,2,17,software_development,19
neural_claq_lambda_s_0_4,2,17,camera_or_photography_work,17
neural_claq_lambda_s_0_4,2,17,visual_art_practice,16
neural_claq_lambda_s_0_4,2,17,medical_training,6
neural_claq_lambda_s_0_4,2,17,technical_or_engineering_work,6
neural_claq_lambda_s_0_4,2,17,film_or_video_production,3
neural_claq_lambda_s_0_4,2,17,gendered_organization_or_award,2
neural_claq_lambda_s_0_4,2,17,fashion_or_modeling_work,1
neural_claq_lambda_s_0_4,2,17,spouse_or_partner_mentions,1
neural_claq_lambda_s_0_4,2,18,comedy_or_stage_performance,600
neural_claq_lambda_s_0_4,2,18,dental_or_oral_health,397
neural_claq_lambda_s_0_4,2,18,manual_body_treatment,237
neural_claq_lambda_s_0_4,2,18,software_development,157
neural_claq_lambda_s_0_4,2,18,financial_or_accounting_work,95
neural_claq_lambda_s_0_4,2,18,female_pronouns,78
neural_claq_lambda_s_0_4,2,18,music_composition,76
neural_claq_lambda_s_0_4,2,18,advanced_degree_or_training,75
neural_claq_lambda_s_0_4,2,18,fashion_or_modeling_work,47
neural_claq_lambda_s_0_4,2,18,education_or_academic_work,44
neural_claq_lambda_s_0_4,2,18,therapy_or_counseling,43
neural_claq_lambda_s_0_4,2,18,male_pronouns,41
neural_claq_lambda_s_0_4,2,18,fitness_instruction,26
neural_claq_lambda_s_0_4,2,18,mind_body_practice,20
neural_claq_lambda_s_0_4,2,18,visual_art_practice,15
neural_claq_lambda_s_0_4,2,18,surgical_work,13
neural_claq_lambda_s_0_4,2,18,teaching_or_instruction,13
neural_claq_lambda_s_0_4,2,18,camera_or_photography_work,10
neural_claq_lambda_s_0_4,2,18,building_or_spatial_design,4
neural_claq_lambda_s_0_4,2,18,public_presence_or_recognition,3
neural_claq_lambda_s_0_4,2,18,nutrition_or_diet_guidance,2
neural_claq_lambda_s_0_4,2,18,spouse_or_partner_mentions,2
neural_claq_lambda_s_0_4,2,18,gendered_organization_or_award,1
neural_claq_lambda_s_0_4,2,18,legal_or_regulatory_work,1
neural_claq_lambda_s_0_4,2,19,mind_body_practice,494
neural_claq_lambda_s_0_4,2,19,manual_body_treatment,441
neural_claq_lambda_s_0_4,2,19,male_pronouns,289
neural_claq_lambda_s_0_4,2,19,dental_or_oral_health,183
neural_claq_lambda_s_0_4,2,19,fitness_instruction,113
neural_claq_lambda_s_0_4,2,19,advanced_degree_or_training,98
neural_claq_lambda_s_0_4,2,19,organizational_role_or_administration,75
neural_claq_lambda_s_0_4,2,19,comedy_or_stage_performance,54
neural_claq_lambda_s_0_4,2,19,music_composition,48
neural_claq_lambda_s_0_4,2,19,visual_art_practice,38
neural_claq_lambda_s_0_4,2,19,financial_or_accounting_work,36
neural_claq_lambda_s_0_4,2,19,camera_or_photography_work,33
neural_claq_lambda_s_0_4,2,19,public_presence_or_recognition,33
neural_claq_lambda_s_0_4,2,19,fashion_or_modeling_work,26
neural_claq_lambda_s_0_4,2,19,software_development,25
neural_claq_lambda_s_0_4,2,19,media_or_publishing_work,3
neural_claq_lambda_s_0_4,2,19,nutrition_or_diet_guidance,3
neural_claq_lambda_s_0_4,2,19,spouse_or_partner_mentions,3
neural_claq_lambda_s_0_4,2,19,building_or_spatial_design,2
neural_claq_lambda_s_0_4,2,19,therapy_or_counseling,2
neural_claq_lambda_s_0_4,2,19,teaching_or_instruction,1
neural_claq_lambda_s_0_4,2,20,public_presence_or_recognition,564
neural_claq_lambda_s_0_4,2,20,organizational_role_or_administration,463
neural_claq_lambda_s_0_4,2,20,fitness_instruction,245
neural_claq_lambda_s_0_4,2,20,male_pronouns,206
neural_claq_lambda_s_0_4,2,20,fashion_or_modeling_work,73
neural_claq_lambda_s_0_4,2,20,teaching_or_instruction,65
neural_claq_lambda_s_0_4,2,20,female_gendered_titles,58
neural_claq_lambda_s_0_4,2,20,technical_or_engineering_work,57
neural_claq_lambda_s_0_4,2,20,child_or_family_care_mentions,46
neural_claq_lambda_s_0_4,2,20,advanced_degree_or_training,39
neural_claq_lambda_s_0_4,2,20,dental_or_oral_health,29
neural_claq_lambda_s_0_4,2,20,music_composition,25
neural_claq_lambda_s_0_4,2,20,business_or_client_service,22
neural_claq_lambda_s_0_4,2,20,mind_body_practice,20
neural_claq_lambda_s_0_4,2,20,manual_body_treatment,18
neural_claq_lambda_s_0_4,2,20,surgical_work,11
neural_claq_lambda_s_0_4,2,20,education_or_academic_work,10
neural_claq_lambda_s_0_4,2,20,visual_art_practice,10
neural_claq_lambda_s_0_4,2,20,financial_or_accounting_work,7
neural_claq_lambda_s_0_4,2,20,software_development,7
neural_claq_lambda_s_0_4,2,20,spouse_or_partner_mentions,7
neural_claq_lambda_s_0_4,2,20,camera_or_photography_work,5
neural_claq_lambda_s_0_4,2,20,gendered_organization_or_award,5
neural_claq_lambda_s_0_4,2,20,nutrition_or_diet_guidance,5
neural_claq_lambda_s_0_4,2,20,therapy_or_counseling,3
neural_claq_lambda_s_0_4,3,1,creative_or_artistic_work,2000
neural_claq_lambda_s_0_4,3,2,clinical_care,1282
neural_claq_lambda_s_0_4,3,2,literary_writing,718
neural_claq_lambda_s_0_4,3,3,health_or_wellness_work,877
neural_claq_lambda_s_0_4,3,3,design_work,718
neural_claq_lambda_s_0_4,3,3,dental_or_oral_health,405
neural_claq_lambda_s_0_4,3,4,technical_or_engineering_work,683
neural_claq_lambda_s_0_4,3,4,visual_art_practice,596
neural_claq_lambda_s_0_4,3,4,nursing_care,405
neural_claq_lambda_s_0_4,3,4,legal_or_regulatory_work,194
neural_claq_lambda_s_0_4,3,4,film_or_video_production,122
neural_claq_lambda_s_0_4,3,5,legal_or_regulatory_work,683
neural_claq_lambda_s_0_4,3,5,film_or_video_production,596
neural_claq_lambda_s_0_4,3,5,health_or_wellness_work,405
neural_claq_lambda_s_0_4,3,5,dental_or_oral_health,194
neural_claq_lambda_s_0_4,3,5,visual_art_practice,122
neural_claq_lambda_s_0_4,3,6,health_or_wellness_work,718
neural_claq_lambda_s_0_4,3,6,design_work,683
neural_claq_lambda_s_0_4,3,6,legal_or_regulatory_work,405
neural_claq_lambda_s_0_4,3,6,nursing_care,194
neural_claq_lambda_s_0_4,3,7,legal_or_regulatory_work,706
neural_claq_lambda_s_0_4,3,7,visual_art_practice,683
neural_claq_lambda_s_0_4,3,7,mind_body_practice,396
neural_claq_lambda_s_0_4,3,7,technical_or_engineering_work,203
neural_claq_lambda_s_0_4,3,7,clinical_care,12
neural_claq_lambda_s_0_4,3,8,technical_or_engineering_work,703
neural_claq_lambda_s_0_4,3,8,literary_writing,683
neural_claq_lambda_s_0_4,3,8,surgical_work,396
neural_claq_lambda_s_0_4,3,8,design_work,203
neural_claq_lambda_s_0_4,3,8,legal_or_regulatory_work,10
neural_claq_lambda_s_0_4,3,8,clinical_care,3
neural_claq_lambda_s_0_4,3,8,dental_or_oral_health,2
neural_claq_lambda_s_0_4,3,9,clinical_care,703
neural_claq_lambda_s_0_4,3,9,film_or_video_production,683
neural_claq_lambda_s_0_4,3,9,medical_training,396
neural_claq_lambda_s_0_4,3,9,visual_art_practice,193
neural_claq_lambda_s_0_4,3,9,technical_or_engineering_work,13
neural_claq_lambda_s_0_4,3,9,mind_body_practice,10
neural_claq_lambda_s_0_4,3,9,nursing_care,2
neural_claq_lambda_s_0_4,3,10,live_music_or_recording,716
neural_claq_lambda_s_0_4,3,10,dental_or_oral_health,506
neural_claq_lambda_s_0_4,3,10,nutrition_or_diet_guidance,382
neural_claq_lambda_s_0_4,3,10,mind_body_practice,195
neural_claq_lambda_s_0_4,3,10,software_development,177
neural_claq_lambda_s_0_4,3,10,technical_or_engineering_work,14
neural_claq_lambda_s_0_4,3,10,visual_art_practice,10
neural_claq_lambda_s_0_4,3,11,software_development,1222
neural_claq_lambda_s_0_4,3,11,female_pronouns,366
neural_claq_lambda_s_0_4,3,11,literary_writing,203
neural_claq_lambda_s_0_4,3,11,dental_or_oral_health,177
neural_claq_lambda_s_0_4,3,11,technical_or_engineering_work,16
neural_claq_lambda_s_0_4,3,11,nutrition_or_diet_guidance,14
neural_claq_lambda_s_0_4,3,11,legal_or_regulatory_work,2
neural_claq_lambda_s_0_4,3,12,media_or_publishing_work,1387
neural_claq_lambda_s_0_4,3,12,software_development,302
neural_claq_lambda_s_0_4,3,12,fitness_instruction,202
neural_claq_lambda_s_0_4,3,12,technical_or_engineering_work,65
neural_claq_lambda_s_0_4,3,12,female_pronouns,30
neural_claq_lambda_s_0_4,3,12,nursing_care,12
neural_claq_lambda_s_0_4,3,12,surgical_work,2
neural_claq_lambda_s_0_4,3,13,camera_or_photography_work,706
neural_claq_lambda_s_0_4,3,13,nursing_care,480
neural_claq_lambda_s_0_4,3,13,therapy_or_counseling,202
neural_claq_lambda_s_0_4,3,13,live_music_or_recording,191
neural_claq_lambda_s_0_4,3,13,education_or_academic_work,147
neural_claq_lambda_s_0_4,3,13,design_work,91
neural_claq_lambda_s_0_4,3,13,technical_or_engineering_work,84
neural_claq_lambda_s_0_4,3,13,film_or_video_production,66
neural_claq_lambda_s_0_4,3,13,fitness_instruction,15
neural_claq_lambda_s_0_4,3,13,media_or_publishing_work,12
neural_claq_lambda_s_0_4,3,13,software_development,4
neural_claq_lambda_s_0_4,3,13,nutrition_or_diet_guidance,2
neural_claq_lambda_s_0_4,3,14,education_or_academic_work,824
neural_claq_lambda_s_0_4,3,14,live_music_or_recording,492
neural_claq_lambda_s_0_4,3,14,software_development,233
neural_claq_lambda_s_0_4,3,14,nursing_care,141
neural_claq_lambda_s_0_4,3,14,film_or_video_production,133
neural_claq_lambda_s_0_4,3,14,fitness_instruction,88
neural_claq_lambda_s_0_4,3,14,teaching_or_instruction,60
neural_claq_lambda_s_0_4,3,14,therapy_or_counseling,14
neural_claq_lambda_s_0_4,3,14,camera_or_photography_work,8
neural_claq_lambda_s_0_4,3,14,medical_training,4
neural_claq_lambda_s_0_4,3,14,surgical_work,2
neural_claq_lambda_s_0_4,3,14,technical_or_engineering_work,1
neural_claq_lambda_s_0_4,3,15,teaching_or_instruction,763
neural_claq_lambda_s_0_4,3,15,education_or_academic_work,705
neural_claq_lambda_s_0_4,3,15,medical_training,196
neural_claq_lambda_s_0_4,3,15,fashion_or_modeling_work,85
neural_claq_lambda_s_0_4,3,15,therapy_or_counseling,85
neural_claq_lambda_s_0_4,3,15,software_development,60
neural_claq_lambda_s_0_4,3,15,nursing_care,57
neural_claq_lambda_s_0_4,3,15,fitness_instruction,17
neural_claq_lambda_s_0_4,3,15,technical_or_engineering_work,14
neural_claq_lambda_s_0_4,3,15,dental_or_oral_health,5
neural_claq_lambda_s_0_4,3,15,design_work,4
neural_claq_lambda_s_0_4,3,15,film_or_video_production,3
neural_claq_lambda_s_0_4,3,15,media_or_publishing_work,3
neural_claq_lambda_s_0_4,3,15,female_pronouns,1
neural_claq_lambda_s_0_4,3,15,live_music_or_recording,1
neural_claq_lambda_s_0_4,3,15,surgical_work,1
neural_claq_lambda_s_0_4,3,16,mind_body_practice,683
neural_claq_lambda_s_0_4,3,16,financial_or_accounting_work,620
neural_claq_lambda_s_0_4,3,16,media_or_publishing_work,192
neural_claq_lambda_s_0_4,3,16,education_or_academic_work,163
neural_claq_lambda_s_0_4,3,16,university_affiliation,84
neural_claq_lambda_s_0_4,3,16,design_work,75
neural_claq_lambda_s_0_4,3,16,fitness_instruction,68
neural_claq_lambda_s_0_4,3,16,fashion_or_modeling_work,58
neural_claq_lambda_s_0_4,3,16,teaching_or_instruction,34
neural_claq_lambda_s_0_4,3,16,dental_or_oral_health,5
neural_claq_lambda_s_0_4,3,16,medical_training,5
neural_claq_lambda_s_0_4,3,16,surgical_work,5
neural_claq_lambda_s_0_4,3,16,nursing_care,3
neural_claq_lambda_s_0_4,3,16,camera_or_photography_work,2
neural_claq_lambda_s_0_4,3,16,female_pronouns,1
neural_claq_lambda_s_0_4,3,16,nutrition_or_diet_guidance,1
neural_claq_lambda_s_0_4,3,16,software_development,1
neural_claq_lambda_s_0_4,3,17,camera_or_photography_work,615
neural_claq_lambda_s_0_4,3,17,fashion_or_modeling_work,437
neural_claq_lambda_s_0_4,3,17,live_music_or_recording,196
neural_claq_lambda_s_0_4,3,17,education_or_academic_work,159
neural_claq_lambda_s_0_4,3,17,teaching_or_instruction,159
neural_claq_lambda_s_0_4,3,17,interior_or_decorative_design,140
neural_claq_lambda_s_0_4,3,17,university_affiliation,118
neural_claq_lambda_s_0_4,3,17,financial_or_accounting_work,73
neural_claq_lambda_s_0_4,3,17,public_speaking_or_events,68
neural_claq_lambda_s_0_4,3,17,fitness_instruction,6
neural_claq_lambda_s_0_4,3,17,therapy_or_counseling,6
neural_claq_lambda_s_0_4,3,17,design_work,5
neural_claq_lambda_s_0_4,3,17,legal_practice,5
neural_claq_lambda_s_0_4,3,17,nutrition_or_diet_guidance,5
neural_claq_lambda_s_0_4,3,17,mind_body_practice,3
neural_claq_lambda_s_0_4,3,17,media_or_publishing_work,2
neural_claq_lambda_s_0_4,3,17,female_pronouns,1
neural_claq_lambda_s_0_4,3,17,music_composition,1
neural_claq_lambda_s_0_4,3,17,software_development,1
neural_claq_lambda_s_0_4,3,18,public_speaking_or_events,609
neural_claq_lambda_s_0_4,3,18,interior_or_decorative_design,567
neural_claq_lambda_s_0_4,3,18,surgical_work,192
neural_claq_lambda_s_0_4,3,18,fashion_or_modeling_work,124
neural_claq_lambda_s_0_4,3,18,teaching_or_instruction,100
neural_claq_lambda_s_0_4,3,18,live_music_or_recording,87
neural_claq_lambda_s_0_4,3,18,therapy_or_counseling,84
neural_claq_lambda_s_0_4,3,18,camera_or_photography_work,68
neural_claq_lambda_s_0_4,3,18,female_gendered_titles,56
neural_claq_lambda_s_0_4,3,18,male_pronouns,26
neural_claq_lambda_s_0_4,3,18,financial_or_accounting_work,25
neural_claq_lambda_s_0_4,3,18,design_work,23
neural_claq_lambda_s_0_4,3,18,music_composition,12
neural_claq_lambda_s_0_4,3,18,university_affiliation,12
neural_claq_lambda_s_0_4,3,18,comedy_or_stage_performance,4
neural_claq_lambda_s_0_4,3,18,building_or_spatial_design,3
neural_claq_lambda_s_0_4,3,18,female_pronouns,3
neural_claq_lambda_s_0_4,3,18,legal_practice,3
neural_claq_lambda_s_0_4,3,18,education_or_academic_work,1
neural_claq_lambda_s_0_4,3,18,fitness_instruction,1
neural_claq_lambda_s_0_4,3,19,teaching_or_instruction,467
neural_claq_lambda_s_0_4,3,19,building_or_spatial_design,426
neural_claq_lambda_s_0_4,3,19,music_composition,233
neural_claq_lambda_s_0_4,3,19,medical_training,209
neural_claq_lambda_s_0_4,3,19,public_speaking_or_events,200
neural_claq_lambda_s_0_4,3,19,university_affiliation,168
neural_claq_lambda_s_0_4,3,19,female_gendered_titles,104
neural_claq_lambda_s_0_4,3,19,financial_or_accounting_work,63
neural_claq_lambda_s_0_4,3,19,live_music_or_recording,52
neural_claq_lambda_s_0_4,3,19,legal_practice,24
neural_claq_lambda_s_0_4,3,19,male_pronouns,14
neural_claq_lambda_s_0_4,3,19,female_pronouns,11
neural_claq_lambda_s_0_4,3,19,comedy_or_stage_performance,9
neural_claq_lambda_s_0_4,3,19,therapy_or_counseling,5
neural_claq_lambda_s_0_4,3,19,fashion_or_modeling_work,3
neural_claq_lambda_s_0_4,3,19,surgical_work,3
neural_claq_lambda_s_0_4,3,19,fitness_instruction,2
neural_claq_lambda_s_0_4,3,19,interior_or_decorative_design,2
neural_claq_lambda_s_0_4,3,19,nutrition_or_diet_guidance,2
neural_claq_lambda_s_0_4,3,19,design_work,1
neural_claq_lambda_s_0_4,3,19,education_or_academic_work,1
neural_claq_lambda_s_0_4,3,19,technical_or_engineering_work,1
neural_claq_lambda_s_0_4,3,20,medical_training,453
neural_claq_lambda_s_0_4,3,20,music_composition,409
neural_claq_lambda_s_0_4,3,20,live_music_or_recording,219
neural_claq_lambda_s_0_4,3,20,building_or_spatial_design,208
neural_claq_lambda_s_0_4,3,20,teaching_or_instruction,208
neural_claq_lambda_s_0_4,3,20,female_pronouns,154
neural_claq_lambda_s_0_4,3,20,male_pronouns,111
neural_claq_lambda_s_0_4,3,20,legal_practice,67
neural_claq_lambda_s_0_4,3,20,female_gendered_titles,52
neural_claq_lambda_s_0_4,3,20,nutrition_or_diet_guidance,42
neural_claq_lambda_s_0_4,3,20,interior_or_decorative_design,26
neural_claq_lambda_s_0_4,3,20,comedy_or_stage_performance,21
neural_claq_lambda_s_0_4,3,20,university_affiliation,14
neural_claq_lambda_s_0_4,3,20,fashion_or_modeling_work,4
neural_claq_lambda_s_0_4,3,20,public_speaking_or_events,3
neural_claq_lambda_s_0_4,3,20,therapy_or_counseling,3
neural_claq_lambda_s_0_4,3,20,design_work,2
neural_claq_lambda_s_0_4,3,20,financial_or_accounting_work,2
neural_claq_lambda_s_0_4,3,20,film_or_video_production,1
neural_claq_lambda_s_0_4,3,20,fitness_instruction,1
neural_claq_lambda_s_0_4,4,1,health_or_wellness_work,2000
neural_claq_lambda_s_0_4,4,2,legal_or_regulatory_work,1398
neural_claq_lambda_s_0_4,4,2,dental_or_oral_health,602
neural_claq_lambda_s_0_4,4,3,creative_or_artistic_work,1398
neural_claq_lambda_s_0_4,4,3,clinical_care,602
neural_claq_lambda_s_0_4,4,4,visual_art_practice,706
neural_claq_lambda_s_0_4,4,4,technical_or_engineering_work,692
neural_claq_lambda_s_0_4,4,4,nursing_care,398
neural_claq_lambda_s_0_4,4,4,creative_or_artistic_work,204
neural_claq_lambda_s_0_4,4,5,literary_writing,591
neural_claq_lambda_s_0_4,4,5,design_work,556
neural_claq_lambda_s_0_4,4,5,nutrition_or_diet_guidance,398
neural_claq_lambda_s_0_4,4,5,legal_or_regulatory_work,194
neural_claq_lambda_s_0_4,4,5,clinical_care,136
neural_claq_lambda_s_0_4,4,5,live_music_or_recording,115
neural_claq_lambda_s_0_4,4,5,visual_art_practice,10
neural_claq_lambda_s_0_4,4,6,live_music_or_recording,601
neural_claq_lambda_s_0_4,4,6,clinical_care,556
neural_claq_lambda_s_0_4,4,6,creative_or_artistic_work,398
neural_claq_lambda_s_0_4,4,6,nursing_care,194
neural_claq_lambda_s_0_4,4,6,design_work,136
neural_claq_lambda_s_0_4,4,6,literary_writing,115
neural_claq_lambda_s_0_4,4,7,film_or_video_production,706
neural_claq_lambda_s_0_4,4,7,visual_art_practice,683
neural_claq_lambda_s_0_4,4,7,legal_or_regulatory_work,396
neural_claq_lambda_s_0_4,4,7,technical_or_engineering_work,191
neural_claq_lambda_s_0_4,4,7,literary_writing,10
neural_claq_lambda_s_0_4,4,7,dental_or_oral_health,9
neural_claq_lambda_s_0_4,4,7,nutrition_or_diet_guidance,3
neural_claq_lambda_s_0_4,4,7,design_work,2
neural_claq_lambda_s_0_4,4,8,design_work,706
neural_claq_lambda_s_0_4,4,8,live_music_or_recording,683
neural_claq_lambda_s_0_4,4,8,surgical_work,398
neural_claq_lambda_s_0_4,4,8,nutrition_or_diet_guidance,191
neural_claq_lambda_s_0_4,4,8,film_or_video_production,10
neural_claq_lambda_s_0_4,4,8,nursing_care,9
neural_claq_lambda_s_0_4,4,8,technical_or_engineering_work,3
neural_claq_lambda_s_0_4,4,9,technical_or_engineering_work,706
neural_claq_lambda_s_0_4,4,9,design_work,600
neural_claq_lambda_s_0_4,4,9,film_or_video_production,520
neural_claq_lambda_s_0_4,4,9,literary_writing,165
neural_claq_lambda_s_0_4,4,9,nutrition_or_diet_guidance,9
neural_claq_lambda_s_0_4,4,10,camera_or_photography_work,716
neural_claq_lambda_s_0_4,4,10,mind_body_practice,596
neural_claq_lambda_s_0_4,4,10,literary_writing,520
neural_claq_lambda_s_0_4,4,10,film_or_video_production,163
neural_claq_lambda_s_0_4,4,10,visual_art_practice,4
neural_claq_lambda_s_0_4,4,10,medical_training,1
neural_claq_lambda_s_0_4,4,11,clinical_care,706
neural_claq_lambda_s_0_4,4,11,media_or_publishing_work,683
neural_claq_lambda_s_0_4,4,11,teaching_or_instruction,581
neural_claq_lambda_s_0_4,4,11,medical_training,10
neural_claq_lambda_s_0_4,4,11,legal_or_regulatory_work,9
neural_claq_lambda_s_0_4,4,11,visual_art_practice,7
neural_claq_lambda_s_0_4,4,11,mind_body_practice,3
neural_claq_lambda_s_0_4,4,11,technical_or_engineering_work,1
neural_claq_lambda_s_0_4,4,12,media_or_publishing_work,706
neural_claq_lambda_s_0_4,4,12,camera_or_photography_work,550
neural_claq_lambda_s_0_4,4,12,medical_training,340
neural_claq_lambda_s_0_4,4,12,surgical_work,190
neural_claq_lambda_s_0_4,4,12,dental_or_oral_health,133
neural_claq_lambda_s_0_4,4,12,technical_or_engineering_work,56
neural_claq_lambda_s_0_4,4,12,teaching_or_instruction,18
neural_claq_lambda_s_0_4,4,12,visual_art_practice,4
neural_claq_lambda_s_0_4,4,12,film_or_video_production,1
neural_claq_lambda_s_0_4,4,12,legal_or_regulatory_work,1
neural_claq_lambda_s_0_4,4,12,live_music_or_recording,1
neural_claq_lambda_s_0_4,4,13,comedy_or_stage_performance,715
neural_claq_lambda_s_0_4,4,13,dental_or_oral_health,492
neural_claq_lambda_s_0_4,4,13,fitness_instruction,188
neural_claq_lambda_s_0_4,4,13,education_or_academic_work,181
neural_claq_lambda_s_0_4,4,13,technical_or_engineering_work,161
neural_claq_lambda_s_0_4,4,13,camera_or_photography_work,133
neural_claq_lambda_s_0_4,4,13,visual_art_practice,67
neural_claq_lambda_s_0_4,4,13,medical_training,47
neural_claq_lambda_s_0_4,4,13,surgical_work,9
neural_claq_lambda_s_0_4,4,13,media_or_publishing_work,4
neural_claq_lambda_s_0_4,4,13,celebrity_or_public_attention,1
neural_claq_lambda_s_0_4,4,13,film_or_video_production,1
neural_claq_lambda_s_0_4,4,13,live_music_or_recording,1
neural_claq_lambda_s_0_4,4,14,education_or_academic_work,588
neural_claq_lambda_s_0_4,4,14,financial_or_accounting_work,533
neural_claq_lambda_s_0_4,4,14,literary_writing,188
neural_claq_lambda_s_0_4,4,14,fitness_instruction,187
neural_claq_lambda_s_0_4,4,14,software_development,175
neural_claq_lambda_s_0_4,4,14,nutrition_or_diet_guidance,133
neural_claq_lambda_s_0_4,4,14,visual_art_practice,121
neural_claq_lambda_s_0_4,4,14,comedy_or_stage_performance,48
neural_claq_lambda_s_0_4,4,14,celebrity_or_public_attention,9
neural_claq_lambda_s_0_4,4,14,media_or_publishing_work,8
neural_claq_lambda_s_0_4,4,14,parent_role_mentions,8
neural_claq_lambda_s_0_4,4,14,mind_body_practice,1
neural_claq_lambda_s_0_4,4,14,therapy_or_counseling,1
neural_claq_lambda_s_0_4,4,15,software_development,584
neural_claq_lambda_s_0_4,4,15,comedy_or_stage_performance,465
neural_claq_lambda_s_0_4,4,15,education_or_academic_work,311
neural_claq_lambda_s_0_4,4,15,media_or_publishing_work,203
neural_claq_lambda_s_0_4,4,15,manual_body_treatment,185
neural_claq_lambda_s_0_4,4,15,celebrity_or_public_attention,97
neural_claq_lambda_s_0_4,4,15,financial_or_accounting_work,71
neural_claq_lambda_s_0_4,4,15,nutrition_or_diet_guidance,38
neural_claq_lambda_s_0_4,4,15,fitness_instruction,16
neural_claq_lambda_s_0_4,4,15,literary_writing,15
neural_claq_lambda_s_0_4,4,15,parent_role_mentions,4
neural_claq_lambda_s_0_4,4,15,therapy_or_counseling,4
neural_claq_lambda_s_0_4,4,15,surgical_work,3
neural_claq_lambda_s_0_4,4,15,visual_art_practice,2
neural_claq_lambda_s_0_4,4,15,legal_or_regulatory_work,1
neural_claq_lambda_s_0_4,4,15,nursing_care,1
neural_claq_lambda_s_0_4,4,16,parent_role_mentions,582
neural_claq_lambda_s_0_4,4,16,software_development,420
neural_claq_lambda_s_0_4,4,16,nutrition_or_diet_guidance,253
neural_claq_lambda_s_0_4,4,16,therapy_or_counseling,193
neural_claq_lambda_s_0_4,4,16,comedy_or_stage_performance,171
neural_claq_lambda_s_0_4,4,16,media_or_publishing_work,169
neural_claq_lambda_s_0_4,4,16,financial_or_accounting_work,99
neural_claq_lambda_s_0_4,4,16,education_or_academic_work,32
neural_claq_lambda_s_0_4,4,16,manual_body_treatment,29
neural_claq_lambda_s_0_4,4,16,literary_writing,14
neural_claq_lambda_s_0_4,4,16,celebrity_or_public_attention,13
neural_claq_lambda_s_0_4,4,16,dental_or_oral_health,6
neural_claq_lambda_s_0_4,4,16,fitness_instruction,6
neural_claq_lambda_s_0_4,4,16,nursing_care,5
neural_claq_lambda_s_0_4,4,16,fashion_or_modeling_work,3
neural_claq_lambda_s_0_4,4,16,medical_training,2
neural_claq_lambda_s_0_4,4,16,gendered_organization_or_award,1
neural_claq_lambda_s_0_4,4,16,mind_body_practice,1
neural_claq_lambda_s_0_4,4,16,surgical_work,1
neural_claq_lambda_s_0_4,4,17,software_development,407
neural_claq_lambda_s_0_4,4,17,education_or_academic_work,313
neural_claq_lambda_s_0_4,4,17,nutrition_or_diet_guidance,258
neural_claq_lambda_s_0_4,4,17,celebrity_or_public_attention,226
neural_claq_lambda_s_0_4,4,17,manual_body_treatment,167
neural_claq_lambda_s_0_4,4,17,comedy_or_stage_performance,123
neural_claq_lambda_s_0_4,4,17,parent_role_mentions,117
neural_claq_lambda_s_0_4,4,17,medical_training,105
neural_claq_lambda_s_0_4,4,17,technical_or_engineering_work,102
neural_claq_lambda_s_0_4,4,17,literary_writing,55
neural_claq_lambda_s_0_4,4,17,financial_or_accounting_work,39
neural_claq_lambda_s_0_4,4,17,music_composition,24
neural_claq_lambda_s_0_4,4,17,media_or_publishing_work,17
neural_claq_lambda_s_0_4,4,17,fitness_instruction,13
neural_claq_lambda_s_0_4,4,17,therapy_or_counseling,10
neural_claq_lambda_s_0_4,4,17,live_music_or_recording,8
neural_claq_lambda_s_0_4,4,17,fashion_or_modeling_work,5
neural_claq_lambda_s_0_4,4,17,dental_or_oral_health,3
neural_claq_lambda_s_0_4,4,17,gendered_organization_or_award,3
neural_claq_lambda_s_0_4,4,17,teaching_or_instruction,2
neural_claq_lambda_s_0_4,4,17,classroom_instruction,1
neural_claq_lambda_s_0_4,4,17,university_affiliation,1
neural_claq_lambda_s_0_4,4,17,visual_art_practice,1
neural_claq_lambda_s_0_4,4,18,music_composition,345
neural_claq_lambda_s_0_4,4,18,nursing_care,334
neural_claq_lambda_s_0_4,4,18,financial_or_accounting_work,275
neural_claq_lambda_s_0_4,4,18,comedy_or_stage_performance,204
neural_claq_lambda_s_0_4,4,18,education_or_academic_work,186
neural_claq_lambda_s_0_4,4,18,celebrity_or_public_attention,150
neural_claq_lambda_s_0_4,4,18,software_development,124
neural_claq_lambda_s_0_4,4,18,fitness_instruction,111
neural_claq_lambda_s_0_4,4,18,medical_training,65
neural_claq_lambda_s_0_4,4,18,therapy_or_counseling,50
neural_claq_lambda_s_0_4,4,18,literary_writing,49
neural_claq_lambda_s_0_4,4,18,technical_or_engineering_work,48
neural_claq_lambda_s_0_4,4,18,mind_body_practice,19
neural_claq_lambda_s_0_4,4,18,manual_body_treatment,12
neural_claq_lambda_s_0_4,4,18,management_or_leadership,7
neural_claq_lambda_s_0_4,4,18,gendered_organization_or_award,4
neural_claq_lambda_s_0_4,4,18,media_or_publishing_work,4
neural_claq_lambda_s_0_4,4,18,parent_role_mentions,4
neural_claq_lambda_s_0_4,4,18,teaching_or_instruction,4
neural_claq_lambda_s_0_4,4,18,fashion_or_modeling_work,2
neural_claq_lambda_s_0_4,4,18,camera_or_photography_work,1
neural_claq_lambda_s_0_4,4,18,dental_or_oral_health,1
neural_claq_lambda_s_0_4,4,18,nutrition_or_diet_guidance,1
neural_claq_lambda_s_0_4,4,19,music_composition,802
neural_claq_lambda_s_0_4,4,19,education_or_academic_work,250
neural_claq_lambda_s_0_4,4,19,celebrity_or_public_attention,205
neural_claq_lambda_s_0_4,4,19,mind_body_practice,152
neural_claq_lambda_s_0_4,4,19,comedy_or_stage_performance,145
neural_claq_lambda_s_0_4,4,19,therapy_or_counseling,128
neural_claq_lambda_s_0_4,4,19,literary_writing,93
neural_claq_lambda_s_0_4,4,19,dental_or_oral_health,41
neural_claq_lambda_s_0_4,4,19,technical_or_engineering_work,38
neural_claq_lambda_s_0_4,4,19,nursing_care,34
neural_claq_lambda_s_0_4,4,19,medical_training,28
neural_claq_lambda_s_0_4,4,19,gendered_organization_or_award,25
neural_claq_lambda_s_0_4,4,19,fitness_instruction,13
neural_claq_lambda_s_0_4,4,19,software_development,12
neural_claq_lambda_s_0_4,4,19,fashion_or_modeling_work,10
neural_claq_lambda_s_0_4,4,19,teaching_or_instruction,8
neural_claq_lambda_s_0_4,4,19,financial_or_accounting_work,6
neural_claq_lambda_s_0_4,4,19,female_pronouns,2
neural_claq_lambda_s_0_4,4,19,female_gendered_titles,1
neural_claq_lambda_s_0_4,4,19,live_music_or_recording,1
neural_claq_lambda_s_0_4,4,19,manual_body_treatment,1
neural_claq_lambda_s_0_4,4,19,nutrition_or_diet_guidance,1
neural_claq_lambda_s_0_4,4,19,parent_role_mentions,1
neural_claq_lambda_s_0_4,4,19,spouse_or_partner_mentions,1
neural_claq_lambda_s_0_4,4,19,university_affiliation,1
neural_claq_lambda_s_0_4,4,19,visual_art_practice,1
neural_claq_lambda_s_0_4,4,20,fashion_or_modeling_work,428
neural_claq_lambda_s_0_4,4,20,mind_body_practice,234
neural_claq_lambda_s_0_4,4,20,nursing_care,217
neural_claq_lambda_s_0_4,4,20,fitness_instruction,188
neural_claq_lambda_s_0_4,4,20,live_music_or_recording,175
neural_claq_lambda_s_0_4,4,20,teaching_or_instruction,172
neural_claq_lambda_s_0_4,4,20,spouse_or_partner_mentions,151
neural_claq_lambda_s_0_4,4,20,comedy_or_stage_performance,127
neural_claq_lambda_s_0_4,4,20,gendered_organization_or_award,66
neural_claq_lambda_s_0_4,4,20,software_development,49
neural_claq_lambda_s_0_4,4,20,female_pronouns,47
neural_claq_lambda_s_0_4,4,20,music_composition,44
neural_claq_lambda_s_0_4,4,20,education_or_academic_work,34
neural_claq_lambda_s_0_4,4,20,business_or_management_education,17
neural_claq_lambda_s_0_4,4,20,therapy_or_counseling,13
neural_claq_lambda_s_0_4,4,20,celebrity_or_public_attention,9
neural_claq_lambda_s_0_4,4,20,medical_training,7
neural_claq_lambda_s_0_4,4,20,literary_writing,6
neural_claq_lambda_s_0_4,4,20,manual_body_treatment,3
neural_claq_lambda_s_0_4,4,20,visual_art_practice,3
neural_claq_lambda_s_0_4,4,20,research_publications,2
neural_claq_lambda_s_0_4,4,20,university_affiliation,2
neural_claq_lambda_s_0_4,4,20,camera_or_photography_work,1
neural_claq_lambda_s_0_4,4,20,child_or_family_care_mentions,1
neural_claq_lambda_s_0_4,4,20,dental_or_oral_health,1
neural_claq_lambda_s_0_4,4,20,female_gendered_titles,1
neural_claq_lambda_s_0_4,4,20,film_or_video_production,1
neural_claq_lambda_s_0_4,4,20,financial_or_accounting_work,1
