run_name,seed,epoch,lambda_s,lambda_c,lambda_q,actor_eps,train_accuracy,train_loss,train_task_loss,train_sensitive_loss,train_cost_penalty,train_exp_cost,train_set_penalty,train_designated_queries,validation_accuracy,validation_loss,validation_task_loss,validation_sensitive_loss,validation_cost_penalty,validation_exp_cost,validation_set_penalty,validation_designated_queries
baseline,0,1,0.0,0.0,1.0,1.0,0.339,3.2456980215178595,2.5142329004075794,0.6398852840065956,0.0,20.0,0.0915798611111111,0.0915798611111111,0.461,2.5995652079582214,2.1262688636779785,0.47329623997211456,0.0,20.0,0.0,0.0
baseline,0,2,0.0,0.0,1.0,0.9836734693877551,0.49677777777777776,2.4416581127378674,1.9892951713667975,0.4523629645506541,0.0,20.0,0.0,0.0,0.516,2.348748505115509,1.910049557685852,0.4386989176273346,0.0,20.0,0.0,0.0
baseline,0,3,0.0,0.0,1.0,0.9673469387755103,0.5346666666666666,2.2882783744070263,1.8407559792200725,0.44752241174379986,0.0,20.0,0.0,0.0,0.538,2.260736346244812,1.825997233390808,0.43473903834819794,0.0,20.0,0.0,0.0
baseline,0,4,0.0,0.0,1.0,0.9510204081632653,0.5584444444444444,2.2121790978643627,1.7737155192428165,0.43846358524428475,0.0,20.0,0.0,0.0,0.557,2.225725531578064,1.806950867176056,0.41877463459968567,0.0,20.0,0.0,0.0
baseline,0,5,0.0,0.0,1.0,0.9346938775510204,0.5617777777777778,2.173175404469172,1.7506298687722948,0.42254554480314255,0.0,20.0,0.0,0.0,0.56,2.1787863969802856,1.7744088172912598,0.4043775349855423,0.0,20.0,0.0,0.0
baseline,0,6,0.0,0.0,1.0,0.9183673469387755,0.5628888888888889,2.159597588909997,1.7437715133031209,0.4158260789182451,0.0,20.0,0.0,0.0,0.565,2.1656248569488525,1.754783421754837,0.4108414500951767,0.0,20.0,0.0,0.0
baseline,0,7,0.0,0.0,1.0,0.9020408163265305,0.5734444444444444,2.1521061427063413,1.728650175862842,0.42345595359802246,0.0,20.0,0.0,0.0,0.573,2.1407480239868164,1.737663358449936,0.40308472514152527,0.0,20.0,0.0,0.0
baseline,0,8,0.0,0.0,1.0,0.8857142857142857,0.579,2.1322689288192325,1.7172833912902408,0.4149855350454648,0.0,20.0,0.0,0.0,0.549,2.1698299646377563,1.753966897726059,0.415862999856472,0.0,20.0,0.0,0.0
baseline,0,9,0.0,0.0,1.0,0.8693877551020408,0.5765555555555556,2.108371612098482,1.6955277158154383,0.41284390290578205,0.0,20.0,0.0,0.0,0.572,2.1375826597213745,1.7284249067306519,0.40915776044130325,0.0,20.0,0.0,0.0
baseline,0,10,0.0,0.0,1.0,0.8530612244897959,0.5801111111111111,2.0959524611632028,1.6820858319600422,0.4138666242361069,0.0,20.0,0.0,0.0,0.562,2.1525039672851562,1.7233006060123444,0.4292033463716507,0.0,20.0,0.0,0.0
baseline,0,11,0.0,0.0,1.0,0.8367346938775511,0.5808888888888889,2.0997403694523706,1.6880317131678264,0.41170864552259445,0.0,20.0,0.0,0.0,0.575,2.1242812871932983,1.7103616893291473,0.4139196202158928,0.0,20.0,0.0,0.0
baseline,0,12,0.0,0.0,1.0,0.8204081632653061,0.5797777777777777,2.062584764427609,1.6600683331489563,0.4025164321064949,0.0,20.0,0.0,0.0,0.559,2.1449092030525208,1.7238389551639557,0.42107024788856506,0.0,20.0,0.0,0.0
baseline,0,13,0.0,0.0,1.0,0.8040816326530612,0.5835555555555556,2.0810789035426245,1.6734178364276886,0.407661067114936,0.0,20.0,0.0,0.0,0.576,2.1071742177009583,1.7214348018169403,0.38573941588401794,0.0,20.0,0.0,0.0
baseline,0,14,0.0,0.0,1.0,0.7877551020408163,0.5843333333333334,2.0557269387774997,1.652324229478836,0.4034027001923985,0.0,20.0,0.0,0.0,0.57,2.1525708436965942,1.7292972207069397,0.4232736602425575,0.0,20.0,0.0,0.0
baseline,0,15,0.0,0.0,1.0,0.7714285714285715,0.583,2.061221126053068,1.6571109029981825,0.404110220571359,0.0,20.0,0.0,0.0,0.585,2.1453729271888733,1.7220443487167358,0.42332854866981506,0.0,20.0,0.0,0.0
baseline,0,16,0.0,0.0,1.0,0.7551020408163265,0.5826666666666667,2.0665635996394687,1.6590992013613384,0.4074643701314926,0.0,20.0,0.0,0.0,0.572,2.11798757314682,1.6977745294570923,0.4202130287885666,0.0,20.0,0.0,0.0
baseline,0,17,0.0,0.0,1.0,0.7387755102040816,0.5911111111111111,2.0301332804891796,1.6417725549803839,0.38836073130369186,0.0,20.0,0.0,0.0,0.592,2.0768849849700928,1.670881986618042,0.40600302070379257,0.0,20.0,0.0,0.0
baseline,0,18,0.0,0.0,1.0,0.7224489795918367,0.5911111111111111,2.0304009748829737,1.6355995337168376,0.39480142460929024,0.0,20.0,0.0,0.0,0.575,2.1375778913497925,1.7321020364761353,0.40547583252191544,0.0,20.0,0.0,0.0
baseline,0,19,0.0,0.0,1.0,0.7061224489795919,0.5851111111111111,2.044529163175159,1.6429363588492076,0.40159281508790123,0.0,20.0,0.0,0.0,0.581,2.1105323433876038,1.71196049451828,0.39857184886932373,0.0,20.0,0.0,0.0
baseline,0,20,0.0,0.0,1.0,0.689795918367347,0.5933333333333334,2.0272938542895846,1.6270926031801436,0.4002012502815988,0.0,20.0,0.0,0.0,0.589,2.059550553560257,1.678425371646881,0.38112521916627884,0.0,20.0,0.0,0.0
baseline,0,21,0.0,0.0,1.0,0.673469387755102,0.5946666666666667,2.0351436303721533,1.6321092115508185,0.40303441302643883,0.0,20.0,0.0,0.0,0.577,2.0891829133033752,1.6725223064422607,0.4166605621576309,0.0,20.0,0.0,0.0
baseline,0,22,0.0,0.0,1.0,0.6571428571428571,0.5862222222222222,2.0042083859443665,1.617563443051444,0.3866449503435029,0.0,20.0,0.0,0.0,0.577,2.0629093647003174,1.6801536083221436,0.38275573402643204,0.0,20.0,0.0,0.0
baseline,0,23,0.0,0.0,1.0,0.6408163265306122,0.5944444444444444,2.031707207361857,1.6266014575958252,0.40510575473308563,0.0,20.0,0.0,0.0,0.581,2.068537652492523,1.676795333623886,0.3917423412203789,0.0,20.0,0.0,0.0
baseline,0,24,0.0,0.0,1.0,0.6244897959183673,0.5947777777777777,1.992665966351827,1.5962655941645305,0.3964003829492463,0.0,20.0,0.0,0.0,0.591,2.065934658050537,1.6710835695266724,0.39485108107328415,0.0,20.0,0.0,0.0
baseline,0,25,0.0,0.0,1.0,0.6081632653061224,0.5936666666666667,2.0035564170943365,1.605473928981357,0.3980824914243486,0.0,20.0,0.0,0.0,0.596,2.0654026865959167,1.6642461717128754,0.40115655213594437,0.0,20.0,0.0,0.0
baseline,0,26,0.0,0.0,1.0,0.5918367346938775,0.5953333333333334,1.9991946187284257,1.6041449010372162,0.39504971272415584,0.0,20.0,0.0,0.0,0.581,2.055381804704666,1.6651450991630554,0.3902367427945137,0.0,20.0,0.0,0.0
baseline,0,27,0.0,0.0,1.0,0.5755102040816327,0.5947777777777777,2.0162160065439014,1.61543004711469,0.4007859569456842,0.0,20.0,0.0,0.0,0.585,2.055944174528122,1.6568383276462555,0.39910586923360825,0.0,20.0,0.0,0.0
baseline,0,28,0.0,0.0,1.0,0.5591836734693878,0.5956666666666667,1.9841639830006494,1.5941362347867754,0.39002774986955857,0.0,20.0,0.0,0.0,0.581,2.053846389055252,1.650433897972107,0.40341244637966156,0.0,20.0,0.0,0.0
baseline,0,29,0.0,0.0,1.0,0.5428571428571429,0.5988888888888889,1.9980752203199599,1.598872549004025,0.39920268456141156,0.0,20.0,0.0,0.0,0.609,2.0666406452655792,1.6579357981681824,0.40870482474565506,0.0,20.0,0.0,0.0
baseline,0,30,0.0,0.0,1.0,0.5265306122448979,0.5971111111111111,1.9900550643603008,1.5942318903075323,0.3958231657743454,0.0,20.0,0.0,0.0,0.592,2.0465129613876343,1.644607037305832,0.40190592408180237,0.0,20.0,0.0,0.0
baseline,0,31,0.0,0.0,1.0,0.510204081632653,0.5973333333333334,1.9847522543536291,1.6043063302834828,0.3804459182752503,0.0,20.0,0.0,0.0,0.599,2.0826117992401123,1.6621668636798859,0.42044489830732346,0.0,20.0,0.0,0.0
baseline,0,32,0.0,0.0,1.0,0.4938775510204081,0.5992222222222222,1.9793090456061893,1.5896973212560017,0.38961172600587207,0.0,20.0,0.0,0.0,0.581,2.0414225459098816,1.6617351770401,0.3796874210238457,0.0,20.0,0.0,0.0
baseline,0,33,0.0,0.0,1.0,0.47755102040816333,0.5988888888888889,1.9850533141030207,1.5937364134523604,0.39131689154439503,0.0,20.0,0.0,0.0,0.59,2.0762818455696106,1.6822975873947144,0.39398428797721863,0.0,20.0,0.0,0.0
baseline,0,34,0.0,0.0,1.0,0.46122448979591835,0.6038888888888889,1.9803255200386047,1.5855017635557387,0.39482375648286605,0.0,20.0,0.0,0.0,0.589,2.051025837659836,1.6692344844341278,0.3817913457751274,0.0,20.0,0.0,0.0
baseline,0,35,0.0,0.0,1.0,0.4448979591836735,0.6037777777777777,1.970443821615643,1.5789317356215582,0.39151209592819214,0.0,20.0,0.0,0.0,0.598,2.076705753803253,1.6746819615364075,0.40202372521162033,0.0,20.0,0.0,0.0
baseline,0,36,0.0,0.0,1.0,0.4285714285714285,0.5953333333333334,1.9851549234655168,1.5921559532483418,0.39299897683991325,0.0,20.0,0.0,0.0,0.601,2.016644299030304,1.6416634917259216,0.3749808073043823,0.0,20.0,0.0,0.0
baseline,0,37,0.0,0.0,1.0,0.4122448979591836,0.6052222222222222,1.986568917830785,1.5875940124193828,0.3989749054114024,0.0,20.0,0.0,0.0,0.588,2.0293928682804108,1.636423259973526,0.39296963810920715,0.0,20.0,0.0,0.0
baseline,0,38,0.0,0.0,1.0,0.39591836734693875,0.6002222222222222,1.9763817886511486,1.5857841306262546,0.3905976679590013,0.0,20.0,0.0,0.0,0.598,2.0628295838832855,1.6715396046638489,0.39128996431827545,0.0,20.0,0.0,0.0
baseline,0,39,0.0,0.0,1.0,0.3795918367346939,0.6038888888888889,1.96798371275266,1.5762727823522356,0.39171092708905536,0.0,20.0,0.0,0.0,0.6,2.0712831616401672,1.6725551187992096,0.39872806519269943,0.0,20.0,0.0,0.0
baseline,0,40,0.0,0.0,1.0,0.3632653061224489,0.6037777777777777,1.9647319780455694,1.578554415040546,0.38617755307091606,0.0,20.0,0.0,0.0,0.594,2.0475985407829285,1.6503025889396667,0.3972959369421005,0.0,20.0,0.0,0.0
baseline,0,41,0.0,0.0,1.0,0.346938775510204,0.6077777777777778,1.9612023399935827,1.571916616625256,0.38928573081890744,0.0,20.0,0.0,0.0,0.595,2.0484083890914917,1.6501544117927551,0.3982539772987366,0.0,20.0,0.0,0.0
baseline,0,42,0.0,0.0,1.0,0.33061224489795915,0.6045555555555555,1.9575345185067918,1.573585079775916,0.3839494420422448,0.0,20.0,0.0,0.0,0.597,2.0753884613513947,1.6530177593231201,0.4223707467317581,0.0,20.0,0.0,0.0
baseline,0,43,0.0,0.0,1.0,0.3142857142857143,0.6057777777777777,1.9630416267448,1.5760296152697668,0.3870120131307178,0.0,20.0,0.0,0.0,0.581,2.0429214239120483,1.644231140613556,0.39869026094675064,0.0,20.0,0.0,0.0
baseline,0,44,0.0,0.0,1.0,0.2979591836734694,0.6094444444444445,1.945756647321913,1.5636997885174222,0.38205685797664857,0.0,20.0,0.0,0.0,0.596,2.0590499937534332,1.6567750573158264,0.402274914085865,0.0,20.0,0.0,0.0
baseline,0,45,0.0,0.0,1.0,0.2816326530612244,0.598,1.9567272265752156,1.5684255725807614,0.3883016597893503,0.0,20.0,0.0,0.0,0.585,2.0991222858428955,1.6756795346736908,0.42344269156455994,0.0,20.0,0.0,0.0
baseline,0,46,0.0,0.0,1.0,0.26530612244897955,0.6033333333333334,1.9501432875792186,1.5697177814112768,0.38042550451225704,0.0,20.0,0.0,0.0,0.592,2.0484651625156403,1.671373188495636,0.3770919367671013,0.0,20.0,0.0,0.0
baseline,0,47,0.0,0.0,1.0,0.24897959183673457,0.6045555555555555,1.9462091227372487,1.563434534602695,0.38277459558513427,0.0,20.0,0.0,0.0,0.602,2.0297871232032776,1.669756919145584,0.3600301891565323,0.0,20.0,0.0,0.0
baseline,0,48,0.0,0.0,1.0,0.2326530612244898,0.6062222222222222,1.962476332982381,1.573254108428955,0.38922222124205696,0.0,20.0,0.0,0.0,0.589,2.06755268573761,1.667658805847168,0.3998938947916031,0.0,20.0,0.0,0.0
baseline,0,49,0.0,0.0,1.0,0.21632653061224483,0.606,1.9382598565684424,1.5526517298486497,0.38560811347431606,0.0,20.0,0.0,0.0,0.593,2.051119565963745,1.6493899822235107,0.40172959864139557,0.0,20.0,0.0,0.0
baseline,0,50,0.0,0.0,1.0,0.19999999999999996,0.6072222222222222,1.9407793250348833,1.5588990085654788,0.3818803189529313,0.0,20.0,0.0,0.0,0.596,2.043391168117523,1.644836187362671,0.3985549882054329,0.0,20.0,0.0,0.0
uncertainty_cost,0,1,0.0,0.3,1.0,1.0,0.31777777777777777,9.694117705027262,2.6328998340500727,0.6270485296845436,6.342589484320746,21.141963958740234,0.0915798611111111,0.0915798611111111,0.453,8.978487968444824,2.199608027935028,0.4638581797480583,6.315021872520447,21.050071716308594,0.0,0.0
uncertainty_cost,0,2,0.0,0.3,1.0,0.9836734693877551,0.4602222222222222,8.869624667697483,2.113567097319497,0.4400635121597184,6.315994090504116,21.053312672509087,0.0,0.0,0.457,8.769473552703857,2.033312737941742,0.4253365099430084,6.310824394226074,21.03607988357544,0.0,0.0
uncertainty_cost,0,3,0.0,0.3,1.0,0.9673469387755103,0.4836666666666667,8.735893090566,1.9837389257219102,0.4414968407816357,6.310657315784031,21.03552352057563,0.0,0.0,0.495,8.687323093414307,1.9229248464107513,0.4496721252799034,6.314726233482361,21.049086570739746,0.0,0.0
uncertainty_cost,0,4,0.0,0.3,1.0,0.9510204081632653,0.515,8.657169395022922,1.8998380270269182,0.44605400496058994,6.31127745575375,21.03759060965644,0.0,0.0,0.524,8.69605565071106,1.9595431983470917,0.42544738203287125,6.311065077781677,21.036882400512695,0.0,0.0
uncertainty_cost,0,5,0.0,0.3,1.0,0.9346938775510204,0.528,8.615903509987724,1.8735585477617052,0.4280914010273086,6.314253634876675,21.04751115375095,0.0,0.0,0.521,8.571604490280151,1.8431283235549927,0.40967363864183426,6.318802356719971,21.062674045562744,0.0,0.0
uncertainty_cost,0,6,0.0,0.3,1.0,0.9183673469387755,0.5374444444444444,8.582433488633898,1.835638662179311,0.42689206037256455,6.3199027511808605,21.066341612074112,0.0,0.0,0.546,8.659409999847412,1.9164114892482758,0.4264966920018196,6.31650185585022,21.055005073547363,0.0,0.0
uncertainty_cost,0,7,0.0,0.3,1.0,0.9020408163265305,0.5493333333333333,8.576235161887276,1.823059555557039,0.43616181694799,6.3170138067669335,21.056711620754665,0.0,0.0,0.545,8.604465007781982,1.8902018666267395,0.4049350470304489,6.309328079223633,21.031092643737793,0.0,0.0
uncertainty_cost,0,8,0.0,0.3,1.0,0.8857142857142857,0.5454444444444444,8.550737592909071,1.8115740087297227,0.4243318620655272,6.31483174694909,21.04943821165297,0.0,0.0,0.537,8.59498143196106,1.8590871393680573,0.42158447951078415,6.31430971622467,21.047698497772217,0.0,0.0
uncertainty_cost,0,9,0.0,0.3,1.0,0.8693877551020408,0.5448888888888889,8.536444822947184,1.801014569070604,0.4218467391199536,6.313583506478204,21.0452774365743,0.0,0.0,0.546,8.530107259750366,1.8113448321819305,0.4058886915445328,6.312873601913452,21.042911052703857,0.0,0.0
uncertainty_cost,0,10,0.0,0.3,1.0,0.8530612244897959,0.5523333333333333,8.505617433124119,1.7726976407898798,0.42006869200203156,6.312851111094157,21.042836136288113,0.0,0.0,0.542,8.58808422088623,1.835560828447342,0.4449065253138542,6.307616591453552,21.02538776397705,0.0,0.0
uncertainty_cost,0,11,0.0,0.3,1.0,0.8367346938775511,0.5492222222222222,8.527482483122084,1.7953674362765417,0.4210237016280492,6.311091383298238,21.03697024451362,0.0,0.0,0.532,8.52902865409851,1.7944231927394867,0.42110515385866165,6.313500165939331,21.044999599456787,0.0,0.0
uncertainty_cost,0,12,0.0,0.3,1.0,0.8204081632653061,0.5521111111111111,8.46566981739468,1.7515543964174058,0.4034019460280736,6.310713476604885,21.035710599687363,0.0,0.0,0.551,8.547080516815186,1.8100412487983704,0.42551613599061966,6.3115233182907104,21.038410186767578,0.0,0.0
uncertainty_cost,0,13,0.0,0.3,1.0,0.8040816326530612,0.5545555555555556,8.500252432293362,1.773961130115721,0.41541481183634865,6.310876475440131,21.036253876156277,0.0,0.0,0.549,8.520106315612793,1.835096925497055,0.3780004158616066,6.307008862495422,21.023361682891846,0.0,0.0
uncertainty_cost,0,14,0.0,0.3,1.0,0.7877551020408163,0.5498888888888889,8.468660036722818,1.749197565846973,0.4089372762375408,6.3105251921547785,21.035083029005264,0.0,0.0,0.53,8.578876256942749,1.8335151374340057,0.4347935691475868,6.310567617416382,21.035224437713623,0.0,0.0
uncertainty_cost,0,15,0.0,0.3,1.0,0.7714285714285715,0.5536666666666666,8.485090891520182,1.7595861355463664,0.4150724626249737,6.310432261890835,21.034773190816242,0.0,0.0,0.539,8.620388269424438,1.8957939445972443,0.41725776344537735,6.307336807250977,21.024455070495605,0.0,0.0
uncertainty_cost,0,16,0.0,0.3,1.0,0.7551020408163265,0.5563333333333333,8.484919627507528,1.7587676743666332,0.4163455706503656,6.309806333647834,21.032686710357666,0.0,0.0,0.56,8.521742820739746,1.7844695448875427,0.42597219347953796,6.311301112174988,21.03766918182373,0.0,0.0
uncertainty_cost,0,17,0.0,0.3,1.0,0.7387755102040816,0.5605555555555556,8.45505534278022,1.743744409746594,0.40196710493829513,6.309343801604377,21.031145148807102,0.0,0.0,0.555,8.46182894706726,1.7442041635513306,0.4097217917442322,6.307902932167053,21.026341915130615,0.0,0.0
uncertainty_cost,0,18,0.0,0.3,1.0,0.7224489795918367,0.5634444444444444,8.450389411714342,1.735646175013648,0.403501455568605,6.311241772439745,21.03747166527642,0.0,0.0,0.537,8.553648471832275,1.8310447931289673,0.41042613983154297,6.312177419662476,21.040590286254883,0.0,0.0
uncertainty_cost,0,19,0.0,0.3,1.0,0.7061224489795919,0.5564444444444444,8.4684595796797,1.746736745039622,0.4118867094318072,6.3098360829883156,21.032786051432293,0.0,0.0,0.554,8.455050945281982,1.7483738958835602,0.39905381202697754,6.307623267173767,21.025410175323486,0.0,0.0
uncertainty_cost,0,20,0.0,0.3,1.0,0.689795918367347,0.5622222222222222,8.449653625488281,1.7251755893230438,0.4144555818703439,6.3100224998262195,21.033407317267525,0.0,0.0,0.565,8.478020429611206,1.7820963263511658,0.38464122265577316,6.311282992362976,21.037609100341797,0.0,0.0
uncertainty_cost,0,21,0.0,0.3,1.0,0.673469387755102,0.5658888888888889,8.444490247302586,1.720153917868932,0.413481679227617,6.310854660140143,21.03618123796251,0.0,0.0,0.557,8.50996470451355,1.7632640600204468,0.429205060005188,6.317495346069336,21.058316707611084,0.0,0.0
uncertainty_cost,0,22,0.0,0.3,1.0,0.6571428571428571,0.5631111111111111,8.423329909642538,1.7131453586949243,0.4006393030285835,6.309545265303718,21.031816694471573,0.0,0.0,0.559,8.464771032333374,1.7606317102909088,0.3936934769153595,6.310445785522461,21.034818172454834,0.0,0.0
uncertainty_cost,0,23,0.0,0.3,1.0,0.6408163265306122,0.562,8.451229174931845,1.7238597207599216,0.41903089069657856,6.308338562647502,21.02779425515069,0.0,0.0,0.563,8.465206146240234,1.758233904838562,0.3989715129137039,6.308000802993774,21.026668071746826,0.0,0.0
uncertainty_cost,0,24,0.0,0.3,1.0,0.6244897959183673,0.5667777777777778,8.413585821787516,1.6982194383939107,0.4069099898139636,6.3084564208984375,21.02818711598714,0.0,0.0,0.549,8.459281921386719,1.7502609193325043,0.39992860704660416,6.309092402458191,21.030306816101074,0.0,0.0
uncertainty_cost,0,25,0.0,0.3,1.0,0.6081632653061224,0.5615555555555556,8.429779781235588,1.7044215036763086,0.4161064037018352,6.30925186475118,21.030838595496284,0.0,0.0,0.572,8.482382535934448,1.7572182714939117,0.4137054532766342,6.311458706855774,21.03819465637207,0.0,0.0
uncertainty_cost,0,26,0.0,0.3,1.0,0.5918367346938775,0.5675555555555556,8.415672726101345,1.6968035863505468,0.4102747299604946,6.308594399028355,21.028646998935276,0.0,0.0,0.565,8.469947814941406,1.7737184464931488,0.38873279094696045,6.307496666908264,21.024988174438477,0.0,0.0
uncertainty_cost,0,27,0.0,0.3,1.0,0.5755102040816327,0.568,8.435496012369791,1.715775705046124,0.41145244075192344,6.308267871538798,21.02755864461263,0.0,0.0,0.564,8.444454431533813,1.728974848985672,0.40651579946279526,6.308963418006897,21.029876708984375,0.0,0.0
uncertainty_cost,0,28,0.0,0.3,1.0,0.5591836734693878,0.5672222222222222,8.422095272276136,1.702876369158427,0.4098586125506295,6.3093602657318115,21.031199985080296,0.0,0.0,0.54,8.481450319290161,1.7532489895820618,0.41519858688116074,6.313002705574036,21.043341636657715,0.0,0.0
uncertainty_cost,0,29,0.0,0.3,1.0,0.5428571428571429,0.5725555555555556,8.423166672388712,1.7018140024609036,0.4114685580134392,6.309884071350098,21.032945844862198,0.0,0.0,0.578,8.449569940567017,1.7247461676597595,0.4130055531859398,6.311818480491638,21.03939437866211,0.0,0.0
uncertainty_cost,0,30,0.0,0.3,1.0,0.5265306122448979,0.5661111111111111,8.418251276016235,1.7001763317320082,0.40901655952135724,6.3090583483378095,21.03019354078505,0.0,0.0,0.567,8.459587574005127,1.7353990375995636,0.41371985524892807,6.310468673706055,21.034894466400146,0.0,0.0
uncertainty_cost,0,31,0.0,0.3,1.0,0.510204081632653,0.5582222222222222,8.40580447514852,1.6986679236094158,0.39835457255442935,6.308781994713677,21.02927239735921,0.0,0.0,0.56,8.518376588821411,1.7805162370204926,0.4300006553530693,6.307859897613525,21.026198387145996,0.0,0.0
uncertainty_cost,0,32,0.0,0.3,1.0,0.4938775510204081,0.5673333333333334,8.402103821436564,1.6827868521213531,0.40881330768267315,6.310503641764323,21.035011238522,0.0,0.0,0.548,8.428350448608398,1.7188138961791992,0.39570850133895874,6.313828110694885,21.046092987060547,0.0,0.0
uncertainty_cost,0,33,0.0,0.3,1.0,0.47755102040816333,0.5617777777777778,8.426096147961086,1.702004502216975,0.4131618142127991,6.310929788483514,21.036431736416286,0.0,0.0,0.563,8.457595825195312,1.7446962594985962,0.4048578664660454,6.308042049407959,21.026805877685547,0.0,0.0
uncertainty_cost,0,34,0.0,0.3,1.0,0.46122448979591835,0.568,8.414063082800972,1.6931554443306394,0.41112126575575936,6.309786306487189,21.032619953155518,0.0,0.0,0.57,8.458591222763062,1.7535324096679688,0.39567074179649353,6.309387683868408,21.031291007995605,0.0,0.0
uncertainty_cost,0,35,0.0,0.3,1.0,0.4448979591836735,0.5694444444444444,8.392464028464424,1.678084479437934,0.4070436590247684,6.30733597278595,21.024452262454563,0.0,0.0,0.561,8.487187385559082,1.7517434358596802,0.4242999777197838,6.311144232749939,21.03714656829834,0.0,0.0
uncertainty_cost,0,36,0.0,0.3,1.0,0.4285714285714285,0.5677777777777778,8.405771732330322,1.6904345088534884,0.40652797205580604,6.308809280395508,21.029363261328804,0.0,0.0,0.564,8.448073148727417,1.750099629163742,0.3898228406906128,6.308150768280029,21.02716827392578,0.0,0.0
uncertainty_cost,0,37,0.0,0.3,1.0,0.4122448979591836,0.5702222222222222,8.422787454393175,1.7009251217047374,0.4132327412565549,6.308629565768772,21.028764247894287,0.0,0.0,0.552,8.449170351028442,1.7357544898986816,0.40469279885292053,6.308722972869873,21.029075622558594,0.0,0.0
uncertainty_cost,0,38,0.0,0.3,1.0,0.39591836734693875,0.5664444444444444,8.405298312505087,1.690268274810579,0.4067680454916424,6.308261911074321,21.027538829379612,0.0,0.0,0.557,8.488906145095825,1.7680967450141907,0.4063333719968796,6.314475893974304,21.048251628875732,0.0,0.0
uncertainty_cost,0,39,0.0,0.3,1.0,0.3795918367346939,0.5694444444444444,8.403823826048109,1.6847069693936243,0.40892086923122406,6.310196015569899,21.033985773722332,0.0,0.0,0.56,8.50997018814087,1.793477475643158,0.4073803722858429,6.309112071990967,21.030372619628906,0.0,0.0
uncertainty_cost,0,40,0.0,0.3,1.0,0.3632653061224489,0.5684444444444444,8.409811390770805,1.694095300303565,0.4056449242764049,6.3100711239708795,21.033569441901314,0.0,0.0,0.565,8.452322006225586,1.7381882667541504,0.40229053795337677,6.311843395233154,21.03947687149048,0.0,0.0
uncertainty_cost,0,41,0.0,0.3,1.0,0.346938775510204,0.5723333333333334,8.40955670674642,1.6894412371847365,0.40849074141846764,6.311624778641595,21.038748264312744,0.0,0.0,0.566,8.43910813331604,1.7229187488555908,0.4044093191623688,6.311780214309692,21.03926658630371,0.0,0.0
uncertainty_cost,0,42,0.0,0.3,1.0,0.33061224489795915,0.5705555555555556,8.408242093192207,1.6952733827961817,0.40136971904171836,6.311599029435052,21.038662486606174,0.0,0.0,0.572,8.485042095184326,1.7575482428073883,0.4164142981171608,6.311079502105713,21.036930561065674,0.0,0.0
uncertainty_cost,0,43,0.0,0.3,1.0,0.3142857142857143,0.5691111111111111,8.412213881810507,1.698498182826572,0.4032511098517312,6.310464554362827,21.034881008995903,0.0,0.0,0.561,8.479099988937378,1.7606467306613922,0.40967683494091034,6.308776378631592,21.02925395965576,0.0,0.0
uncertainty_cost,0,44,0.0,0.3,1.0,0.2979591836734694,0.57,8.39616290728251,1.6830388969845242,0.400430544382996,6.312693463431464,21.042310661739773,0.0,0.0,0.567,8.479835271835327,1.756587654352188,0.4092799425125122,6.313967704772949,21.046557903289795,0.0,0.0
uncertainty_cost,0,45,0.0,0.3,1.0,0.2816326530612244,0.5705555555555556,8.387463596132067,1.6702543298403423,0.40654678146044415,6.310662388801575,21.035540262858074,0.0,0.0,0.55,8.462889671325684,1.7279218137264252,0.42613954842090607,6.308828353881836,21.02942657470703,0.0,0.0
uncertainty_cost,0,46,0.0,0.3,1.0,0.26530612244897955,0.5653333333333334,8.390658484564888,1.682987050877677,0.39873702824115753,6.308934397167629,21.02978033489651,0.0,0.0,0.572,8.461978673934937,1.7671125531196594,0.38521508127450943,6.309651255607605,21.032169818878174,0.0,0.0
uncertainty_cost,0,47,0.0,0.3,1.0,0.24897959183673457,0.5678888888888889,8.393587244881523,1.6842375695705414,0.40053048895465004,6.308819188012017,21.029396322038437,0.0,0.0,0.561,8.445886373519897,1.7624465227127075,0.3744489476084709,6.308990836143494,21.02996826171875,0.0,0.0
uncertainty_cost,0,48,0.0,0.3,1.0,0.2326530612244898,0.5646666666666667,8.39371387163798,1.6776116655932531,0.40651604533195496,6.309586114353603,21.0319529109531,0.0,0.0,0.569,8.466484069824219,1.748248279094696,0.40871406346559525,6.309521555900574,21.031737327575684,0.0,0.0
uncertainty_cost,0,49,0.0,0.3,1.0,0.21632653061224483,0.5661111111111111,8.390269941753811,1.6759471661514707,0.40392141623629463,6.3104014661577015,21.03467056486342,0.0,0.0,0.555,8.45815896987915,1.7431133687496185,0.4046451523900032,6.310400128364563,21.034666061401367,0.0,0.0
uncertainty_cost,0,50,0.0,0.3,1.0,0.19999999999999996,0.5708888888888889,8.374867227342394,1.6677199635240767,0.3977739065885544,6.309373272789849,21.03124321831597,0.0,0.0,0.567,8.445590734481812,1.7282518446445465,0.4043925106525421,6.312946438789368,21.043153762817383,0.0,0.0
baseline,1,1,0.0,0.0,1.0,1.0,0.3507777777777778,3.300959368546804,2.519261790646447,0.6912027713325288,0.0,20.0,0.09049479166666667,0.09049479166666667,0.467,2.681844651699066,2.151532471179962,0.530312180519104,0.0,20.0,0.0,0.0
baseline,1,2,0.0,0.0,1.0,0.9836734693877551,0.5073333333333333,2.4579530689451428,1.9916090302997165,0.46634404940737617,0.0,20.0,0.0,0.0,0.502,2.4520322680473328,1.9872578978538513,0.46477435529232025,0.0,20.0,0.0,0.0
baseline,1,3,0.0,0.0,1.0,0.9673469387755103,0.5336666666666666,2.2936676111486225,1.8377838962607913,0.4558836867411931,0.0,20.0,0.0,0.0,0.537,2.281908929347992,1.8362736999988556,0.44563519954681396,0.0,20.0,0.0,0.0
baseline,1,4,0.0,0.0,1.0,0.9510204081632653,0.5511111111111111,2.2233033974965415,1.7772332694795396,0.44607013463974,0.0,20.0,0.0,0.0,0.537,2.259646236896515,1.8291358053684235,0.43051041662693024,0.0,20.0,0.0,0.0
baseline,1,5,0.0,0.0,1.0,0.9346938775510204,0.5575555555555556,2.190011845694648,1.759320593542523,0.4306912620862325,0.0,20.0,0.0,0.0,0.554,2.215213418006897,1.78749680519104,0.4277166500687599,0.0,20.0,0.0,0.0
baseline,1,6,0.0,0.0,1.0,0.9183673469387755,0.568,2.156472851832708,1.7296468615531921,0.42682599193520016,0.0,20.0,0.0,0.0,0.567,2.2076733708381653,1.770908772945404,0.4367646649479866,0.0,20.0,0.0,0.0
baseline,1,7,0.0,0.0,1.0,0.9020408163265305,0.5722222222222222,2.1287072632047863,1.7058292395538754,0.4228780253065957,0.0,20.0,0.0,0.0,0.58,2.1569995880126953,1.7461160123348236,0.4108835756778717,0.0,20.0,0.0,0.0
baseline,1,8,0.0,0.0,1.0,0.8857142857142857,0.5763333333333334,2.127361671792136,1.709304885731803,0.4180567827489641,0.0,20.0,0.0,0.0,0.575,2.145065486431122,1.7378084361553192,0.4072570726275444,0.0,20.0,0.0,0.0
baseline,1,9,0.0,0.0,1.0,0.8693877551020408,0.5716666666666667,2.110232720772425,1.6801090439160664,0.4301236718893051,0.0,20.0,0.0,0.0,0.581,2.154313802719116,1.7361139357089996,0.418199859559536,0.0,20.0,0.0,0.0
baseline,1,10,0.0,0.0,1.0,0.8530612244897959,0.5783333333333334,2.0983100765281253,1.6945293148358662,0.40378076914283967,0.0,20.0,0.0,0.0,0.569,2.151020884513855,1.7194689810276031,0.43155182898044586,0.0,20.0,0.0,0.0
baseline,1,11,0.0,0.0,1.0,0.8367346938775511,0.5763333333333334,2.096686366531584,1.6816738579008315,0.41501252187622917,0.0,20.0,0.0,0.0,0.577,2.1222336292266846,1.7253577411174774,0.39687584340572357,0.0,20.0,0.0,0.0
baseline,1,12,0.0,0.0,1.0,0.8204081632653061,0.5814444444444444,2.088002430068122,1.6790790888998244,0.40892333620124394,0.0,20.0,0.0,0.0,0.585,2.126462757587433,1.7260125577449799,0.4004501774907112,0.0,20.0,0.0,0.0
baseline,1,13,0.0,0.0,1.0,0.8040816326530612,0.5821111111111111,2.074816200468275,1.669992019732793,0.4048241749405861,0.0,20.0,0.0,0.0,0.581,2.13164359331131,1.7311057150363922,0.40053781121969223,0.0,20.0,0.0,0.0
baseline,1,14,0.0,0.0,1.0,0.7877551020408163,0.5861111111111111,2.068349278635449,1.6740135153134663,0.3943357724282477,0.0,20.0,0.0,0.0,0.589,2.1195305585861206,1.7200151085853577,0.39951546490192413,0.0,20.0,0.0,0.0
baseline,1,15,0.0,0.0,1.0,0.7714285714285715,0.5843333333333334,2.0436151093906827,1.641220639149348,0.402394471069177,0.0,20.0,0.0,0.0,0.567,2.101556360721588,1.6872241795063019,0.41433215886354446,0.0,20.0,0.0,0.0
baseline,1,16,0.0,0.0,1.0,0.7551020408163265,0.588,2.0515404211150274,1.6482065353128645,0.4033338882856899,0.0,20.0,0.0,0.0,0.586,2.0875831246376038,1.6846640706062317,0.40291909128427505,0.0,20.0,0.0,0.0
baseline,1,17,0.0,0.0,1.0,0.7387755102040816,0.583,2.0530151426792145,1.6412049267027113,0.41181021018160713,0.0,20.0,0.0,0.0,0.582,2.0640734136104584,1.6770086586475372,0.3870647922158241,0.0,20.0,0.0,0.0
baseline,1,18,0.0,0.0,1.0,0.7224489795918367,0.5927777777777777,2.0349534352620444,1.6372769508096907,0.3976764894194073,0.0,20.0,0.0,0.0,0.591,2.080332249403,1.6923123002052307,0.38801998645067215,0.0,20.0,0.0,0.0
baseline,1,19,0.0,0.0,1.0,0.7061224489795919,0.585,2.0473164286878376,1.6428256101078458,0.40449082685841453,0.0,20.0,0.0,0.0,0.597,2.0964202880859375,1.6869933605194092,0.4094269275665283,0.0,20.0,0.0,0.0
baseline,1,20,0.0,0.0,1.0,0.689795918367347,0.5911111111111111,2.0361481143368616,1.6306860480043623,0.40546206302113,0.0,20.0,0.0,0.0,0.58,2.0857142210006714,1.6932571530342102,0.39245710521936417,0.0,20.0,0.0,0.0
baseline,1,21,0.0,0.0,1.0,0.673469387755102,0.5873333333333334,2.023919850587845,1.6247335506810083,0.39918629825115204,0.0,20.0,0.0,0.0,0.581,2.1243582367897034,1.6982313096523285,0.4261269122362137,0.0,20.0,0.0,0.0
baseline,1,22,0.0,0.0,1.0,0.6571428571428571,0.5906666666666667,2.0111593206723533,1.6217079891098871,0.389451308382882,0.0,20.0,0.0,0.0,0.593,2.0865811109542847,1.6825957894325256,0.40398529917001724,0.0,20.0,0.0,0.0
baseline,1,23,0.0,0.0,1.0,0.6408163265306122,0.5947777777777777,2.0171549055311413,1.6186888482835557,0.3984660622146394,0.0,20.0,0.0,0.0,0.585,2.1283828616142273,1.7082596719264984,0.4201231971383095,0.0,20.0,0.0,0.0
baseline,1,24,0.0,0.0,1.0,0.6244897959183673,0.5958888888888889,1.9923984011014302,1.6026792128880818,0.3897191882133484,0.0,20.0,0.0,0.0,0.594,2.0579293370246887,1.6692021787166595,0.3887271285057068,0.0,20.0,0.0,0.0
baseline,1,25,0.0,0.0,1.0,0.6081632653061224,0.5973333333333334,2.004900164074368,1.603888836171892,0.40101133783658344,0.0,20.0,0.0,0.0,0.581,2.0933517813682556,1.6942788064479828,0.3990729749202728,0.0,20.0,0.0,0.0
baseline,1,26,0.0,0.0,1.0,0.5918367346938775,0.5963333333333334,1.9951073361767664,1.5979520248042212,0.3971553064054913,0.0,20.0,0.0,0.0,0.592,2.0845733880996704,1.6703257858753204,0.4142475798726082,0.0,20.0,0.0,0.0
baseline,1,27,0.0,0.0,1.0,0.5755102040816327,0.5971111111111111,2.0012215872605643,1.610145737727483,0.3910758536722925,0.0,20.0,0.0,0.0,0.604,2.0508906841278076,1.6489651203155518,0.40192554891109467,0.0,20.0,0.0,0.0
baseline,1,28,0.0,0.0,1.0,0.5591836734693878,0.5955555555555555,2.0037367078993054,1.6063872973124187,0.39734941141472924,0.0,20.0,0.0,0.0,0.593,2.076674848794937,1.6665138006210327,0.4101611077785492,0.0,20.0,0.0,0.0
baseline,1,29,0.0,0.0,1.0,0.5428571428571429,0.6045555555555555,1.9838350150320265,1.597773293654124,0.3860617172386911,0.0,20.0,0.0,0.0,0.59,2.1170592308044434,1.685965359210968,0.43109383434057236,0.0,20.0,0.0,0.0
baseline,1,30,0.0,0.0,1.0,0.5265306122448979,0.6023333333333334,2.00150837832027,1.6061030758751764,0.39540529747804004,0.0,20.0,0.0,0.0,0.589,2.0855894684791565,1.691897213459015,0.3936922624707222,0.0,20.0,0.0,0.0
baseline,1,31,0.0,0.0,1.0,0.510204081632653,0.5998888888888889,1.9915602935685053,1.5933484898673163,0.39821179542276597,0.0,20.0,0.0,0.0,0.596,2.0655464828014374,1.6659952104091644,0.39955129474401474,0.0,20.0,0.0,0.0
baseline,1,32,0.0,0.0,1.0,0.4938775510204081,0.6028888888888889,1.9783237444029913,1.5937048263019986,0.38461891810099286,0.0,20.0,0.0,0.0,0.591,2.070376396179199,1.6656737327575684,0.40470263361930847,0.0,20.0,0.0,0.0
baseline,1,33,0.0,0.0,1.0,0.47755102040816333,0.6041111111111112,1.975121666987737,1.5807497104008992,0.3943719541033109,0.0,20.0,0.0,0.0,0.588,2.031313508749008,1.6513921022415161,0.3799213841557503,0.0,20.0,0.0,0.0
baseline,1,34,0.0,0.0,1.0,0.46122448979591835,0.6021111111111112,1.9803398152192433,1.5907780594295926,0.38956176075670457,0.0,20.0,0.0,0.0,0.582,2.0688323378562927,1.6807721853256226,0.38806018233299255,0.0,20.0,0.0,0.0
baseline,1,35,0.0,0.0,1.0,0.4448979591836735,0.6007777777777777,1.9815418620904286,1.594353844722112,0.38718801074557835,0.0,20.0,0.0,0.0,0.59,2.0498929917812347,1.64804008603096,0.40185289829969406,0.0,20.0,0.0,0.0
baseline,1,36,0.0,0.0,1.0,0.4285714285714285,0.602,1.9805751906500921,1.583683239089118,0.3968919399711821,0.0,20.0,0.0,0.0,0.596,2.045434206724167,1.6576402187347412,0.3877939209342003,0.0,20.0,0.0,0.0
baseline,1,37,0.0,0.0,1.0,0.4122448979591836,0.6014444444444444,1.9708116816149817,1.5876185297966003,0.38319316258033115,0.0,20.0,0.0,0.0,0.606,2.0583818554878235,1.6668185591697693,0.3915633261203766,0.0,20.0,0.0,0.0
baseline,1,38,0.0,0.0,1.0,0.39591836734693875,0.6047777777777777,1.9645622207058802,1.5800783567958407,0.38448384321398205,0.0,20.0,0.0,0.0,0.588,2.0369470715522766,1.6567943096160889,0.38015274703502655,0.0,20.0,0.0,0.0
baseline,1,39,0.0,0.0,1.0,0.3795918367346939,0.61,1.9724594751993816,1.5883341034253438,0.38412538998656803,0.0,20.0,0.0,0.0,0.604,2.04865700006485,1.6606309711933136,0.3880259543657303,0.0,20.0,0.0,0.0
baseline,1,40,0.0,0.0,1.0,0.3632653061224489,0.607,1.9485366344451904,1.5642538335588243,0.3842828008863661,0.0,20.0,0.0,0.0,0.602,2.0683345794677734,1.6774976253509521,0.3908369392156601,0.0,20.0,0.0,0.0
baseline,1,41,0.0,0.0,1.0,0.346938775510204,0.6041111111111112,1.9501892692512937,1.5636939770645566,0.3864952739742067,0.0,20.0,0.0,0.0,0.59,2.0209752321243286,1.6206555366516113,0.4003196880221367,0.0,20.0,0.0,0.0
baseline,1,42,0.0,0.0,1.0,0.33061224489795915,0.6046666666666667,1.9634716245863173,1.578035122818417,0.385436506734954,0.0,20.0,0.0,0.0,0.594,2.0268028378486633,1.6347749829292297,0.39202781021595,0.0,20.0,0.0,0.0
baseline,1,43,0.0,0.0,1.0,0.3142857142857143,0.6061111111111112,1.93348138862186,1.5541506442758772,0.3793307522104846,0.0,20.0,0.0,0.0,0.604,2.0386411249637604,1.6482045948505402,0.390436552464962,0.0,20.0,0.0,0.0
baseline,1,44,0.0,0.0,1.0,0.2979591836734694,0.6053333333333333,1.935012227959103,1.5601604282855988,0.3748517913950814,0.0,20.0,0.0,0.0,0.604,2.050226867198944,1.673203945159912,0.3770229443907738,0.0,20.0,0.0,0.0
baseline,1,45,0.0,0.0,1.0,0.2816326530612244,0.6065555555555555,1.9634718000888824,1.5728691154056125,0.3906027012401157,0.0,20.0,0.0,0.0,0.595,2.0457666516304016,1.6430074572563171,0.4027591720223427,0.0,20.0,0.0,0.0
baseline,1,46,0.0,0.0,1.0,0.26530612244897955,0.6035555555555555,1.967033435901006,1.5778538485368092,0.3891795939869351,0.0,20.0,0.0,0.0,0.591,2.092305362224579,1.686587631702423,0.4057176932692528,0.0,20.0,0.0,0.0
baseline,1,47,0.0,0.0,1.0,0.24897959183673457,0.6048888888888889,1.9386685887972515,1.5530171659257677,0.3856514245271683,0.0,20.0,0.0,0.0,0.588,2.0563270449638367,1.646483838558197,0.40984322875738144,0.0,20.0,0.0,0.0
baseline,1,48,0.0,0.0,1.0,0.2326530612244898,0.6048888888888889,1.9560629228750865,1.5686014162169561,0.3874615223871337,0.0,20.0,0.0,0.0,0.591,2.023112714290619,1.6584811210632324,0.36463161557912827,0.0,20.0,0.0,0.0
baseline,1,49,0.0,0.0,1.0,0.21632653061224483,0.6095555555555555,1.934863289197286,1.5565804309315152,0.3782828582657708,0.0,20.0,0.0,0.0,0.595,2.076834797859192,1.6640271842479706,0.4128076061606407,0.0,20.0,0.0,0.0
baseline,1,50,0.0,0.0,1.0,0.19999999999999996,0.6064444444444445,1.959180815352334,1.568889362944497,0.3902914689646827,0.0,20.0,0.0,0.0,0.601,2.0516451597213745,1.647309422492981,0.40433574467897415,0.0,20.0,0.0,0.0
uncertainty_cost,1,1,0.0,0.3,1.0,1.0,0.3111111111111111,9.805274301105076,2.703399565484789,0.6951802199085554,6.3161998060014515,21.053998364342583,0.09049479166666667,0.09049479166666667,0.448,9.19354248046875,2.354821562767029,0.5236301273107529,6.315090656280518,21.05030107498169,0.0,0.0
uncertainty_cost,1,2,0.0,0.3,1.0,0.9836734693877551,0.4691111111111111,8.927180369695028,2.16537027226554,0.4499639752838347,6.311846216519673,21.03948646121555,0.0,0.0,0.478,8.914361953735352,2.170660972595215,0.4369823709130287,6.306718468666077,21.02239418029785,0.0,0.0
uncertainty_cost,1,3,0.0,0.3,1.0,0.9673469387755103,0.47988888888888886,8.791664414935642,2.048217316468557,0.4388890754845407,6.304557998975118,21.015192402733696,0.0,0.0,0.461,8.7688570022583,2.0262160897254944,0.4488954544067383,6.293745398521423,20.97915029525757,0.0,0.0
uncertainty_cost,1,4,0.0,0.3,1.0,0.9510204081632653,0.5001111111111111,8.715352773666382,1.9687864482402802,0.4549654838111665,6.291600876384312,20.972002029418945,0.0,0.0,0.486,8.729878902435303,2.00584876537323,0.4333600848913193,6.290669798851013,20.9688982963562,0.0,0.0
uncertainty_cost,1,5,0.0,0.3,1.0,0.9346938775510204,0.512,8.678169992234972,1.9463398688369327,0.4400357637140486,6.291794339815776,20.972646766238743,0.0,0.0,0.504,8.696913480758667,1.9763014614582062,0.42931806296110153,6.291294097900391,20.970979690551758,0.0,0.0
uncertainty_cost,1,6,0.0,0.3,1.0,0.9183673469387755,0.5225555555555556,8.637402243084377,1.9182945324314966,0.4289102587434981,6.29019754462772,20.967324203915066,0.0,0.0,0.509,8.681963920593262,1.9518950879573822,0.44077011942863464,6.28929877281189,20.964327812194824,0.0,0.0
uncertainty_cost,1,7,0.0,0.3,1.0,0.9020408163265305,0.527,8.61354841126336,1.8971628414260016,0.42600952254401314,6.290376040670607,20.967919137742783,0.0,0.0,0.542,8.686030864715576,1.975552260875702,0.4203697293996811,6.290108799934387,20.96702814102173,0.0,0.0
uncertainty_cost,1,8,0.0,0.3,1.0,0.8857142857142857,0.5263333333333333,8.621532811058891,1.9073259698020086,0.424047471748458,6.290159437391493,20.967197206285263,0.0,0.0,0.533,8.592957258224487,1.9030773639678955,0.3994249701499939,6.290454745292664,20.968181133270264,0.0,0.0
uncertainty_cost,1,9,0.0,0.3,1.0,0.8693877551020408,0.5263333333333333,8.599060217539469,1.878222988711463,0.43175193087922203,6.289085229237874,20.9636164771186,0.0,0.0,0.533,8.66687297821045,1.9559336006641388,0.4250287115573883,6.285910725593567,20.953035354614258,0.0,0.0
uncertainty_cost,1,10,0.0,0.3,1.0,0.8530612244897959,0.5297777777777778,8.585045337677002,1.8850447568628523,0.4122626947032081,6.287737833129035,20.9591253068712,0.0,0.0,0.511,8.640027284622192,1.914139300584793,0.4382341206073761,6.2876540422439575,20.95884609222412,0.0,0.0
uncertainty_cost,1,11,0.0,0.3,1.0,0.8367346938775511,0.5252222222222223,8.578708357281155,1.867945048544142,0.42268509169419605,6.288078188896179,20.960259649488663,0.0,0.0,0.533,8.643213510513306,1.9518650770187378,0.40346070379018784,6.2878875732421875,20.95962429046631,0.0,0.0
uncertainty_cost,1,12,0.0,0.3,1.0,0.8204081632653061,0.532,8.574302540885078,1.867204185989168,0.4195294256011645,6.287568873829311,20.958562003241646,0.0,0.0,0.534,8.57417631149292,1.8764681816101074,0.4101249650120735,6.287583231925964,20.95861005783081,0.0,0.0
uncertainty_cost,1,13,0.0,0.3,1.0,0.8040816326530612,0.5305555555555556,8.562499841054281,1.857584575812022,0.4167537780271636,6.288161542680529,20.96053753958808,0.0,0.0,0.519,8.665955543518066,1.9695714116096497,0.40907013416290283,6.287314176559448,20.95771312713623,0.0,0.0
uncertainty_cost,1,14,0.0,0.3,1.0,0.7877551020408163,0.5314444444444445,8.542086972130669,1.8488174908690982,0.4065983585185475,6.286671121915181,20.955569479200577,0.0,0.0,0.542,8.57243824005127,1.8869746327400208,0.3982292711734772,6.287234425544739,20.957447052001953,0.0,0.0
uncertainty_cost,1,15,0.0,0.3,1.0,0.7714285714285715,0.5366666666666666,8.529263814290365,1.8287948568662007,0.41314809686607784,6.287320839034186,20.95773532655504,0.0,0.0,0.543,8.612387418746948,1.903037190437317,0.4218762144446373,6.287474036216736,20.958245754241943,0.0,0.0
uncertainty_cost,1,16,0.0,0.3,1.0,0.7551020408163265,0.5395555555555556,8.548532353507149,1.843427300453186,0.4181274672349294,6.286977582507664,20.956590864393448,0.0,0.0,0.532,8.557114839553833,1.875077098608017,0.3965926468372345,6.2854450941085815,20.95148277282715,0.0,0.0
uncertainty_cost,1,17,0.0,0.3,1.0,0.7387755102040816,0.5368888888888889,8.532447973887125,1.8238723807864718,0.4226709165506893,6.285904698901707,20.95301474465264,0.0,0.0,0.522,8.531980991363525,1.8508842289447784,0.3954196646809578,6.285677194595337,20.952256679534912,0.0,0.0
uncertainty_cost,1,18,0.0,0.3,1.0,0.7224489795918367,0.5394444444444444,8.514751434326172,1.8156370951069727,0.41172701948218876,6.287387291590373,20.95795663197835,0.0,0.0,0.512,8.585557222366333,1.9034520387649536,0.3971230387687683,6.284982085227966,20.949939727783203,0.0,0.0
uncertainty_cost,1,19,0.0,0.3,1.0,0.7061224489795919,0.5366666666666666,8.535049809349907,1.833363241619534,0.4158994158109029,6.285787251260546,20.952623155381943,0.0,0.0,0.54,8.601813316345215,1.8771854639053345,0.43984831124544144,6.2847795486450195,20.94926404953003,0.0,0.0
uncertainty_cost,1,20,0.0,0.3,1.0,0.689795918367347,0.5388888888888889,8.527324782477486,1.8200642102294498,0.42263272653023404,6.284627861446804,20.948758602142334,0.0,0.0,0.548,8.584545373916626,1.9000658690929413,0.3991757333278656,6.285303950309753,20.951011657714844,0.0,0.0
uncertainty_cost,1,21,0.0,0.3,1.0,0.673469387755102,0.5418888888888889,8.514412932925755,1.8200217617882624,0.4093628310494953,6.285028378168742,20.950093587239582,0.0,0.0,0.542,8.593624830245972,1.8808755278587341,0.4267955794930458,6.285953760147095,20.95317840576172,0.0,0.0
uncertainty_cost,1,22,0.0,0.3,1.0,0.6571428571428571,0.5468888888888889,8.49297504954868,1.8001346952385373,0.4034702653686206,6.289370059967041,20.96456585990058,0.0,0.0,0.555,8.551050901412964,1.8505645394325256,0.40833505243062973,6.29215133190155,20.97383689880371,0.0,0.0
uncertainty_cost,1,23,0.0,0.3,1.0,0.6408163265306122,0.5505555555555556,8.50701575809055,1.7992684245109558,0.4166102682550748,6.291137112511529,20.970456070370144,0.0,0.0,0.549,8.621709823608398,1.893527626991272,0.43741705268621445,6.290765166282654,20.969216346740723,0.0,0.0
uncertainty_cost,1,24,0.0,0.3,1.0,0.6244897959183673,0.5495555555555556,8.468164338005913,1.7724269794093237,0.40600816326008904,6.289729264047411,20.965763145022922,0.0,0.0,0.535,8.564801692962646,1.8625212609767914,0.4116738960146904,6.290606737136841,20.968688011169434,0.0,0.0
uncertainty_cost,1,25,0.0,0.3,1.0,0.6081632653061224,0.5523333333333333,8.490485297309029,1.7833933300442166,0.41750460531976485,6.289587378501892,20.96529033448961,0.0,0.0,0.544,8.55132269859314,1.8562219440937042,0.4055493548512459,6.289551496505737,20.965170860290527,0.0,0.0
uncertainty_cost,1,26,0.0,0.3,1.0,0.5918367346938775,0.5504444444444444,8.476524194081625,1.7691401011413999,0.41766689469416934,6.289717237154643,20.965723196665447,0.0,0.0,0.545,8.567970752716064,1.8522001504898071,0.42397790402173996,6.2917927503585815,20.972641468048096,0.0,0.0
uncertainty_cost,1,27,0.0,0.3,1.0,0.5755102040816327,0.556,8.464949131011963,1.748487952682707,0.4121815181440777,6.304279645284017,21.014264583587646,0.0,0.0,0.558,8.510261058807373,1.7868731319904327,0.4207753688097,6.302612900733948,21.008708477020264,0.0,0.0
uncertainty_cost,1,28,0.0,0.3,1.0,0.5591836734693878,0.5604444444444444,8.459356202019585,1.737583190202713,0.4146777879860666,6.307095223002964,21.023649639553494,0.0,0.0,0.55,8.492041826248169,1.7555800378322601,0.4308786243200302,6.305583357810974,21.01861047744751,0.0,0.0
uncertainty_cost,1,29,0.0,0.3,1.0,0.5428571428571429,0.5595555555555556,8.435655064053005,1.7238714926772647,0.4054003084699313,6.306383238898383,21.021276579962837,0.0,0.0,0.551,8.548717737197876,1.80233034491539,0.4359980747103691,6.310389399528503,21.034630298614502,0.0,0.0
uncertainty_cost,1,30,0.0,0.3,1.0,0.5265306122448979,0.5615555555555556,8.450124184290567,1.7258431315422058,0.4167600878410869,6.307520945866902,21.025068865882027,0.0,0.0,0.561,8.475831270217896,1.757157564163208,0.4040885716676712,6.314585328102112,21.048616886138916,0.0,0.0
uncertainty_cost,1,31,0.0,0.3,1.0,0.510204081632653,0.5646666666666667,8.42406087451511,1.6994445820649464,0.41444454507695305,6.310171802838643,21.03390492333306,0.0,0.0,0.563,8.474252462387085,1.759223848581314,0.4093053415417671,6.305723309516907,21.019076824188232,0.0,0.0
uncertainty_cost,1,32,0.0,0.3,1.0,0.4938775510204081,0.5693333333333334,8.420181618796455,1.7081931961907282,0.40235696650213665,6.309631427129109,21.03210385640462,0.0,0.0,0.547,8.481924057006836,1.7495474219322205,0.4193814992904663,6.312994956970215,21.043315887451172,0.0,0.0
uncertainty_cost,1,33,0.0,0.3,1.0,0.47755102040816333,0.5653333333333334,8.4297370645735,1.6983803941143885,0.41800738871097565,6.313349339697096,21.04449674818251,0.0,0.0,0.55,8.527398824691772,1.8331772685050964,0.39656390994787216,6.297657489776611,20.99219036102295,0.0,0.0
uncertainty_cost,1,34,0.0,0.3,1.0,0.46122448979591835,0.5665555555555556,8.427249405119154,1.7077741821606953,0.41252902977996403,6.306946251127455,21.02315314610799,0.0,0.0,0.553,8.455422639846802,1.74905925989151,0.3944912999868393,6.311872124671936,21.039572715759277,0.0,0.0
uncertainty_cost,1,35,0.0,0.3,1.0,0.4448979591836735,0.5664444444444444,8.418374141057333,1.7034637365076277,0.40543043861786526,6.309479965103997,21.031598832872177,0.0,0.0,0.567,8.45767092704773,1.727020800113678,0.4169861301779747,6.313664078712463,21.045546054840088,0.0,0.0
uncertainty_cost,1,36,0.0,0.3,1.0,0.4285714285714285,0.5621111111111111,8.413944562276205,1.6902432375484042,0.41503089004092747,6.308670494291517,21.028900729285347,0.0,0.0,0.565,8.496533155441284,1.780986338853836,0.4036427438259125,6.311903953552246,21.0396785736084,0.0,0.0
uncertainty_cost,1,37,0.0,0.3,1.0,0.4122448979591836,0.5672222222222222,8.403939247131348,1.6924444900618658,0.40361612207359737,6.307878626717462,21.026261064741348,0.0,0.0,0.569,8.462950229644775,1.7505650222301483,0.4072076231241226,6.305177450180054,21.01725721359253,0.0,0.0
uncertainty_cost,1,38,0.0,0.3,1.0,0.39591836734693875,0.5661111111111111,8.403262297312418,1.6878539820512135,0.40701312985685134,6.308395120832655,21.0279827647739,0.0,0.0,0.567,8.473946571350098,1.7762789726257324,0.3927915245294571,6.304876208305359,21.016252994537354,0.0,0.0
uncertainty_cost,1,39,0.0,0.3,1.0,0.3795918367346939,0.5684444444444444,8.4084136750963,1.6979866160286798,0.4051928280128373,6.305234180556403,21.01744614707099,0.0,0.0,0.583,8.43040919303894,1.7188273668289185,0.4044278562068939,6.307153820991516,21.023845195770264,0.0,0.0
uncertainty_cost,1,40,0.0,0.3,1.0,0.3632653061224489,0.5634444444444444,8.383264621098837,1.672117938597997,0.40160737021101844,6.30953934457567,21.03179672029283,0.0,0.0,0.566,8.518428802490234,1.8001167476177216,0.4080691710114479,6.310243129730225,21.03414297103882,0.0,0.0
uncertainty_cost,1,41,0.0,0.3,1.0,0.346938775510204,0.5715555555555556,8.380745066536797,1.6682597365644243,0.4042712524533272,6.308214041921827,21.02737914191352,0.0,0.0,0.559,8.430832386016846,1.7117837369441986,0.4134279862046242,6.305620551109314,21.018733978271484,0.0,0.0
uncertainty_cost,1,42,0.0,0.3,1.0,0.33061224489795915,0.5666666666666667,8.39704638057285,1.6842836803860135,0.4076773060692681,6.305085314644708,21.016950183444553,0.0,0.0,0.561,8.427287817001343,1.718180775642395,0.40298449993133545,6.306122660636902,21.020407676696777,0.0,0.0
uncertainty_cost,1,43,0.0,0.3,1.0,0.3142857142857143,0.5681111111111111,8.377416994836596,1.6711138486862183,0.3994133348266284,6.3068898518880205,21.02296521928575,0.0,0.0,0.567,8.455653667449951,1.7588087916374207,0.39272990077733994,6.304115056991577,21.013715744018555,0.0,0.0
uncertainty_cost,1,44,0.0,0.3,1.0,0.2979591836734694,0.5654444444444444,8.372404230965508,1.6734203166431851,0.39380932019816506,6.305174536175198,21.017247517903645,0.0,0.0,0.563,8.42175006866455,1.7285146415233612,0.3862413689494133,6.3069939613342285,21.023312091827393,0.0,0.0
uncertainty_cost,1,45,0.0,0.3,1.0,0.2816326530612244,0.5711111111111111,8.388425217734444,1.671811729669571,0.40884219275580513,6.307771285374959,21.02590338389079,0.0,0.0,0.565,8.45353627204895,1.72788667678833,0.41338323801755905,6.312266230583191,21.040886402130127,0.0,0.0
uncertainty_cost,1,46,0.0,0.3,1.0,0.26530612244897955,0.5695555555555556,8.398557398054335,1.6850631435712178,0.40495649890767205,6.308537748124865,21.02845811843872,0.0,0.0,0.557,8.498656749725342,1.7723108530044556,0.41719090193510056,6.3091548681259155,21.030515670776367,0.0,0.0
uncertainty_cost,1,47,0.0,0.3,1.0,0.24897959183673457,0.566,8.37303606669108,1.6616856025324926,0.4044518702560001,6.306898580657111,21.022994306352402,0.0,0.0,0.566,8.442050457000732,1.713184267282486,0.42176971584558487,6.307096600532532,21.023653984069824,0.0,0.0
uncertainty_cost,1,48,0.0,0.3,1.0,0.2326530612244898,0.571,8.3854853577084,1.672108958164851,0.4047106123632855,6.308665765656365,21.028884887695312,0.0,0.0,0.565,8.41556692123413,1.7244722545146942,0.3815625011920929,6.309532284736633,21.031773567199707,0.0,0.0
uncertainty_cost,1,49,0.0,0.3,1.0,0.21632653061224483,0.5723333333333334,8.375146680408054,1.6673984693156347,0.4001324458254708,6.307615743743049,21.025384796990288,0.0,0.0,0.561,8.430325508117676,1.7118912935256958,0.40929197520017624,6.309142231941223,21.030473232269287,0.0,0.0
uncertainty_cost,1,50,0.0,0.3,1.0,0.19999999999999996,0.5636666666666666,8.407205846574572,1.6901567743884192,0.41162459469503826,6.305424478318956,21.018080552419026,0.0,0.0,0.568,8.473053693771362,1.7474748492240906,0.4159267768263817,6.309652209281921,21.03217315673828,0.0,0.0
baseline,2,1,0.0,0.0,1.0,1.0,0.35333333333333333,3.3449925912751093,2.55158621735043,0.6947735680474175,0.0,20.0,0.0986328125,0.0986328125,0.507,2.647801995277405,2.110616087913513,0.5371858924627304,0.0,20.0,0.0,0.0
baseline,2,2,0.0,0.0,1.0,0.9836734693877551,0.5184444444444445,2.4193674392170377,1.954418910874261,0.46494853496551514,0.0,20.0,0.0,0.0,0.48,2.4312986731529236,1.9695988297462463,0.46169982850551605,0.0,20.0,0.0,0.0
baseline,2,3,0.0,0.0,1.0,0.9673469387755103,0.5342222222222223,2.2734210424953036,1.8336701028876834,0.43975092305077446,0.0,20.0,0.0,0.0,0.535,2.261426270008087,1.8309242725372314,0.4305020198225975,0.0,20.0,0.0,0.0
baseline,2,4,0.0,0.0,1.0,0.9510204081632653,0.5494444444444444,2.230637537108527,1.789325303501553,0.4413122394018703,0.0,20.0,0.0,0.0,0.554,2.234768569469452,1.7992964088916779,0.43547216057777405,0.0,20.0,0.0,0.0
baseline,2,5,0.0,0.0,1.0,0.9346938775510204,0.5601111111111111,2.1848030818833246,1.7496493988566928,0.43515366315841675,0.0,20.0,0.0,0.0,0.555,2.1752161383628845,1.7574308216571808,0.41778531670570374,0.0,20.0,0.0,0.0
baseline,2,6,0.0,0.0,1.0,0.9183673469387755,0.5652222222222222,2.160382025771671,1.7281795740127563,0.4322024525867568,0.0,20.0,0.0,0.0,0.565,2.1591886281967163,1.7574385106563568,0.4017501398921013,0.0,20.0,0.0,0.0
baseline,2,7,0.0,0.0,1.0,0.9020408163265305,0.5692222222222222,2.1438584393925137,1.7221637070178986,0.42169473071893054,0.0,20.0,0.0,0.0,0.566,2.1665015816688538,1.758032649755478,0.40846896171569824,0.0,20.0,0.0,0.0
baseline,2,8,0.0,0.0,1.0,0.8857142857142857,0.573,2.122839136256112,1.705100115802553,0.41773902873198193,0.0,20.0,0.0,0.0,0.577,2.1363908648490906,1.7321673929691315,0.4042235091328621,0.0,20.0,0.0,0.0
baseline,2,9,0.0,0.0,1.0,0.8693877551020408,0.5743333333333334,2.1172081000275083,1.6985684202777014,0.4186396673321724,0.0,20.0,0.0,0.0,0.573,2.115544557571411,1.7078465521335602,0.4076980724930763,0.0,20.0,0.0,0.0
baseline,2,10,0.0,0.0,1.0,0.8530612244897959,0.5816666666666667,2.085605515374078,1.6831262674596574,0.40247923880815506,0.0,20.0,0.0,0.0,0.579,2.1414747834205627,1.7310161292552948,0.41045865416526794,0.0,20.0,0.0,0.0
baseline,2,11,0.0,0.0,1.0,0.8367346938775511,0.5842222222222222,2.07615664601326,1.6751508646541171,0.4010057896375656,0.0,20.0,0.0,0.0,0.581,2.147404730319977,1.727410763502121,0.41999396681785583,0.0,20.0,0.0,0.0
baseline,2,12,0.0,0.0,1.0,0.8204081632653061,0.584,2.075004084242715,1.6644061737590365,0.41059792124562794,0.0,20.0,0.0,0.0,0.584,2.153655469417572,1.7148405015468597,0.4388149753212929,0.0,20.0,0.0,0.0
baseline,2,13,0.0,0.0,1.0,0.8040816326530612,0.5863333333333334,2.077279117372301,1.6678620080153148,0.4094170994228787,0.0,20.0,0.0,0.0,0.566,2.1349915266036987,1.7383283376693726,0.39666319638490677,0.0,20.0,0.0,0.0
baseline,2,14,0.0,0.0,1.0,0.7877551020408163,0.591,2.0500288009643555,1.6527742014990912,0.3972545920146836,0.0,20.0,0.0,0.0,0.578,2.1145647168159485,1.707138478755951,0.40742620825767517,0.0,20.0,0.0,0.0
baseline,2,15,0.0,0.0,1.0,0.7714285714285715,0.5831111111111111,2.067567424641715,1.6653900775644515,0.4021773404545254,0.0,20.0,0.0,0.0,0.587,2.1506969928741455,1.7181270122528076,0.4325700178742409,0.0,20.0,0.0,0.0
baseline,2,16,0.0,0.0,1.0,0.7551020408163265,0.5856666666666667,2.0460041893853083,1.6421467628743913,0.4038574058148596,0.0,20.0,0.0,0.0,0.589,2.072880446910858,1.6874954402446747,0.38538501411676407,0.0,20.0,0.0,0.0
baseline,2,17,0.0,0.0,1.0,0.7387755102040816,0.5914444444444444,2.0264652371406555,1.6339516474141016,0.39251358972655404,0.0,20.0,0.0,0.0,0.597,2.102636694908142,1.6883195638656616,0.41431716829538345,0.0,20.0,0.0,0.0
baseline,2,18,0.0,0.0,1.0,0.7224489795918367,0.5925555555555555,2.026798423793581,1.6285527149836223,0.3982456872860591,0.0,20.0,0.0,0.0,0.581,2.074865937232971,1.6678339540958405,0.40703200548887253,0.0,20.0,0.0,0.0
baseline,2,19,0.0,0.0,1.0,0.7061224489795919,0.5914444444444444,2.017184019088745,1.6264828509754605,0.39070118798149955,0.0,20.0,0.0,0.0,0.595,2.087601065635681,1.683529943227768,0.4040710851550102,0.0,20.0,0.0,0.0
baseline,2,20,0.0,0.0,1.0,0.689795918367347,0.5926666666666667,2.0302706493271723,1.632728957467609,0.39754168606466717,0.0,20.0,0.0,0.0,0.584,2.084373325109482,1.6707427203655243,0.41363053768873215,0.0,20.0,0.0,0.0
baseline,2,21,0.0,0.0,1.0,0.673469387755102,0.5938888888888889,2.0298737486203513,1.6286315123240154,0.4012422313292821,0.0,20.0,0.0,0.0,0.583,2.0930811762809753,1.70098078250885,0.39210037887096405,0.0,20.0,0.0,0.0
baseline,2,22,0.0,0.0,1.0,0.6571428571428571,0.5942222222222222,2.0124558640850916,1.6223590407106612,0.39009683579206467,0.0,20.0,0.0,0.0,0.6,2.059078097343445,1.649240642786026,0.4098374545574188,0.0,20.0,0.0,0.0
baseline,2,23,0.0,0.0,1.0,0.6408163265306122,0.597,1.9993590778774686,1.6079524523682065,0.3914066246814198,0.0,20.0,0.0,0.0,0.595,2.050511986017227,1.6611455380916595,0.3893664628267288,0.0,20.0,0.0,0.0
baseline,2,24,0.0,0.0,1.0,0.6244897959183673,0.5947777777777777,2.0002372595998974,1.6096337536970775,0.3906034976243973,0.0,20.0,0.0,0.0,0.602,2.0741138458251953,1.6687439978122711,0.4053698107600212,0.0,20.0,0.0,0.0
baseline,2,25,0.0,0.0,1.0,0.6081632653061224,0.5938888888888889,2.015635526842541,1.6186887820561726,0.3969467447863685,0.0,20.0,0.0,0.0,0.603,2.106637120246887,1.6799840927124023,0.42665303498506546,0.0,20.0,0.0,0.0
baseline,2,26,0.0,0.0,1.0,0.5918367346938775,0.5978888888888889,1.9954619805018108,1.6036821007728577,0.3917798813846376,0.0,20.0,0.0,0.0,0.591,2.067083239555359,1.65253484249115,0.4145483523607254,0.0,20.0,0.0,0.0
baseline,2,27,0.0,0.0,1.0,0.5755102040816327,0.5996666666666667,1.990160882472992,1.5966980159282684,0.3934628590941429,0.0,20.0,0.0,0.0,0.585,2.0850488245487213,1.673668920993805,0.4113798961043358,0.0,20.0,0.0,0.0
baseline,2,28,0.0,0.0,1.0,0.5591836734693878,0.5968888888888889,2.0027055773470135,1.6088293525907729,0.39387621896134484,0.0,20.0,0.0,0.0,0.594,2.0878085494041443,1.6727700531482697,0.41503848880529404,0.0,20.0,0.0,0.0
baseline,2,29,0.0,0.0,1.0,0.5428571428571429,0.6042222222222222,1.9939920239978366,1.600658055808809,0.39333396984471214,0.0,20.0,0.0,0.0,0.584,2.075083076953888,1.6519678831100464,0.42311520129442215,0.0,20.0,0.0,0.0
baseline,2,30,0.0,0.0,1.0,0.5265306122448979,0.6037777777777777,1.9735569258530934,1.588483668035931,0.38507326278421616,0.0,20.0,0.0,0.0,0.599,2.0517416894435883,1.6620063781738281,0.38973527401685715,0.0,20.0,0.0,0.0
baseline,2,31,0.0,0.0,1.0,0.510204081632653,0.6035555555555555,1.9722102714909449,1.5809446771939595,0.3912655918134583,0.0,20.0,0.0,0.0,0.592,2.055972635746002,1.652623176574707,0.40334951877593994,0.0,20.0,0.0,0.0
baseline,2,32,0.0,0.0,1.0,0.4938775510204081,0.6014444444444444,1.972790714767244,1.5890390773614247,0.38375163575013477,0.0,20.0,0.0,0.0,0.581,2.098112106323242,1.6916258037090302,0.40648630261421204,0.0,20.0,0.0,0.0
baseline,2,33,0.0,0.0,1.0,0.47755102040816333,0.5993333333333334,1.976165725125207,1.5770588086711035,0.3991069106592072,0.0,20.0,0.0,0.0,0.604,2.0034166872501373,1.622904509305954,0.38051218539476395,0.0,20.0,0.0,0.0
baseline,2,34,0.0,0.0,1.0,0.46122448979591835,0.5994444444444444,1.9626794556776683,1.5745522644784715,0.38812718871566987,0.0,20.0,0.0,0.0,0.597,2.0761778354644775,1.6794193983078003,0.39675845205783844,0.0,20.0,0.0,0.0
baseline,2,35,0.0,0.0,1.0,0.4448979591836735,0.6018888888888889,1.9789614412519667,1.587818122572369,0.3911433170239131,0.0,20.0,0.0,0.0,0.592,2.054502844810486,1.65891832113266,0.39558450132608414,0.0,20.0,0.0,0.0
baseline,2,36,0.0,0.0,1.0,0.4285714285714285,0.6034444444444444,1.9661626716454823,1.5760489172405667,0.390113749437862,0.0,20.0,0.0,0.0,0.596,2.0352311730384827,1.6752867102622986,0.3599444180727005,0.0,20.0,0.0,0.0
baseline,2,37,0.0,0.0,1.0,0.4122448979591836,0.6075555555555555,1.96079773373074,1.575699766476949,0.385097973048687,0.0,20.0,0.0,0.0,0.599,2.0822004079818726,1.6715677678585052,0.4106326773762703,0.0,20.0,0.0,0.0
baseline,2,38,0.0,0.0,1.0,0.39591836734693875,0.5973333333333334,1.9533184336291418,1.5709822442796495,0.38233618686596554,0.0,20.0,0.0,0.0,0.593,2.0457050800323486,1.646470695734024,0.3992343246936798,0.0,20.0,0.0,0.0
baseline,2,39,0.0,0.0,1.0,0.3795918367346939,0.6032222222222222,1.9703832268714905,1.5754082865185208,0.3949749312467045,0.0,20.0,0.0,0.0,0.597,2.0614454448223114,1.6406643092632294,0.42078109085559845,0.0,20.0,0.0,0.0
baseline,2,40,0.0,0.0,1.0,0.3632653061224489,0.6037777777777777,1.9708964493539598,1.5847610698805914,0.38613540348079467,0.0,20.0,0.0,0.0,0.605,2.0139580368995667,1.6293110847473145,0.3846469521522522,0.0,20.0,0.0,0.0
baseline,2,41,0.0,0.0,1.0,0.346938775510204,0.6047777777777777,1.9536225630177393,1.5632225175698597,0.39040005289845997,0.0,20.0,0.0,0.0,0.588,2.0508466362953186,1.6537014544010162,0.3971451371908188,0.0,20.0,0.0,0.0
baseline,2,42,0.0,0.0,1.0,0.33061224489795915,0.6017777777777777,1.9663968351152208,1.5810784300168355,0.38531842165523106,0.0,20.0,0.0,0.0,0.592,2.0957524180412292,1.6636815071105957,0.43207092583179474,0.0,20.0,0.0,0.0
baseline,2,43,0.0,0.0,1.0,0.3142857142857143,0.6023333333333334,1.9569361242983077,1.5654561618963878,0.3914799607462353,0.0,20.0,0.0,0.0,0.592,2.0410468578338623,1.6594743728637695,0.38157253712415695,0.0,20.0,0.0,0.0
baseline,2,44,0.0,0.0,1.0,0.2979591836734694,0.6057777777777777,1.9603324499395158,1.5662100315093994,0.3941224300199085,0.0,20.0,0.0,0.0,0.597,2.058665692806244,1.6564779877662659,0.4021877273917198,0.0,20.0,0.0,0.0
baseline,2,45,0.0,0.0,1.0,0.2816326530612244,0.609,1.970461067226198,1.5833918154239655,0.3870692691869206,0.0,20.0,0.0,0.0,0.6,2.044186443090439,1.6435311138629913,0.4006553590297699,0.0,20.0,0.0,0.0
baseline,2,46,0.0,0.0,1.0,0.26530612244897955,0.6067777777777777,1.953595221042633,1.5666575233141582,0.386937709318267,0.0,20.0,0.0,0.0,0.599,2.0551863312721252,1.6632979810237885,0.3918883427977562,0.0,20.0,0.0,0.0
baseline,2,47,0.0,0.0,1.0,0.24897959183673457,0.6026666666666667,1.9566959771845076,1.5658498373296525,0.3908461307485898,0.0,20.0,0.0,0.0,0.593,2.051586240530014,1.6551939249038696,0.3963923454284668,0.0,20.0,0.0,0.0
baseline,2,48,0.0,0.0,1.0,0.2326530612244898,0.6018888888888889,1.9466546641455755,1.5670815772480435,0.379573089381059,0.0,20.0,0.0,0.0,0.587,2.056460440158844,1.647666335105896,0.408794105052948,0.0,20.0,0.0,0.0
baseline,2,49,0.0,0.0,1.0,0.21632653061224483,0.6112222222222222,1.9361768795384302,1.5565160049332514,0.3796608903341823,0.0,20.0,0.0,0.0,0.598,2.0911591053009033,1.667266458272934,0.4238926023244858,0.0,20.0,0.0,0.0
baseline,2,50,0.0,0.0,1.0,0.19999999999999996,0.6074444444444445,1.945425374640359,1.5642749667167664,0.38115039550595814,0.0,20.0,0.0,0.0,0.6,2.0586241483688354,1.6410228610038757,0.4176012650132179,0.0,20.0,0.0,0.0
uncertainty_cost,2,1,0.0,0.3,1.0,1.0,0.321,9.733748621410793,2.6519753601815967,0.6913029998540878,6.291837440596686,20.972790506150986,0.0986328125,0.0986328125,0.436,9.026175022125244,2.23395574092865,0.521282933652401,6.270936489105225,20.903120517730713,0.0,0.0
uncertainty_cost,2,2,0.0,0.3,1.0,0.9836734693877551,0.45655555555555555,8.890038304858738,2.1566011806329093,0.456202180021339,6.27723495165507,20.924115498860676,0.0,0.0,0.455,8.854734182357788,2.1351794004440308,0.4394504725933075,6.280104279518127,20.933679580688477,0.0,0.0
uncertainty_cost,2,3,0.0,0.3,1.0,0.9673469387755103,0.4801111111111111,8.781204064687094,2.052130983935462,0.44566870397991604,6.283404390017192,20.944680372873943,0.0,0.0,0.48,8.774336338043213,2.050477385520935,0.4392120912671089,6.28464663028717,20.94882106781006,0.0,0.0
uncertainty_cost,2,4,0.0,0.3,1.0,0.9510204081632653,0.4955555555555556,8.729380369186401,1.9963785608609517,0.44817953805128735,6.284822172588772,20.949406305948894,0.0,0.0,0.494,8.763457536697388,2.0178386867046356,0.4576212018728256,6.287997484207153,20.95999050140381,0.0,0.0
uncertainty_cost,2,5,0.0,0.3,1.0,0.9346938775510204,0.527,8.668566783269247,1.9365587830543518,0.44077970004744,6.2912283473544655,20.97076023949517,0.0,0.0,0.522,8.660921812057495,1.9329414665699005,0.4275108054280281,6.300469398498535,21.001563549041748,0.0,0.0
uncertainty_cost,2,6,0.0,0.3,1.0,0.9183673469387755,0.5334444444444445,8.656072590086195,1.915817654795117,0.4433514119850265,6.296903557247585,20.989677641126846,0.0,0.0,0.541,8.630738258361816,1.9336431622505188,0.4084932953119278,6.288601875305176,20.962005138397217,0.0,0.0
uncertainty_cost,2,7,0.0,0.3,1.0,0.9020408163265305,0.5355555555555556,8.633008453581068,1.9077632559670343,0.42860542900032467,6.2966397470898094,20.988798247443306,0.0,0.0,0.532,8.644407749176025,1.939634770154953,0.4082896113395691,6.296483397483826,20.988276958465576,0.0,0.0
uncertainty_cost,2,8,0.0,0.3,1.0,0.8857142857142857,0.5376666666666666,8.609786033630371,1.8946650392479367,0.41890302962727016,6.2962179978688555,20.987392319573296,0.0,0.0,0.524,8.62614893913269,1.9162361919879913,0.41313833743333817,6.296774387359619,20.98924684524536,0.0,0.0
uncertainty_cost,2,9,0.0,0.3,1.0,0.8693877551020408,0.541,8.614027235243055,1.8890642358197107,0.4283178647359212,6.296645177735223,20.988816261291504,0.0,0.0,0.542,8.672349452972412,1.9520607590675354,0.426379457116127,6.293909192085266,20.97969675064087,0.0,0.0
uncertainty_cost,2,10,0.0,0.3,1.0,0.8530612244897959,0.5426666666666666,8.574126852883232,1.864587237437566,0.4156280664934052,6.293911549780104,20.979704274071587,0.0,0.0,0.538,8.655152797698975,1.944431096315384,0.4158278927206993,6.294893980026245,20.98297929763794,0.0,0.0
uncertainty_cost,2,11,0.0,0.3,1.0,0.8367346938775511,0.5428888888888889,8.553975423177084,1.8508495522869959,0.4117822978231642,6.291343635982937,20.971144517262776,0.0,0.0,0.536,8.600510358810425,1.8901356756687164,0.41758953034877777,6.292785286903381,20.975950241088867,0.0,0.0
uncertainty_cost,2,12,0.0,0.3,1.0,0.8204081632653061,0.5496666666666666,8.564267661836412,1.8492328657044306,0.42181873073180515,6.293216082784864,20.977385891808403,0.0,0.0,0.536,8.601616382598877,1.8693266212940216,0.4377085417509079,6.294581413269043,20.981936931610107,0.0,0.0
uncertainty_cost,2,13,0.0,0.3,1.0,0.8040816326530612,0.5473333333333333,8.544854084650675,1.8293396433194478,0.42211224718226326,6.2934021419949,20.97800615098741,0.0,0.0,0.552,8.573931694030762,1.87247034907341,0.4071715921163559,6.294289588928223,20.980964183807373,0.0,0.0
uncertainty_cost,2,14,0.0,0.3,1.0,0.7877551020408163,0.5458888888888889,8.538154072231716,1.8392326335112255,0.40776188174883526,6.291159497367011,20.97053077485826,0.0,0.0,0.534,8.618758201599121,1.916593611240387,0.4135609120130539,6.288603782653809,20.96201181411743,0.0,0.0
uncertainty_cost,2,15,0.0,0.3,1.0,0.7714285714285715,0.5437777777777778,8.538257731331719,1.8305314249462552,0.416076955695947,6.291649341583252,20.97216362423367,0.0,0.0,0.536,8.649950981140137,1.9024388194084167,0.4556088522076607,6.291903495788574,20.973010540008545,0.0,0.0
uncertainty_cost,2,16,0.0,0.3,1.0,0.7551020408163265,0.5481111111111111,8.540803935792711,1.8293536537223392,0.4208119577831692,6.290638274616665,20.968793286217583,0.0,0.0,0.546,8.522389888763428,1.8317943215370178,0.39956358820199966,6.291032314300537,20.970107078552246,0.0,0.0
uncertainty_cost,2,17,0.0,0.3,1.0,0.7387755102040816,0.5523333333333333,8.507961829503378,1.8112711840205722,0.40689851757552886,6.28979218006134,20.965973112318252,0.0,0.0,0.537,8.602824449539185,1.8840598165988922,0.4272174835205078,6.291546940803528,20.971821784973145,0.0,0.0
uncertainty_cost,2,18,0.0,0.3,1.0,0.7224489795918367,0.5533333333333333,8.491934749815199,1.782534251610438,0.41470252639717525,6.2946979602177935,20.982325553894043,0.0,0.0,0.546,8.507477283477783,1.7889314591884613,0.41266702860593796,6.30587899684906,21.019595623016357,0.0,0.0
uncertainty_cost,2,19,0.0,0.3,1.0,0.7061224489795919,0.5533333333333333,8.479967488182915,1.7681308554278479,0.40829838067293167,6.303538242975871,21.0117932955424,0.0,0.0,0.556,8.535663843154907,1.8112773597240448,0.42148736119270325,6.302899360656738,21.009663581848145,0.0,0.0
uncertainty_cost,2,20,0.0,0.3,1.0,0.689795918367347,0.5575555555555556,8.462365892198351,1.7458470496866438,0.4106233591834704,6.3058955272038775,21.019650830162895,0.0,0.0,0.545,8.477764129638672,1.748153179883957,0.41959406435489655,6.310016632080078,21.033388137817383,0.0,0.0
uncertainty_cost,2,21,0.0,0.3,1.0,0.673469387755102,0.553,8.496632867389255,1.7656096551153395,0.41990680744250614,6.3111164172490435,21.03705374399821,0.0,0.0,0.542,8.60151481628418,1.8851056098937988,0.407140851020813,6.309268236160278,21.030893325805664,0.0,0.0
uncertainty_cost,2,22,0.0,0.3,1.0,0.6571428571428571,0.5561111111111111,8.476574420928955,1.759245495001475,0.4097791297568215,6.307549794514974,21.025165028042263,0.0,0.0,0.551,8.493196487426758,1.764410376548767,0.4209195151925087,6.30786657333374,21.02622127532959,0.0,0.0
uncertainty_cost,2,23,0.0,0.3,1.0,0.6408163265306122,0.5593333333333333,8.45139209429423,1.7377799385123782,0.41016777522034115,6.303444438510471,21.011480543348526,0.0,0.0,0.556,8.477136611938477,1.775594562292099,0.40083450078964233,6.300707697868347,21.002357959747314,0.0,0.0
uncertainty_cost,2,24,0.0,0.3,1.0,0.6244897959183673,0.5598888888888889,8.450030671225655,1.737874448299408,0.40884339809417725,6.303312831454807,21.01104185316298,0.0,0.0,0.546,8.529451370239258,1.8111799657344818,0.4159483388066292,6.30232310295105,21.007742881774902,0.0,0.0
uncertainty_cost,2,25,0.0,0.3,1.0,0.6081632653061224,0.5581111111111111,8.44932844903734,1.7288564907179937,0.4152563412984212,6.3052157163619995,21.01738468805949,0.0,0.0,0.566,8.490484237670898,1.7482254207134247,0.43292587250471115,6.309332847595215,21.031108856201172,0.0,0.0
uncertainty_cost,2,26,0.0,0.3,1.0,0.5918367346938775,0.5635555555555556,8.428716739018759,1.7098608050081465,0.4090803903010156,6.309775484932794,21.03258392545912,0.0,0.0,0.563,8.49915599822998,1.7778426706790924,0.41737572103738785,6.3039374351501465,21.013123512268066,0.0,0.0
uncertainty_cost,2,27,0.0,0.3,1.0,0.5755102040816327,0.5582222222222222,8.461420191658867,1.7424326837062836,0.4115985689891709,6.30738898118337,21.024629010094536,0.0,0.0,0.56,8.514347076416016,1.774877518415451,0.42815176397562027,6.3113179206848145,21.0377254486084,0.0,0.0
uncertainty_cost,2,28,0.0,0.3,1.0,0.5591836734693878,0.5594444444444444,8.441217554940117,1.7265112532509699,0.4114365867442555,6.303269796901279,21.010898378160263,0.0,0.0,0.566,8.525458574295044,1.8004975318908691,0.42064589262008667,6.304315090179443,21.014382362365723,0.0,0.0
uncertainty_cost,2,29,0.0,0.3,1.0,0.5428571428571429,0.5654444444444444,8.427856339348686,1.713217430644565,0.4103190178672473,6.304319938023885,21.014398839738632,0.0,0.0,0.564,8.51156997680664,1.7656444013118744,0.4406195282936096,6.3053059577941895,21.017685413360596,0.0,0.0
uncertainty_cost,2,30,0.0,0.3,1.0,0.5265306122448979,0.5662222222222222,8.426595661375258,1.7101961804760828,0.4116182269321548,6.30478118525611,21.015936215718586,0.0,0.0,0.57,8.492059469223022,1.769589900970459,0.41221437603235245,6.31025505065918,21.034183025360107,0.0,0.0
uncertainty_cost,2,31,0.0,0.3,1.0,0.510204081632653,0.5683333333333334,8.417950047387016,1.695291903283861,0.41599833799733055,6.306659751468235,21.022198306189644,0.0,0.0,0.56,8.462578296661377,1.753722459077835,0.40423523634672165,6.304620623588562,21.015400886535645,0.0,0.0
uncertainty_cost,2,32,0.0,0.3,1.0,0.4938775510204081,0.5655555555555556,8.405710140864054,1.6963154806031122,0.40205983486440444,6.307334727711147,21.02444812986586,0.0,0.0,0.544,8.5089750289917,1.7847627103328705,0.4161965101957321,6.308015584945679,21.02671766281128,0.0,0.0
uncertainty_cost,2,33,0.0,0.3,1.0,0.47755102040816333,0.5661111111111111,8.413228458828396,1.6854452225897048,0.4208838732706176,6.306899481349522,21.022997273339165,0.0,0.0,0.574,8.412947177886963,1.712315559387207,0.3934697359800339,6.307161927223206,21.023871898651123,0.0,0.0
uncertainty_cost,2,34,0.0,0.3,1.0,0.46122448979591835,0.5638888888888889,8.405563725365532,1.691047340631485,0.40820954988400143,6.306306865480211,21.02102189593845,0.0,0.0,0.556,8.501668930053711,1.7850618064403534,0.4111860916018486,6.305420637130737,21.018067836761475,0.0,0.0
uncertainty_cost,2,35,0.0,0.3,1.0,0.4448979591836735,0.5618888888888889,8.414892620510525,1.6969591478506725,0.4100133586261008,6.3079200983047485,21.02639940049913,0.0,0.0,0.569,8.459603071212769,1.7371926009654999,0.4124530628323555,6.309957504272461,21.033190727233887,0.0,0.0
uncertainty_cost,2,36,0.0,0.3,1.0,0.4285714285714285,0.5695555555555556,8.407724486456978,1.6919680833816528,0.40827076219850117,6.307485620180766,21.024951246049667,0.0,0.0,0.569,8.427731037139893,1.7389965951442719,0.3794313743710518,6.309303164482117,21.031009674072266,0.0,0.0
uncertainty_cost,2,37,0.0,0.3,1.0,0.4122448979591836,0.5672222222222222,8.390637424257067,1.6816606587833829,0.4032021231121487,6.30577462249332,21.019247849782307,0.0,0.0,0.547,8.47944688796997,1.7484423220157623,0.42437804490327835,6.306626319885254,21.02208709716797,0.0,0.0
uncertainty_cost,2,38,0.0,0.3,1.0,0.39591836734693875,0.5651111111111111,8.388833973142836,1.6811241077052221,0.4013613396220737,6.306348496013218,21.021160708533394,0.0,0.0,0.563,8.457874774932861,1.7389991879463196,0.41310590505599976,6.305769681930542,21.01923131942749,0.0,0.0
uncertainty_cost,2,39,0.0,0.3,1.0,0.3795918367346939,0.5718888888888889,8.4084296491411,1.690413471725252,0.41141029281748664,6.306605868869358,21.022018538581,0.0,0.0,0.565,8.464133024215698,1.7253146767616272,0.43099501729011536,6.307823419570923,21.026077270507812,0.0,0.0
uncertainty_cost,2,40,0.0,0.3,1.0,0.3632653061224489,0.5632222222222222,8.419770876566568,1.703671736849679,0.4081362709403038,6.307962814966838,21.026541709899902,0.0,0.0,0.568,8.444372653961182,1.7342705726623535,0.4038976952433586,6.306204080581665,21.020679473876953,0.0,0.0
uncertainty_cost,2,41,0.0,0.3,1.0,0.346938775510204,0.5667777777777778,8.397780471377903,1.6783137155903711,0.41272594117456013,6.306740787294176,21.022468301985,0.0,0.0,0.554,8.439422607421875,1.7308440208435059,0.3993145823478699,6.309264063835144,21.030879497528076,0.0,0.0
uncertainty_cost,2,42,0.0,0.3,1.0,0.33061224489795915,0.5654444444444444,8.403567843967014,1.6876661545700498,0.4053438040945265,6.3105578952365455,21.035192012786865,0.0,0.0,0.572,8.500494480133057,1.7623462975025177,0.43147478997707367,6.306673526763916,21.022243976593018,0.0,0.0
uncertainty_cost,2,43,0.0,0.3,1.0,0.3142857142857143,0.5641111111111111,8.434259414672852,1.7162909110387166,0.4108574117223422,6.307111077838474,21.02370278040568,0.0,0.0,0.577,8.438733577728271,1.7465181946754456,0.38218235969543457,6.310033082962036,21.033442497253418,0.0,0.0
uncertainty_cost,2,44,0.0,0.3,1.0,0.2979591836734694,0.5685555555555556,8.393647803200615,1.6721441249052684,0.4134422250919872,6.308061427540249,21.026870515611435,0.0,0.0,0.566,8.4658362865448,1.7538513839244843,0.4051773399114609,6.306807518005371,21.022690773010254,0.0,0.0
uncertainty_cost,2,45,0.0,0.3,1.0,0.2816326530612244,0.5698888888888889,8.413955900404188,1.6982941925525665,0.40914834373527104,6.306513481669956,21.021710607740616,0.0,0.0,0.569,8.455810070037842,1.736564576625824,0.41336072981357574,6.305884480476379,21.019614219665527,0.0,0.0
uncertainty_cost,2,46,0.0,0.3,1.0,0.26530612244897955,0.5657777777777778,8.389316532346937,1.6773903535472021,0.40563444876008564,6.306291845109728,21.020971881018745,0.0,0.0,0.574,8.476289749145508,1.7664140462875366,0.4025370329618454,6.30733859539032,21.024460792541504,0.0,0.0
uncertainty_cost,2,47,0.0,0.3,1.0,0.24897959183673457,0.5703333333333334,8.404446125030518,1.6864831149578094,0.4085665030611886,6.309396452373928,21.031320571899414,0.0,0.0,0.568,8.451130867004395,1.7246715426445007,0.40922775864601135,6.31723153591156,21.057437419891357,0.0,0.0
uncertainty_cost,2,48,0.0,0.3,1.0,0.2326530612244898,0.5674444444444444,8.39980607562595,1.691207379102707,0.3972668382856581,6.3113317886988325,21.037771701812744,0.0,0.0,0.565,8.46795129776001,1.7426580786705017,0.4193957820534706,6.30589747428894,21.019657135009766,0.0,0.0
uncertainty_cost,2,49,0.0,0.3,1.0,0.21632653061224483,0.5707777777777778,8.394028080834282,1.6848354703850217,0.4029724324742953,6.306220173835754,21.020732879638672,0.0,0.0,0.576,8.466854095458984,1.7286182343959808,0.43122000247240067,6.307015895843506,21.023385524749756,0.0,0.0
uncertainty_cost,2,50,0.0,0.3,1.0,0.19999999999999996,0.5657777777777778,8.406389527850681,1.698655856980218,0.40060436228911084,6.3071293168597755,21.023763338724773,0.0,0.0,0.574,8.491580247879028,1.7583759129047394,0.4246576949954033,6.308546423912048,21.028486728668213,0.0,0.0
baseline,3,1,0.0,0.0,1.0,1.0,0.35688888888888887,3.196688565942976,2.5490220189094543,0.5799582070774503,0.0,20.0,0.06770833333333333,0.06770833333333333,0.46,2.6007509231567383,2.1226541996002197,0.47809670120477676,0.0,20.0,0.0,0.0
baseline,3,2,0.0,0.0,1.0,0.9836734693877551,0.5144444444444445,2.401194234689077,1.9431508382161458,0.4580434122019344,0.0,20.0,0.0,0.0,0.529,2.3138421177864075,1.8838189244270325,0.4300232008099556,0.0,20.0,0.0,0.0
baseline,3,3,0.0,0.0,1.0,0.9673469387755103,0.5301111111111111,2.2756508191426597,1.8273530039522383,0.4482978358864784,0.0,20.0,0.0,0.0,0.542,2.259136199951172,1.8170935809612274,0.44204267114400864,0.0,20.0,0.0,0.0
baseline,3,4,0.0,0.0,1.0,0.9510204081632653,0.5482222222222223,2.236704965432485,1.7815531028641596,0.45515185511774486,0.0,20.0,0.0,0.0,0.549,2.219870865345001,1.7956891357898712,0.424181766808033,0.0,20.0,0.0,0.0
baseline,3,5,0.0,0.0,1.0,0.9346938775510204,0.5597777777777778,2.19607812166214,1.7640374766455755,0.43204066074556774,0.0,20.0,0.0,0.0,0.554,2.1906933188438416,1.744946300983429,0.4457470402121544,0.0,20.0,0.0,0.0
baseline,3,6,0.0,0.0,1.0,0.9183673469387755,0.5666666666666667,2.150701698329714,1.7221163213253021,0.42858538693851894,0.0,20.0,0.0,0.0,0.567,2.148962914943695,1.729838788509369,0.41912416368722916,0.0,20.0,0.0,0.0
baseline,3,7,0.0,0.0,1.0,0.9020408163265305,0.5711111111111111,2.1383453706900277,1.717616746822993,0.4207286387681961,0.0,20.0,0.0,0.0,0.574,2.1434128880500793,1.7430142760276794,0.4003985598683357,0.0,20.0,0.0,0.0
baseline,3,8,0.0,0.0,1.0,0.8857142857142857,0.5756666666666667,2.1166957782374487,1.6986942158804998,0.41800154911147225,0.0,20.0,0.0,0.0,0.579,2.129444897174835,1.7202966809272766,0.4091482385993004,0.0,20.0,0.0,0.0
baseline,3,9,0.0,0.0,1.0,0.8693877551020408,0.5767777777777777,2.1185498668087854,1.7022903495364718,0.416259513133102,0.0,20.0,0.0,0.0,0.562,2.122241497039795,1.7273831367492676,0.39485833793878555,0.0,20.0,0.0,0.0
baseline,3,10,0.0,0.0,1.0,0.8530612244897959,0.5742222222222222,2.097102655304803,1.6857387920220692,0.4113638599713643,0.0,20.0,0.0,0.0,0.579,2.1582029461860657,1.7205288708209991,0.43767406791448593,0.0,20.0,0.0,0.0
baseline,3,11,0.0,0.0,1.0,0.8367346938775511,0.5795555555555556,2.092554463280572,1.6849702066845365,0.4075842648744583,0.0,20.0,0.0,0.0,0.58,2.137080729007721,1.7057037949562073,0.4313769116997719,0.0,20.0,0.0,0.0
baseline,3,12,0.0,0.0,1.0,0.8204081632653061,0.5831111111111111,2.0793884462780423,1.6825502845976088,0.3968381666474872,0.0,20.0,0.0,0.0,0.576,2.1036630868911743,1.7101563811302185,0.3935067057609558,0.0,20.0,0.0,0.0
baseline,3,13,0.0,0.0,1.0,0.8040816326530612,0.5827777777777777,2.0766057074069977,1.6679270035690732,0.40867872287829715,0.0,20.0,0.0,0.0,0.569,2.110385835170746,1.7110118567943573,0.3993740528821945,0.0,20.0,0.0,0.0
baseline,3,14,0.0,0.0,1.0,0.7877551020408163,0.5838888888888889,2.0554893182383642,1.6579170988665686,0.39757221523258424,0.0,20.0,0.0,0.0,0.587,2.1201859414577484,1.704994946718216,0.4151909872889519,0.0,20.0,0.0,0.0
baseline,3,15,0.0,0.0,1.0,0.7714285714285715,0.5821111111111111,2.0543845262792377,1.6516506804360285,0.40273381852441364,0.0,20.0,0.0,0.0,0.59,2.0959229469299316,1.6909615695476532,0.404961422085762,0.0,20.0,0.0,0.0
baseline,3,16,0.0,0.0,1.0,0.7551020408163265,0.585,2.0636143154568143,1.6493234270148807,0.4142908826470375,0.0,20.0,0.0,0.0,0.589,2.108219027519226,1.6899212896823883,0.4182976931333542,0.0,20.0,0.0,0.0
baseline,3,17,0.0,0.0,1.0,0.7387755102040816,0.5903333333333334,2.044466280274921,1.6419257422288258,0.40254052562846077,0.0,20.0,0.0,0.0,0.584,2.0775547325611115,1.6754172444343567,0.4021375700831413,0.0,20.0,0.0,0.0
baseline,3,18,0.0,0.0,1.0,0.7224489795918367,0.5882222222222222,2.0506903562280865,1.6485862963729434,0.40210407475630444,0.0,20.0,0.0,0.0,0.588,2.102748602628708,1.6927352547645569,0.4100133553147316,0.0,20.0,0.0,0.0
baseline,3,19,0.0,0.0,1.0,0.7061224489795919,0.5877777777777777,2.037254919608434,1.6315046085251703,0.4057503127389484,0.0,20.0,0.0,0.0,0.59,2.068446099758148,1.671865463256836,0.3965805917978287,0.0,20.0,0.0,0.0
baseline,3,20,0.0,0.0,1.0,0.689795918367347,0.5922222222222222,2.0177601476510367,1.6200634009308286,0.39769673099120456,0.0,20.0,0.0,0.0,0.592,2.0373364686965942,1.6560943126678467,0.38124217838048935,0.0,20.0,0.0,0.0
baseline,3,21,0.0,0.0,1.0,0.673469387755102,0.591,2.0386893219417996,1.630834937095642,0.4078543732563655,0.0,20.0,0.0,0.0,0.588,2.090246260166168,1.6838617324829102,0.40638455003499985,0.0,20.0,0.0,0.0
baseline,3,22,0.0,0.0,1.0,0.6571428571428571,0.5923333333333334,2.0247093472215862,1.6214530732896593,0.40325626813703114,0.0,20.0,0.0,0.0,0.584,2.085986852645874,1.6685194075107574,0.41746746748685837,0.0,20.0,0.0,0.0
baseline,3,23,0.0,0.0,1.0,0.6408163265306122,0.5947777777777777,2.025518900818295,1.6280867258707683,0.39743218074242276,0.0,20.0,0.0,0.0,0.589,2.089895009994507,1.6704879105091095,0.41940709948539734,0.0,20.0,0.0,0.0
baseline,3,24,0.0,0.0,1.0,0.6244897959183673,0.5973333333333334,2.0140117704868317,1.6202266017595928,0.3937851662437121,0.0,20.0,0.0,0.0,0.595,2.0590327978134155,1.6756784915924072,0.3833543062210083,0.0,20.0,0.0,0.0
baseline,3,25,0.0,0.0,1.0,0.6081632653061224,0.5948888888888889,1.9891770912541284,1.5991057025061712,0.3900713895757993,0.0,20.0,0.0,0.0,0.587,2.0563124418258667,1.6692984700202942,0.3870139345526695,0.0,20.0,0.0,0.0
baseline,3,26,0.0,0.0,1.0,0.5918367346938775,0.5972222222222222,1.991337110598882,1.5995063251919217,0.39183078126774895,0.0,20.0,0.0,0.0,0.586,2.0715516805648804,1.6812977194786072,0.3902539387345314,0.0,20.0,0.0,0.0
baseline,3,27,0.0,0.0,1.0,0.5755102040816327,0.5981111111111111,1.9721880323357053,1.5870989461739857,0.38508908285035026,0.0,20.0,0.0,0.0,0.595,2.04423326253891,1.6675188541412354,0.37671438604593277,0.0,20.0,0.0,0.0
baseline,3,28,0.0,0.0,1.0,0.5591836734693878,0.6008888888888889,1.9855506618817647,1.59664390484492,0.3889067504141066,0.0,20.0,0.0,0.0,0.603,2.0506768226623535,1.6464044749736786,0.40427232533693314,0.0,20.0,0.0,0.0
baseline,3,29,0.0,0.0,1.0,0.5428571428571429,0.5983333333333334,1.993198378218545,1.6043770876195695,0.388821295566029,0.0,20.0,0.0,0.0,0.601,2.0810571908950806,1.6796009242534637,0.4014562964439392,0.0,20.0,0.0,0.0
baseline,3,30,0.0,0.0,1.0,0.5265306122448979,0.6016666666666667,1.9864629573292203,1.5935836964183383,0.39287925842735505,0.0,20.0,0.0,0.0,0.597,2.1109206676483154,1.6659699976444244,0.444950707256794,0.0,20.0,0.0,0.0
baseline,3,31,0.0,0.0,1.0,0.510204081632653,0.6004444444444444,1.9735705984963312,1.5829723013771906,0.39059826731681824,0.0,20.0,0.0,0.0,0.604,2.0847262740135193,1.6721255481243134,0.41260069608688354,0.0,20.0,0.0,0.0
baseline,3,32,0.0,0.0,1.0,0.4938775510204081,0.5985555555555555,1.9787438412507374,1.5911423232820299,0.38760151631302303,0.0,20.0,0.0,0.0,0.592,2.0718137621879578,1.6661961078643799,0.4056176319718361,0.0,20.0,0.0,0.0
baseline,3,33,0.0,0.0,1.0,0.47755102040816333,0.6024444444444444,1.9778319630357954,1.5822129845619202,0.3956189850966136,0.0,20.0,0.0,0.0,0.591,2.048841565847397,1.6462534964084625,0.40258802473545074,0.0,20.0,0.0,0.0
baseline,3,34,0.0,0.0,1.0,0.46122448979591835,0.6013333333333334,1.9642953508430057,1.572285681962967,0.3920096796419885,0.0,20.0,0.0,0.0,0.611,2.0272017121315002,1.6443329155445099,0.38286880403757095,0.0,20.0,0.0,0.0
baseline,3,35,0.0,0.0,1.0,0.4448979591836735,0.6023333333333334,1.9875322580337524,1.5903454422950745,0.39718681822220486,0.0,20.0,0.0,0.0,0.588,2.089404821395874,1.6845668852329254,0.4048380181193352,0.0,20.0,0.0,0.0
baseline,3,36,0.0,0.0,1.0,0.4285714285714285,0.6038888888888889,1.9687424368328519,1.5823430783218808,0.38639937589565915,0.0,20.0,0.0,0.0,0.585,2.080531597137451,1.6852502524852753,0.3952812999486923,0.0,20.0,0.0,0.0
baseline,3,37,0.0,0.0,1.0,0.4122448979591836,0.5976666666666667,1.9623443484306335,1.5806133581532373,0.3817310035228729,0.0,20.0,0.0,0.0,0.6,2.073247253894806,1.6658107340335846,0.4074364900588989,0.0,20.0,0.0,0.0
baseline,3,38,0.0,0.0,1.0,0.39591836734693875,0.599,1.971430824862586,1.5844757358233135,0.38695509483416873,0.0,20.0,0.0,0.0,0.594,2.0486256182193756,1.6508688926696777,0.39775676280260086,0.0,20.0,0.0,0.0
baseline,3,39,0.0,0.0,1.0,0.3795918367346939,0.5988888888888889,1.971749289168252,1.5787344310018752,0.3930148548550076,0.0,20.0,0.0,0.0,0.58,2.0383217334747314,1.6485823690891266,0.38973934203386307,0.0,20.0,0.0,0.0
baseline,3,40,0.0,0.0,1.0,0.3632653061224489,0.6036666666666667,1.960156775183148,1.5705209308200412,0.3896358509858449,0.0,20.0,0.0,0.0,0.592,2.0715645849704742,1.6671795845031738,0.4043850302696228,0.0,20.0,0.0,0.0
baseline,3,41,0.0,0.0,1.0,0.346938775510204,0.6031111111111112,1.9511779381169214,1.564788020319409,0.38638992110888165,0.0,20.0,0.0,0.0,0.594,2.0777925550937653,1.6671810448169708,0.41061151027679443,0.0,20.0,0.0,0.0
baseline,3,42,0.0,0.0,1.0,0.33061224489795915,0.6037777777777777,1.959501137336095,1.5690264734956954,0.3904746663239267,0.0,20.0,0.0,0.0,0.598,2.068554610013962,1.6541162431240082,0.41443832963705063,0.0,20.0,0.0,0.0
baseline,3,43,0.0,0.0,1.0,0.3142857142857143,0.6071111111111112,1.9658230112658606,1.5751060048739116,0.3907169856958919,0.0,20.0,0.0,0.0,0.593,2.085292786359787,1.6629180610179901,0.4223747029900551,0.0,20.0,0.0,0.0
baseline,3,44,0.0,0.0,1.0,0.2979591836734694,0.6052222222222222,1.94658249285486,1.5617145597934723,0.38486793223354554,0.0,20.0,0.0,0.0,0.591,2.032839685678482,1.6416722536087036,0.39116740971803665,0.0,20.0,0.0,0.0
baseline,3,45,0.0,0.0,1.0,0.2816326530612244,0.601,1.9497764342361026,1.5660625994205475,0.38371382902065915,0.0,20.0,0.0,0.0,0.603,2.0858322978019714,1.66482412815094,0.4210081323981285,0.0,20.0,0.0,0.0
baseline,3,46,0.0,0.0,1.0,0.26530612244897955,0.6087777777777778,1.9465020961231656,1.56579170955552,0.3807103724943267,0.0,20.0,0.0,0.0,0.6,2.0629072785377502,1.6504015922546387,0.4125056713819504,0.0,20.0,0.0,0.0
baseline,3,47,0.0,0.0,1.0,0.24897959183673457,0.6048888888888889,1.957079999976688,1.5658820536401536,0.39119792646831936,0.0,20.0,0.0,0.0,0.599,1.9995435178279877,1.6169008314609528,0.3826427310705185,0.0,20.0,0.0,0.0
baseline,3,48,0.0,0.0,1.0,0.2326530612244898,0.609,1.9382312132252588,1.5576951404412587,0.3805360760953691,0.0,20.0,0.0,0.0,0.59,2.075999915599823,1.654191255569458,0.4218086451292038,0.0,20.0,0.0,0.0
baseline,3,49,0.0,0.0,1.0,0.21632653061224483,0.6101111111111112,1.9321388469802008,1.5580856038464441,0.3740532431337569,0.0,20.0,0.0,0.0,0.59,2.0524589121341705,1.6428612768650055,0.40959765017032623,0.0,20.0,0.0,0.0
baseline,3,50,0.0,0.0,1.0,0.19999999999999996,0.607,1.948517643743091,1.5574168894026015,0.3911007468899091,0.0,20.0,0.0,0.0,0.591,2.0734685957431793,1.6752708554267883,0.3981977850198746,0.0,20.0,0.0,0.0
uncertainty_cost,3,1,0.0,0.3,1.0,1.0,0.34255555555555556,9.638520240783691,2.685575889216529,0.5730327748590045,6.312203129132588,21.040676222907173,0.06770833333333333,0.06770833333333333,0.439,9.069349765777588,2.2811957597732544,0.4744851812720299,6.313668966293335,21.045562267303467,0.0,0.0
uncertainty_cost,3,2,0.0,0.3,1.0,0.9836734693877551,0.4688888888888889,8.927550660239326,2.1691444979773626,0.4602021715707249,6.298204037878248,20.99401256773207,0.0,0.0,0.482,8.871320962905884,2.1492300033569336,0.4238871708512306,6.298203706741333,20.994011402130127,0.0,0.0
uncertainty_cost,3,3,0.0,0.3,1.0,0.9673469387755103,0.4901111111111111,8.81855124897427,2.0819287730587854,0.4405159643954701,6.296106550428602,20.98702081044515,0.0,0.0,0.487,8.833661794662476,2.0955761075019836,0.4429585263133049,6.295126914978027,20.983755588531494,0.0,0.0
uncertainty_cost,3,4,0.0,0.3,1.0,0.9510204081632653,0.5056666666666667,8.777910417980618,2.0268430213133493,0.45758440014388824,6.2934830453660755,20.978275881873238,0.0,0.0,0.497,8.739657163619995,2.0327605605125427,0.41678832471370697,6.2901084423065186,20.967027187347412,0.0,0.0
uncertainty_cost,3,5,0.0,0.3,1.0,0.9346938775510204,0.5194444444444445,8.7294217215644,1.9951033426655664,0.4419801707069079,6.292338238822089,20.974459913041855,0.0,0.0,0.524,8.695878982543945,1.942674607038498,0.4584616348147392,6.294742822647095,20.98247480392456,0.0,0.0
uncertainty_cost,3,6,0.0,0.3,1.0,0.9183673469387755,0.524,8.69388879670037,1.9617540902561612,0.43952103124724495,6.292613678508335,20.975377983517117,0.0,0.0,0.53,8.687644243240356,1.9714350402355194,0.42361491173505783,6.2925944328308105,20.975313663482666,0.0,0.0
uncertainty_cost,3,7,0.0,0.3,1.0,0.9020408163265305,0.5313333333333333,8.655383268992106,1.936917907661862,0.4264306550224622,6.292034718725416,20.97344817055596,0.0,0.0,0.521,8.691512107849121,1.998640239238739,0.4032837226986885,6.2895883321762085,20.965293407440186,0.0,0.0
uncertainty_cost,3,8,0.0,0.3,1.0,0.8857142857142857,0.5303333333333333,8.638537274466621,1.9211406707763672,0.42736363742086625,6.290033022562663,20.966775788201225,0.0,0.0,0.511,8.646150350570679,1.9515402615070343,0.41301126778125763,6.281598806381226,20.938661575317383,0.0,0.0
uncertainty_cost,3,9,0.0,0.3,1.0,0.8693877551020408,0.5316666666666666,8.63277816772461,1.9093384014235601,0.4339208917485343,6.2895188728968305,20.965061982472736,0.0,0.0,0.504,8.662495613098145,1.9761183857917786,0.40155162662267685,6.284825563430786,20.94941759109497,0.0,0.0
uncertainty_cost,3,10,0.0,0.3,1.0,0.8530612244897959,0.5312222222222223,8.636781215667725,1.9201212326685588,0.42773103962341946,6.288928985595703,20.96309561199612,0.0,0.0,0.515,8.677423000335693,1.949097752571106,0.44162507355213165,6.286700248718262,20.955666542053223,0.0,0.0
uncertainty_cost,3,11,0.0,0.3,1.0,0.8367346938775511,0.5344444444444445,8.604430357615152,1.8965460591846042,0.42120694782998824,6.2866773340437145,20.95559024810791,0.0,0.0,0.524,8.687047243118286,1.9671826660633087,0.4357036128640175,6.2841609716415405,20.94720220565796,0.0,0.0
uncertainty_cost,3,12,0.0,0.3,1.0,0.8204081632653061,0.5352222222222223,8.609357515970865,1.908101002375285,0.4166100596388181,6.284646391868591,20.94882043202718,0.0,0.0,0.519,8.664462327957153,1.9707480072975159,0.41506484895944595,6.27864944934845,20.92883062362671,0.0,0.0
uncertainty_cost,3,13,0.0,0.3,1.0,0.8040816326530612,0.5416666666666666,8.585839986801147,1.8705611361397638,0.4250013886226548,6.290277454588148,20.967590649922688,0.0,0.0,0.535,8.617915391921997,1.908958911895752,0.41616494208574295,6.2927916049957275,20.975971221923828,0.0,0.0
uncertainty_cost,3,14,0.0,0.3,1.0,0.7877551020408163,0.546,8.54726677470737,1.8352176580164168,0.41624651849269867,6.295802619722155,20.986007743411594,0.0,0.0,0.531,8.663335800170898,1.93521249294281,0.4295979514718056,6.298525333404541,20.995083332061768,0.0,0.0
uncertainty_cost,3,15,0.0,0.3,1.0,0.7714285714285715,0.5485555555555556,8.537033955256144,1.8267999556329515,0.41546425802840126,6.2947696977191505,20.982564608256023,0.0,0.0,0.542,8.587985277175903,1.8793107271194458,0.4128715917468071,6.295803070068359,20.98600959777832,0.0,0.0
uncertainty_cost,3,16,0.0,0.3,1.0,0.7551020408163265,0.5514444444444444,8.523853593402439,1.7852696776390076,0.4300920044382413,6.3084919585122,21.028305530548096,0.0,0.0,0.547,8.549038171768188,1.8122599720954895,0.4242343455553055,6.312543869018555,21.0418119430542,0.0,0.0
uncertainty_cost,3,17,0.0,0.3,1.0,0.7387755102040816,0.5504444444444444,8.488298813501993,1.7645050519042544,0.41287370688385433,6.310920145776537,21.036399629380966,0.0,0.0,0.545,8.538278579711914,1.7946377098560333,0.42571893334388733,6.317921996116638,21.059739112854004,0.0,0.0
uncertainty_cost,3,18,0.0,0.3,1.0,0.7224489795918367,0.5551111111111111,8.492501550250584,1.7620646986696455,0.41936909407377243,6.311067819595337,21.03689161936442,0.0,0.0,0.55,8.541913986206055,1.8132884204387665,0.4181932583451271,6.31043267250061,21.03477430343628,0.0,0.0
uncertainty_cost,3,19,0.0,0.3,1.0,0.7061224489795919,0.5533333333333333,8.467401292588976,1.7393336130513086,0.41765838364760083,6.310409280988905,21.0346966319614,0.0,0.0,0.565,8.475114583969116,1.7511727213859558,0.41202057152986526,6.311921119689941,21.039735794067383,0.0,0.0
uncertainty_cost,3,20,0.0,0.3,1.0,0.689795918367347,0.5564444444444444,8.443037430445353,1.7199744515948825,0.41186728080113727,6.311195731163025,21.037318229675293,0.0,0.0,0.562,8.46138596534729,1.7610461115837097,0.3914141580462456,6.308925628662109,21.02975082397461,0.0,0.0
uncertainty_cost,3,21,0.0,0.3,1.0,0.673469387755102,0.5595555555555556,8.457664993074205,1.7257018983364105,0.41974443528387284,6.312218493885464,21.040727403428818,0.0,0.0,0.558,8.511892795562744,1.7787934839725494,0.4235493764281273,6.309550046920776,21.031832695007324,0.0,0.0
uncertainty_cost,3,22,0.0,0.3,1.0,0.6571428571428571,0.5607777777777778,8.435622745090061,1.7046927942170038,0.41700107604265213,6.313928882280986,21.0464285214742,0.0,0.0,0.562,8.516122102737427,1.774274855852127,0.4211523085832596,6.320694804191589,21.068981647491455,0.0,0.0
uncertainty_cost,3,23,0.0,0.3,1.0,0.6408163265306122,0.5624444444444444,8.463363144132826,1.7299592859215207,0.4137885380122397,6.319615297847324,21.065383434295654,0.0,0.0,0.55,8.527458190917969,1.7760153412818909,0.4366651698946953,6.314777493476868,21.049257278442383,0.0,0.0
uncertainty_cost,3,24,0.0,0.3,1.0,0.6244897959183673,0.564,8.450560331344604,1.7228558328416612,0.413352074722449,6.314352353413899,21.047840224372017,0.0,0.0,0.562,8.464004278182983,1.7552408277988434,0.39003948122262955,6.318724274635315,21.062413215637207,0.0,0.0
uncertainty_cost,3,25,0.0,0.3,1.0,0.6081632653061224,0.5646666666666667,8.42007557551066,1.6959008243348863,0.40843980262676877,6.315735008981493,21.05244912041558,0.0,0.0,0.552,8.443686246871948,1.736881136894226,0.3951052874326706,6.311699748039246,21.038998126983643,0.0,0.0
uncertainty_cost,3,26,0.0,0.3,1.0,0.5918367346938775,0.5677777777777778,8.414008564419216,1.6931002338727315,0.4106582866774665,6.310250017378065,21.034165806240505,0.0,0.0,0.552,8.47734522819519,1.7553819119930267,0.404388464987278,6.317575097084045,21.05858278274536,0.0,0.0
uncertainty_cost,3,27,0.0,0.3,1.0,0.5755102040816327,0.5616666666666666,8.398043632507324,1.6836934222115412,0.40246984197033775,6.311880495813158,21.039600637223984,0.0,0.0,0.564,8.456160068511963,1.755104124546051,0.39072124660015106,6.3103346824646,21.03444814682007,0.0,0.0
uncertainty_cost,3,28,0.0,0.3,1.0,0.5591836734693878,0.5606666666666666,8.424725002712673,1.7077250944243536,0.40717168152332306,6.309828135702345,21.032759454515244,0.0,0.0,0.561,8.443006038665771,1.7091968059539795,0.420496329665184,6.313313364982605,21.044376373291016,0.0,0.0
uncertainty_cost,3,29,0.0,0.3,1.0,0.5428571428571429,0.5658888888888889,8.415929555892944,1.6975607309076521,0.40656281842125785,6.311806016498142,21.039352416992188,0.0,0.0,0.574,8.497195482254028,1.7761605978012085,0.41042565554380417,6.3106091022491455,21.035362720489502,0.0,0.0
uncertainty_cost,3,30,0.0,0.3,1.0,0.5265306122448979,0.569,8.422340657975939,1.7003540396690369,0.40986663434240556,6.312119974030389,21.04039896859063,0.0,0.0,0.557,8.522382020950317,1.7660489976406097,0.4470560774207115,6.309276819229126,21.030921459197998,0.0,0.0
uncertainty_cost,3,31,0.0,0.3,1.0,0.510204081632653,0.5651111111111111,8.393951098124186,1.6697468360265095,0.41172779434257084,6.312476529015435,21.0415874587165,0.0,0.0,0.567,8.529512643814087,1.793592780828476,0.4229385182261467,6.312981367111206,21.043270111083984,0.0,0.0
uncertainty_cost,3,32,0.0,0.3,1.0,0.4938775510204081,0.5676666666666667,8.409525288475884,1.6913629935847387,0.4086473012963931,6.309514933162266,21.031715710957844,0.0,0.0,0.559,8.483608484268188,1.756409078836441,0.4185490384697914,6.3086501359939575,21.02883291244507,0.0,0.0
uncertainty_cost,3,33,0.0,0.3,1.0,0.47755102040816333,0.5664444444444444,8.39556630452474,1.674333522717158,0.4120543814367718,6.309178431828816,21.0305937661065,0.0,0.0,0.567,8.420443296432495,1.7145931720733643,0.39322758466005325,6.312622666358948,21.04207468032837,0.0,0.0
uncertainty_cost,3,34,0.0,0.3,1.0,0.46122448979591835,0.5676666666666667,8.3954795466529,1.6756223605738745,0.4099045718709628,6.309952576955159,21.033174249860977,0.0,0.0,0.571,8.441876411437988,1.7224383056163788,0.4052348807454109,6.3142030239105225,21.047342777252197,0.0,0.0
uncertainty_cost,3,35,0.0,0.3,1.0,0.4448979591836735,0.5682222222222222,8.418618096245659,1.6878503031200833,0.4183573971192042,6.312410487069024,21.041367318895126,0.0,0.0,0.56,8.517688512802124,1.7836848497390747,0.42363542318344116,6.310368180274963,21.03455924987793,0.0,0.0
uncertainty_cost,3,36,0.0,0.3,1.0,0.4285714285714285,0.5745555555555556,8.391228596369425,1.6772236029307048,0.4023581842581431,6.311646726396349,21.03882148530748,0.0,0.0,0.56,8.498237609863281,1.78180393576622,0.40948639810085297,6.306947231292725,21.02315664291382,0.0,0.0
uncertainty_cost,3,37,0.0,0.3,1.0,0.4122448979591836,0.564,8.390835444132486,1.6774101422892675,0.4023100766870711,6.311115317874485,21.037050035264755,0.0,0.0,0.574,8.455582857131958,1.7263071835041046,0.4171409606933594,6.312134742736816,21.04044771194458,0.0,0.0
uncertainty_cost,3,38,0.0,0.3,1.0,0.39591836734693875,0.5625555555555556,8.404331684112549,1.688001576397154,0.4039418026804924,6.312388208177355,21.04129303826226,0.0,0.0,0.567,8.471405744552612,1.7532114088535309,0.40626680105924606,6.311927795410156,21.03975820541382,0.0,0.0
uncertainty_cost,3,39,0.0,0.3,1.0,0.3795918367346939,0.565,8.398965093824598,1.672565781407886,0.41451091236538357,6.311888429853651,21.039627075195312,0.0,0.0,0.553,8.439893960952759,1.7249262630939484,0.4027763232588768,6.3121912479400635,21.04063653945923,0.0,0.0
uncertainty_cost,3,40,0.0,0.3,1.0,0.3632653061224489,0.5695555555555556,8.3907343811459,1.6741585036118825,0.4069695423046748,6.309606313705444,21.032020092010498,0.0,0.0,0.562,8.440964937210083,1.7110231816768646,0.41692274808883667,6.313018798828125,21.043395042419434,0.0,0.0
uncertainty_cost,3,41,0.0,0.3,1.0,0.346938775510204,0.5673333333333334,8.374803370899624,1.6601354546017117,0.4038926536838214,6.310775306489733,21.035916805267334,0.0,0.0,0.567,8.454763412475586,1.725050687789917,0.41951601952314377,6.310196757316589,21.03398847579956,0.0,0.0
uncertainty_cost,3,42,0.0,0.3,1.0,0.33061224489795915,0.5678888888888889,8.386586242251926,1.6651821931203206,0.40717295640044743,6.314231197039287,21.047436396280926,0.0,0.0,0.562,8.483677625656128,1.7443107664585114,0.42539292573928833,6.313974142074585,21.046579360961914,0.0,0.0
uncertainty_cost,3,43,0.0,0.3,1.0,0.3142857142857143,0.5718888888888889,8.393894486957127,1.676558295885722,0.4069604277610779,6.310375743442112,21.034584787156845,0.0,0.0,0.56,8.465097665786743,1.7253098785877228,0.4251597672700882,6.314628005027771,21.04875946044922,0.0,0.0
uncertainty_cost,3,44,0.0,0.3,1.0,0.2979591836734694,0.5672222222222222,8.374012814627754,1.6627256837156084,0.39945631474256516,6.311830719312032,21.039434644911026,0.0,0.0,0.553,8.442660570144653,1.728195995092392,0.40084102004766464,6.313623547554016,21.045411109924316,0.0,0.0
uncertainty_cost,3,45,0.0,0.3,1.0,0.2816326530612244,0.5685555555555556,8.382379478878445,1.670193139049742,0.4026273861527443,6.3095589478810625,21.031862258911133,0.0,0.0,0.571,8.480080842971802,1.737141728401184,0.42995675653219223,6.312982201576233,21.043272972106934,0.0,0.0
uncertainty_cost,3,46,0.0,0.3,1.0,0.26530612244897955,0.5698888888888889,8.381027195188734,1.67311011089219,0.39644045134385425,6.311476641231113,21.038254472944473,0.0,0.0,0.571,8.44644284248352,1.724616289138794,0.4097255691885948,6.312101125717163,21.04033613204956,0.0,0.0
uncertainty_cost,3,47,0.0,0.3,1.0,0.24897959183673457,0.5694444444444444,8.385078112284342,1.659692774216334,0.41212016012933517,6.31326515144772,21.044216261969673,0.0,0.0,0.571,8.404736042022705,1.6911709904670715,0.4017350375652313,6.311830282211304,21.039433002471924,0.0,0.0
uncertainty_cost,3,48,0.0,0.3,1.0,0.2326530612244898,0.5697777777777778,8.368906762864855,1.6544248859087627,0.4038939103484154,6.310587949222988,21.035292360517715,0.0,0.0,0.566,8.442278146743774,1.708783745765686,0.4213957265019417,6.3120986223220825,21.040327548980713,0.0,0.0
uncertainty_cost,3,49,0.0,0.3,1.0,0.21632653061224483,0.5714444444444444,8.376583152347141,1.6700651778115168,0.3957544623149766,6.310763531261021,21.035877333747017,0.0,0.0,0.569,8.426053285598755,1.696693867444992,0.41602157801389694,6.313337922096252,21.044458866119385,0.0,0.0
uncertainty_cost,3,50,0.0,0.3,1.0,0.19999999999999996,0.5724444444444444,8.38603236940172,1.6651566392845578,0.4090295053190655,6.311846150292291,21.039486196306015,0.0,0.0,0.55,8.45609712600708,1.740375578403473,0.40403949469327927,6.3116819858551025,21.038938999176025,0.0,0.0
baseline,4,1,0.0,0.0,1.0,1.0,0.3492222222222222,3.1519198616345725,2.4805045856369867,0.5847182282143168,0.0,20.0,0.0866970486111111,0.0866970486111111,0.478,2.5552682876586914,2.06201434135437,0.4932539686560631,0.0,20.0,0.0,0.0
baseline,4,2,0.0,0.0,1.0,0.9836734693877551,0.5127777777777778,2.4091241425938077,1.9565604825814564,0.4525636558731397,0.0,20.0,0.0,0.0,0.539,2.359119415283203,1.9233896732330322,0.43572980910539627,0.0,20.0,0.0,0.0
baseline,4,3,0.0,0.0,1.0,0.9673469387755103,0.5373333333333333,2.274373153845469,1.8363753490977817,0.4379978088868989,0.0,20.0,0.0,0.0,0.53,2.3068147897720337,1.8463375568389893,0.46047721803188324,0.0,20.0,0.0,0.0
baseline,4,4,0.0,0.0,1.0,0.9510204081632653,0.5504444444444444,2.2151005268096924,1.7829881409804027,0.4321123841736052,0.0,20.0,0.0,0.0,0.558,2.239878296852112,1.7971585094928741,0.44271978735923767,0.0,20.0,0.0,0.0
baseline,4,5,0.0,0.0,1.0,0.9346938775510204,0.5632222222222222,2.1838606827788882,1.7511944770812988,0.43266619245211285,0.0,20.0,0.0,0.0,0.561,2.1888617277145386,1.7789064347743988,0.409955233335495,0.0,20.0,0.0,0.0
baseline,4,6,0.0,0.0,1.0,0.9183673469387755,0.573,2.1534711056285434,1.7301380303170946,0.4233330852455563,0.0,20.0,0.0,0.0,0.569,2.192867159843445,1.756577730178833,0.436289444565773,0.0,20.0,0.0,0.0
baseline,4,7,0.0,0.0,1.0,0.9020408163265305,0.5731111111111111,2.1337638596693673,1.7093683150079515,0.4243955405222045,0.0,20.0,0.0,0.0,0.573,2.1299514770507812,1.72563436627388,0.40431710332632065,0.0,20.0,0.0,0.0
baseline,4,8,0.0,0.0,1.0,0.8857142857142857,0.568,2.110486716032028,1.6979503730932872,0.4125363553563754,0.0,20.0,0.0,0.0,0.573,2.121528923511505,1.7250478267669678,0.39648110419511795,0.0,20.0,0.0,0.0
baseline,4,9,0.0,0.0,1.0,0.8693877551020408,0.5821111111111111,2.099665366941028,1.693835390938653,0.40582997103532154,0.0,20.0,0.0,0.0,0.573,2.1506097316741943,1.748033583164215,0.40257611870765686,0.0,20.0,0.0,0.0
baseline,4,10,0.0,0.0,1.0,0.8530612244897959,0.5765555555555556,2.106529414653778,1.6970816618866391,0.40944776352908874,0.0,20.0,0.0,0.0,0.579,2.119133412837982,1.697223722934723,0.42190974205732346,0.0,20.0,0.0,0.0
baseline,4,11,0.0,0.0,1.0,0.8367346938775511,0.577,2.079203403658337,1.668236043718126,0.4109673524896304,0.0,20.0,0.0,0.0,0.57,2.0947424173355103,1.7020789086818695,0.39266353100538254,0.0,20.0,0.0,0.0
baseline,4,12,0.0,0.0,1.0,0.8204081632653061,0.5806666666666667,2.0772210823165045,1.6674079034063551,0.40981318304936093,0.0,20.0,0.0,0.0,0.564,2.106634497642517,1.702905923128128,0.40372858196496964,0.0,20.0,0.0,0.0
baseline,4,13,0.0,0.0,1.0,0.8040816326530612,0.5796666666666667,2.084642675187853,1.666458613342709,0.4181840709514088,0.0,20.0,0.0,0.0,0.583,2.0984030961990356,1.7010615170001984,0.3973415642976761,0.0,20.0,0.0,0.0
baseline,4,14,0.0,0.0,1.0,0.7877551020408163,0.587,2.048147532675001,1.6439011130068037,0.4042464204960399,0.0,20.0,0.0,0.0,0.595,2.1100472807884216,1.6925199925899506,0.41752730309963226,0.0,20.0,0.0,0.0
baseline,4,15,0.0,0.0,1.0,0.7714285714285715,0.5855555555555556,2.053349518113666,1.6492745412720575,0.40407497187455493,0.0,20.0,0.0,0.0,0.585,2.111996054649353,1.6708755493164062,0.44112055003643036,0.0,20.0,0.0,0.0
baseline,4,16,0.0,0.0,1.0,0.7551020408163265,0.5897777777777777,2.0337529049979315,1.627691815296809,0.4060610979795456,0.0,20.0,0.0,0.0,0.583,2.10740864276886,1.6893512904644012,0.41805729269981384,0.0,20.0,0.0,0.0
baseline,4,17,0.0,0.0,1.0,0.7387755102040816,0.5893333333333334,2.0191760063171387,1.6258159743414984,0.3933600385983785,0.0,20.0,0.0,0.0,0.579,2.081489384174347,1.692694216966629,0.3887951374053955,0.0,20.0,0.0,0.0
baseline,4,18,0.0,0.0,1.0,0.7224489795918367,0.59,2.028691099749671,1.6368858185079362,0.3918052737911542,0.0,20.0,0.0,0.0,0.587,2.058940827846527,1.6680810153484344,0.39085981249809265,0.0,20.0,0.0,0.0
baseline,4,19,0.0,0.0,1.0,0.7061224489795919,0.591,2.021834241019355,1.6211909155050914,0.40064333710405564,0.0,20.0,0.0,0.0,0.58,2.117598056793213,1.712840884923935,0.40475714206695557,0.0,20.0,0.0,0.0
baseline,4,20,0.0,0.0,1.0,0.689795918367347,0.596,2.018688056204054,1.6218402286370595,0.39684781432151794,0.0,20.0,0.0,0.0,0.593,2.071745455265045,1.6583705246448517,0.4133748784661293,0.0,20.0,0.0,0.0
baseline,4,21,0.0,0.0,1.0,0.673469387755102,0.5921111111111111,2.0087666081057653,1.6163270241684384,0.3924395640691121,0.0,20.0,0.0,0.0,0.591,2.065865784883499,1.6489545404911041,0.4169112592935562,0.0,20.0,0.0,0.0
baseline,4,22,0.0,0.0,1.0,0.6571428571428571,0.5951111111111111,2.021619309981664,1.610624932580524,0.41099436829487485,0.0,20.0,0.0,0.0,0.589,2.1039201617240906,1.6695720851421356,0.43434812128543854,0.0,20.0,0.0,0.0
baseline,4,23,0.0,0.0,1.0,0.6408163265306122,0.5944444444444444,2.006231211953693,1.6081101563241746,0.39812105066246456,0.0,20.0,0.0,0.0,0.591,2.071722090244293,1.6763187646865845,0.39540331810712814,0.0,20.0,0.0,0.0
baseline,4,24,0.0,0.0,1.0,0.6244897959183673,0.5918888888888889,2.013650099436442,1.6161140037907495,0.39753609233432347,0.0,20.0,0.0,0.0,0.589,2.082229107618332,1.6786258220672607,0.40360332280397415,0.0,20.0,0.0,0.0
baseline,4,25,0.0,0.0,1.0,0.6081632653061224,0.5947777777777777,1.9905776513947382,1.6051390435960557,0.3854386094543669,0.0,20.0,0.0,0.0,0.589,2.0644015669822693,1.6608175337314606,0.4035840556025505,0.0,20.0,0.0,0.0
baseline,4,26,0.0,0.0,1.0,0.5918367346938775,0.5968888888888889,1.9927608370780945,1.6021043823824987,0.39065645303991103,0.0,20.0,0.0,0.0,0.6,2.052661657333374,1.6463223099708557,0.4063393324613571,0.0,20.0,0.0,0.0
baseline,4,27,0.0,0.0,1.0,0.5755102040816327,0.5921111111111111,1.9951469831996493,1.6062673992580838,0.3888795930478308,0.0,20.0,0.0,0.0,0.588,2.0372748374938965,1.649773269891739,0.38750161975622177,0.0,20.0,0.0,0.0
baseline,4,28,0.0,0.0,1.0,0.5591836734693878,0.5983333333333334,1.9883312152491674,1.5973021884759266,0.3910290234618717,0.0,20.0,0.0,0.0,0.597,2.1265462040901184,1.7081257700920105,0.4184204638004303,0.0,20.0,0.0,0.0
baseline,4,29,0.0,0.0,1.0,0.5428571428571429,0.6,1.9999186595280964,1.6051485571596358,0.3947701065076722,0.0,20.0,0.0,0.0,0.581,2.077256888151169,1.6825440227985382,0.3947128877043724,0.0,20.0,0.0,0.0
baseline,4,30,0.0,0.0,1.0,0.5265306122448979,0.5967777777777777,1.9666379690170288,1.588448766205046,0.37818921274609035,0.0,20.0,0.0,0.0,0.59,2.084323525428772,1.672369360923767,0.4119541645050049,0.0,20.0,0.0,0.0
baseline,4,31,0.0,0.0,1.0,0.510204081632653,0.5998888888888889,1.9810632036791906,1.5957484543323517,0.38531475100252366,0.0,20.0,0.0,0.0,0.586,2.04505854845047,1.6611160933971405,0.3839424327015877,0.0,20.0,0.0,0.0
baseline,4,32,0.0,0.0,1.0,0.4938775510204081,0.6015555555555555,1.9833549294206831,1.589809430970086,0.3935454976227548,0.0,20.0,0.0,0.0,0.587,2.0689440965652466,1.6748321652412415,0.3941119611263275,0.0,20.0,0.0,0.0
baseline,4,33,0.0,0.0,1.0,0.47755102040816333,0.6008888888888889,1.9876149263646867,1.5956877602471247,0.3919271594948239,0.0,20.0,0.0,0.0,0.597,2.086026757955551,1.6657754778862,0.4202512726187706,0.0,20.0,0.0,0.0
baseline,4,34,0.0,0.0,1.0,0.46122448979591835,0.6025555555555555,1.9766044947836134,1.5830079780684576,0.39359651174810195,0.0,20.0,0.0,0.0,0.607,2.0502386689186096,1.6429742276668549,0.40726450085639954,0.0,20.0,0.0,0.0
baseline,4,35,0.0,0.0,1.0,0.4448979591836735,0.6013333333333334,1.9691730042298634,1.5877430935700734,0.38142991645468605,0.0,20.0,0.0,0.0,0.59,2.089239180088043,1.6761617958545685,0.41307732462882996,0.0,20.0,0.0,0.0
baseline,4,36,0.0,0.0,1.0,0.4285714285714285,0.6026666666666667,1.9770904315842524,1.58420439892345,0.3928860169317987,0.0,20.0,0.0,0.0,0.593,2.1266964077949524,1.6992409527301788,0.42745546251535416,0.0,20.0,0.0,0.0
baseline,4,37,0.0,0.0,1.0,0.4122448979591836,0.601,1.9715093937185075,1.5859312911828358,0.38557811826467514,0.0,20.0,0.0,0.0,0.603,2.09763765335083,1.6876854002475739,0.40995222330093384,0.0,20.0,0.0,0.0
baseline,4,38,0.0,0.0,1.0,0.39591836734693875,0.6031111111111112,1.9632141424549951,1.5773628089163039,0.38585132857163745,0.0,20.0,0.0,0.0,0.602,2.040477693080902,1.669326514005661,0.3711512088775635,0.0,20.0,0.0,0.0
baseline,4,39,0.0,0.0,1.0,0.3795918367346939,0.6056666666666667,1.9441859357886844,1.5646550688478682,0.3795308636294471,0.0,20.0,0.0,0.0,0.591,2.0508642494678497,1.6706039309501648,0.3802603483200073,0.0,20.0,0.0,0.0
baseline,4,40,0.0,0.0,1.0,0.3632653061224489,0.6046666666666667,1.9491126040617626,1.5666141245100234,0.38249848369095063,0.0,20.0,0.0,0.0,0.593,2.067812293767929,1.6535407602787018,0.4142715409398079,0.0,20.0,0.0,0.0
baseline,4,41,0.0,0.0,1.0,0.346938775510204,0.6075555555555555,1.9503719409306843,1.5748518606026967,0.3755200770166185,0.0,20.0,0.0,0.0,0.594,2.047445774078369,1.6513314545154572,0.3961143046617508,0.0,20.0,0.0,0.0
baseline,4,42,0.0,0.0,1.0,0.33061224489795915,0.6027777777777777,1.9497866796122656,1.563583450184928,0.38620322280459934,0.0,20.0,0.0,0.0,0.597,2.053169935941696,1.6544533669948578,0.398716576397419,0.0,20.0,0.0,0.0
baseline,4,43,0.0,0.0,1.0,0.3142857142857143,0.6047777777777777,1.9578991134961445,1.573913233147727,0.38398587455352146,0.0,20.0,0.0,0.0,0.588,2.0848382711410522,1.6782808005809784,0.40655747801065445,0.0,20.0,0.0,0.0
baseline,4,44,0.0,0.0,1.0,0.2979591836734694,0.6093333333333333,1.9388478762573667,1.5570927129851446,0.38175516078869504,0.0,20.0,0.0,0.0,0.591,2.0900627970695496,1.6748100817203522,0.4152527004480362,0.0,20.0,0.0,0.0
baseline,4,45,0.0,0.0,1.0,0.2816326530612244,0.6035555555555555,1.9613207545545366,1.5748816662364535,0.3864390908016099,0.0,20.0,0.0,0.0,0.589,2.089061439037323,1.6825699508190155,0.4064914882183075,0.0,20.0,0.0,0.0
baseline,4,46,0.0,0.0,1.0,0.26530612244897955,0.6072222222222222,1.9478678438398573,1.5536435676945581,0.39422427200608784,0.0,20.0,0.0,0.0,0.596,2.033198058605194,1.641969919204712,0.39122815430164337,0.0,20.0,0.0,0.0
baseline,4,47,0.0,0.0,1.0,0.24897959183673457,0.6071111111111112,1.955018377966351,1.562495489915212,0.3925228839119275,0.0,20.0,0.0,0.0,0.596,2.0606877505779266,1.6502913534641266,0.41039638966321945,0.0,20.0,0.0,0.0
baseline,4,48,0.0,0.0,1.0,0.2326530612244898,0.6036666666666667,1.9371553990576003,1.5547270774841309,0.3824283141228888,0.0,20.0,0.0,0.0,0.582,2.0521986186504364,1.6450140476226807,0.40718459337949753,0.0,20.0,0.0,0.0
baseline,4,49,0.0,0.0,1.0,0.21632653061224483,0.6057777777777777,1.9292884833282895,1.5531530678272247,0.3761354212959607,0.0,20.0,0.0,0.0,0.598,2.0846777260303497,1.6690190434455872,0.4156586527824402,0.0,20.0,0.0,0.0
baseline,4,50,0.0,0.0,1.0,0.19999999999999996,0.6088888888888889,1.9275864230261908,1.5477636224693723,0.3798227989011341,0.0,20.0,0.0,0.0,0.598,2.0312460362911224,1.6444016993045807,0.38684431463479996,0.0,20.0,0.0,0.0
uncertainty_cost,4,1,0.0,0.3,1.0,1.0,0.3243333333333333,9.597855356004503,2.5745749473571777,0.5811169619361559,6.355466458532545,21.18488730324639,0.0866970486111111,0.0866970486111111,0.457,9.09432315826416,2.1962414383888245,0.5558567568659782,6.342224836349487,21.140748977661133,0.0,0.0
uncertainty_cost,4,2,0.0,0.3,1.0,0.9836734693877551,0.47644444444444445,8.89363866382175,2.09896539317237,0.4583272983630498,6.336346016989814,21.121152612898086,0.0,0.0,0.459,8.85019040107727,2.091513454914093,0.4308347776532173,6.327842354774475,21.092807292938232,0.0,0.0
uncertainty_cost,4,3,0.0,0.3,1.0,0.9673469387755103,0.4888888888888889,8.740261236826578,1.9801732235484653,0.43303534968031776,6.327052712440491,21.090174833933514,0.0,0.0,0.498,8.809045314788818,2.0512383580207825,0.43509984761476517,6.3227070569992065,21.07568883895874,0.0,0.0
uncertainty_cost,4,4,0.0,0.3,1.0,0.9510204081632653,0.5208888888888888,8.647015810012817,1.8925535678863525,0.43640218757920796,6.318060146437751,21.0601995256212,0.0,0.0,0.526,8.65408730506897,1.9038134217262268,0.43319546431303024,6.317078590393066,21.056928157806396,0.0,0.0
uncertainty_cost,4,5,0.0,0.3,1.0,0.9346938775510204,0.5277777777777778,8.611930476294624,1.8644878665606182,0.4324809287985166,6.314961671829224,21.049871338738335,0.0,0.0,0.525,8.603773593902588,1.8734187483787537,0.41653840243816376,6.313816428184509,21.046053886413574,0.0,0.0
uncertainty_cost,4,6,0.0,0.3,1.0,0.9183673469387755,0.5377777777777778,8.589247994952732,1.845895575152503,0.42621641357739765,6.3171360095342,21.05711915757921,0.0,0.0,0.545,8.62665867805481,1.8736584782600403,0.43653348833322525,6.316466808319092,21.054888248443604,0.0,0.0
uncertainty_cost,4,7,0.0,0.3,1.0,0.9020408163265305,0.5473333333333333,8.539106792873806,1.7990200618902843,0.42233448806736207,6.317752255333795,21.059173319074844,0.0,0.0,0.544,8.545357704162598,1.8153592944145203,0.412159226834774,6.317839026451111,21.059462547302246,0.0,0.0
uncertainty_cost,4,8,0.0,0.3,1.0,0.8857142857142857,0.5445555555555556,8.532595528496635,1.79976025223732,0.41803240610493553,6.314802858564589,21.049341996510822,0.0,0.0,0.546,8.532939434051514,1.811595618724823,0.4084448590874672,6.312898755073547,21.0429949760437,0.0,0.0
uncertainty_cost,4,9,0.0,0.3,1.0,0.8693877551020408,0.5524444444444444,8.512971560160318,1.7886549399958716,0.41082704315582913,6.313489569558038,21.04496431350708,0.0,0.0,0.54,8.554034948348999,1.8416589200496674,0.4015544727444649,6.310821533203125,21.036070823669434,0.0,0.0
uncertainty_cost,4,10,0.0,0.3,1.0,0.8530612244897959,0.55,8.522631115383572,1.7931571635935042,0.4170645698904991,6.312409427430895,21.04136387507121,0.0,0.0,0.552,8.555879592895508,1.8180690109729767,0.42758236825466156,6.310227990150452,21.03409194946289,0.0,0.0
uncertainty_cost,4,11,0.0,0.3,1.0,0.8367346938775511,0.5483333333333333,8.49736385875278,1.766761816210217,0.41903163658248055,6.311570366223653,21.038566907246906,0.0,0.0,0.541,8.497838735580444,1.7832230031490326,0.40203720331192017,6.312578320503235,21.041926860809326,0.0,0.0
uncertainty_cost,4,12,0.0,0.3,1.0,0.8204081632653061,0.554,8.487955729166666,1.7605140739017062,0.41647083643409943,6.310970769988166,21.03656832377116,0.0,0.0,0.535,8.532460451126099,1.8013686835765839,0.4180711433291435,6.313020825386047,21.04340171813965,0.0,0.0
uncertainty_cost,4,13,0.0,0.3,1.0,0.8040816326530612,0.5507777777777778,8.496999634636772,1.7576559219095442,0.427337603436576,6.312006023195055,21.040019194285076,0.0,0.0,0.548,8.493271827697754,1.7829289138317108,0.40041568875312805,6.309926986694336,21.03308868408203,0.0,0.0
uncertainty_cost,4,14,0.0,0.3,1.0,0.7877551020408163,0.5562222222222222,8.475542333390978,1.750962085194058,0.4144708298974567,6.310109310679966,21.033696704440647,0.0,0.0,0.561,8.518388986587524,1.791090190410614,0.41740182787179947,6.309897065162659,21.032989025115967,0.0,0.0
uncertainty_cost,4,15,0.0,0.3,1.0,0.7714285714285715,0.5556666666666666,8.486196200052897,1.762893749607934,0.41308732993072933,6.310215168529087,21.03404951095581,0.0,0.0,0.555,8.557287454605103,1.7959827482700348,0.44779692590236664,6.313507437705994,21.045023918151855,0.0,0.0
uncertainty_cost,4,16,0.0,0.3,1.0,0.7551020408163265,0.5563333333333333,8.455995930565727,1.7298273477289412,0.4174214121368196,6.308747212092082,21.02915636698405,0.0,0.0,0.552,8.545731782913208,1.8105449080467224,0.42450379580259323,6.310683012008667,21.035608768463135,0.0,0.0
uncertainty_cost,4,17,0.0,0.3,1.0,0.7387755102040816,0.5591111111111111,8.443783283233643,1.7307090130117204,0.40492148449023563,6.3081528478198585,21.02717532051934,0.0,0.0,0.546,8.530235290527344,1.8146864473819733,0.4073379412293434,6.308210849761963,21.027368545532227,0.0,0.0
uncertainty_cost,4,18,0.0,0.3,1.0,0.7224489795918367,0.5573333333333333,8.457407501008776,1.740870280398263,0.4076206882794698,6.308916502528721,21.02972083621555,0.0,0.0,0.545,8.497025966644287,1.7863813936710358,0.40232716500759125,6.308317422866821,21.027723789215088,0.0,0.0
uncertainty_cost,4,19,0.0,0.3,1.0,0.7061224489795919,0.5604444444444444,8.450440221362644,1.722839633623759,0.41854383879237705,6.309056758880615,21.030188189612495,0.0,0.0,0.55,8.556989908218384,1.840429425239563,0.40771837532520294,6.308842062950134,21.02947235107422,0.0,0.0
uncertainty_cost,4,20,0.0,0.3,1.0,0.689795918367347,0.5607777777777778,8.450949589411417,1.727923098537657,0.41309499326679444,6.309931556383769,21.033104048834907,0.0,0.0,0.558,8.503993511199951,1.7719345688819885,0.41802096366882324,6.314037919044495,21.046791553497314,0.0,0.0
uncertainty_cost,4,21,0.0,0.3,1.0,0.673469387755102,0.5566666666666666,8.437782049179077,1.7210461133056216,0.4069434445765283,6.3097925715976295,21.03264093399048,0.0,0.0,0.556,8.527122020721436,1.7943646907806396,0.42275455594062805,6.31000280380249,21.033341884613037,0.0,0.0
uncertainty_cost,4,22,0.0,0.3,1.0,0.6571428571428571,0.5602222222222222,8.453363551033867,1.7208444509241316,0.422964988483323,6.3095541265275745,21.03184625837538,0.0,0.0,0.554,8.55102801322937,1.7895641028881073,0.44592808187007904,6.3155357837677,21.051784992218018,0.0,0.0
uncertainty_cost,4,23,0.0,0.3,1.0,0.6408163265306122,0.5651111111111111,8.4416147602929,1.717687898212009,0.4136764307816823,6.310250427987841,21.03416707780626,0.0,0.0,0.551,8.501092433929443,1.7778806686401367,0.41046735644340515,6.312744379043579,21.04248046875,0.0,0.0
uncertainty_cost,4,24,0.0,0.3,1.0,0.6244897959183673,0.5653333333333334,8.435653077231514,1.7123408450020685,0.41228272434737945,6.311029526922438,21.036764091915554,0.0,0.0,0.549,8.502237319946289,1.7794573307037354,0.41220367699861526,6.3105762004852295,21.035253047943115,0.0,0.0
uncertainty_cost,4,25,0.0,0.3,1.0,0.6081632653061224,0.5638888888888889,8.421847608354357,1.7070983350276947,0.40314993427859414,6.311599320835537,21.038663546244305,0.0,0.0,0.554,8.464216470718384,1.7414765655994415,0.4116434156894684,6.311096549034119,21.0369873046875,0.0,0.0
uncertainty_cost,4,26,0.0,0.3,1.0,0.5918367346938775,0.5638888888888889,8.417906231350369,1.6994336644808452,0.408331584599283,6.310140901141697,21.033802032470703,0.0,0.0,0.536,8.596982717514038,1.8788374364376068,0.41701292246580124,6.3011322021484375,21.00377321243286,0.0,0.0
uncertainty_cost,4,27,0.0,0.3,1.0,0.5755102040816327,0.5637777777777778,8.42252410782708,1.7022232082155015,0.4075777017407947,6.312723252508375,21.04240984386868,0.0,0.0,0.567,8.461640119552612,1.7493982315063477,0.3974761813879013,6.314765572547913,21.049217700958252,0.0,0.0
uncertainty_cost,4,28,0.0,0.3,1.0,0.5591836734693878,0.559,8.422080013487074,1.7038548787434895,0.40752919846110874,6.310695913102892,21.03565216064453,0.0,0.0,0.563,8.522363185882568,1.7796743512153625,0.4302075132727623,6.31248140335083,21.041603565216064,0.0,0.0
uncertainty_cost,4,29,0.0,0.3,1.0,0.5428571428571429,0.5696666666666667,8.42730082405938,1.7061145106951396,0.4101019774874051,6.311084416177538,21.036947144402397,0.0,0.0,0.559,8.462990760803223,1.748666673898697,0.4048357233405113,6.3094881772994995,21.031626224517822,0.0,0.0
uncertainty_cost,4,30,0.0,0.3,1.0,0.5265306122448979,0.5692222222222222,8.408778137630886,1.6987865732775793,0.3996555424398846,6.310335980521308,21.03445233239068,0.0,0.0,0.558,8.502713680267334,1.7780849933624268,0.41496798396110535,6.309660792350769,21.032201766967773,0.0,0.0
uncertainty_cost,4,31,0.0,0.3,1.0,0.510204081632653,0.57,8.412949509090847,1.6996516121758356,0.4017990595764584,6.311498893631829,21.03832859463162,0.0,0.0,0.56,8.438662767410278,1.733942598104477,0.3934875503182411,6.311232566833496,21.03744125366211,0.0,0.0
uncertainty_cost,4,32,0.0,0.3,1.0,0.4938775510204081,0.5684444444444444,8.410938024520874,1.6951108508639865,0.4041125592258241,6.311714582973057,21.039047612084282,0.0,0.0,0.549,8.472003698348999,1.7550342977046967,0.40657735615968704,6.3103920221328735,21.034639358520508,0.0,0.0
uncertainty_cost,4,33,0.0,0.3,1.0,0.47755102040816333,0.5671111111111111,8.424634430143568,1.7038237154483795,0.41160638050900566,6.309204353226556,21.030680232577854,0.0,0.0,0.556,8.512069702148438,1.770824909210205,0.4332938715815544,6.307951092720032,21.02650260925293,0.0,0.0
uncertainty_cost,4,34,0.0,0.3,1.0,0.46122448979591835,0.5678888888888889,8.40770575735304,1.6883797811137304,0.41061920093165505,6.308706800142924,21.029021792941624,0.0,0.0,0.559,8.475662469863892,1.739988088607788,0.4250689074397087,6.310605406761169,21.03535032272339,0.0,0.0
uncertainty_cost,4,35,0.0,0.3,1.0,0.4448979591836735,0.5705555555555556,8.414468950695461,1.7000249690479703,0.4036746447285016,6.310769399007161,21.035897095998127,0.0,0.0,0.571,8.496796607971191,1.7716896831989288,0.4160332977771759,6.3090736865997314,21.030244827270508,0.0,0.0
uncertainty_cost,4,36,0.0,0.3,1.0,0.4285714285714285,0.5671111111111111,8.406716770595974,1.686918059984843,0.4108767766091559,6.3089219729105634,21.02973895602756,0.0,0.0,0.561,8.53711748123169,1.7743452787399292,0.45255593955516815,6.310216188430786,21.034052848815918,0.0,0.0
uncertainty_cost,4,37,0.0,0.3,1.0,0.4122448979591836,0.5654444444444444,8.404637734095255,1.6885139809714422,0.4049568681253327,6.3111669354968605,21.03722227944268,0.0,0.0,0.552,8.488624334335327,1.765683352947235,0.41336193680763245,6.309578895568848,21.03192901611328,0.0,0.0
uncertainty_cost,4,38,0.0,0.3,1.0,0.39591836734693875,0.5646666666666667,8.397129721111721,1.6816338234477572,0.4050944530301624,6.310401333702935,21.03467008802626,0.0,0.0,0.573,8.411415338516235,1.7156638205051422,0.3849411681294441,6.310810446739197,21.036033630371094,0.0,0.0
uncertainty_cost,4,39,0.0,0.3,1.0,0.3795918367346939,0.5662222222222222,8.389318227767944,1.6787205437819164,0.39893219123284024,6.3116655349731445,21.03888421588474,0.0,0.0,0.565,8.47840666770935,1.7673634886741638,0.39843881875276566,6.3126044273376465,21.04201364517212,0.0,0.0
uncertainty_cost,4,40,0.0,0.3,1.0,0.3632653061224489,0.5665555555555556,8.388573752509224,1.6760147445731692,0.40356843670209247,6.308990584479438,21.029967572953964,0.0,0.0,0.566,8.50715947151184,1.7640618979930878,0.43112681061029434,6.311970591545105,21.03990125656128,0.0,0.0
uncertainty_cost,4,41,0.0,0.3,1.0,0.346938775510204,0.5654444444444444,8.382085747188992,1.677636702855428,0.39522067705790204,6.309228340784709,21.030760076310898,0.0,0.0,0.559,8.445866346359253,1.7325894832611084,0.4040801078081131,6.309196472167969,21.030653953552246,0.0,0.0
uncertainty_cost,4,42,0.0,0.3,1.0,0.33061224489795915,0.5657777777777778,8.392626921335856,1.6776485476228926,0.4052828359935019,6.309695482254028,21.032317267523872,0.0,0.0,0.562,8.463247299194336,1.7457944452762604,0.4111040011048317,6.30634880065918,21.021161556243896,0.0,0.0
uncertainty_cost,4,43,0.0,0.3,1.0,0.3142857142857143,0.5703333333333334,8.391720665825737,1.6786506076653798,0.404180849591891,6.30888925658332,21.029629919264053,0.0,0.0,0.554,8.478164672851562,1.757581651210785,0.40979624539613724,6.310786843299866,21.03595542907715,0.0,0.0
uncertainty_cost,4,44,0.0,0.3,1.0,0.2979591836734694,0.5685555555555556,8.374271485540602,1.6638949712117512,0.4010350497232543,6.309341443909539,21.031137201521133,0.0,0.0,0.576,8.484013080596924,1.759953886270523,0.4147486463189125,6.309310436248779,21.031033992767334,0.0,0.0
uncertainty_cost,4,45,0.0,0.3,1.0,0.2816326530612244,0.5712222222222222,8.392125129699707,1.6784448954794142,0.4046082662211524,6.3090720309151544,21.03023910522461,0.0,0.0,0.566,8.474774837493896,1.7402805984020233,0.42200054228305817,6.3124940395355225,21.041645526885986,0.0,0.0
uncertainty_cost,4,46,0.0,0.3,1.0,0.26530612244897955,0.5731111111111111,8.396270513534546,1.671840250492096,0.41543563703695935,6.308994611104329,21.0299809773763,0.0,0.0,0.57,8.471402883529663,1.7625003457069397,0.3958629444241524,6.313039779663086,21.04346466064453,0.0,0.0
uncertainty_cost,4,47,0.0,0.3,1.0,0.24897959183673457,0.5676666666666667,8.42251443862915,1.6940051780806646,0.4145609488089879,6.313948326640659,21.046493424309624,0.0,0.0,0.564,8.448763370513916,1.713266134262085,0.4223470836877823,6.31315016746521,21.043832778930664,0.0,0.0
uncertainty_cost,4,48,0.0,0.3,1.0,0.2326530612244898,0.5648888888888889,8.374597549438477,1.6617693106333415,0.40379493104086983,6.309033327632481,21.03011025322808,0.0,0.0,0.55,8.45293927192688,1.7273405194282532,0.41541721671819687,6.310181498527527,21.033937454223633,0.0,0.0
uncertainty_cost,4,49,0.0,0.3,1.0,0.21632653061224483,0.5694444444444444,8.381831725438436,1.6744307345814176,0.3979315451449818,6.30946942170461,21.031563811832005,0.0,0.0,0.554,8.496906042098999,1.7568361163139343,0.4256359785795212,6.314434051513672,21.048112392425537,0.0,0.0
uncertainty_cost,4,50,0.0,0.3,1.0,0.19999999999999996,0.5723333333333334,8.37820561726888,1.6600121160348256,0.4083551565806071,6.309838308228387,21.032793309953476,0.0,0.0,0.568,8.47435736656189,1.767964243888855,0.40259241312742233,6.303800821304321,21.01266860961914,0.0,0.0
