run_name,seed,epoch,lambda_s,actor_eps,train_accuracy,train_loss,train_task_loss,train_sensitive_loss,train_sensitive_query_rate,train_query_entropy,validation_accuracy,validation_loss,validation_task_loss,validation_sensitive_loss,validation_sensitive_query_rate,validation_query_entropy
neural_baseline_lambda_s_0,0,1,0.0,1.0,0.1191,3.364801341295242,3.029305064678192,0.33549628406763077,0.596875,1.0499788913875818e-05,0.147,3.3617528080940247,2.7773455381393433,0.5844072699546814,0.02609779080376029,1.0499788913875818e-05
neural_baseline_lambda_s_0,0,2,0.0,0.9836734693877551,0.1666,3.1127573013305665,2.743535351753235,0.36922194100916383,0.215234375,1.0499788913875818e-05,0.186,3.0036861896514893,2.683144986629486,0.3205411657691002,0.08327720873057842,1.0499788913875818e-05
neural_baseline_lambda_s_0,0,3,0.0,0.9673469387755103,0.1894,2.989238369464874,2.681869405508041,0.3073689602315426,0.15810546875,1.0499788913875818e-05,0.186,2.9713926911354065,2.6468458771705627,0.32454680651426315,0.06253367476165295,1.0499788913875818e-05
neural_baseline_lambda_s_0,0,4,0.0,0.9510204081632653,0.1963,2.959444433450699,2.6514545917510985,0.30798983238637445,0.16875,1.0499788913875818e-05,0.217,2.885758936405182,2.5695233941078186,0.31623556464910507,0.1392443422228098,1.0499788913875818e-05
neural_baseline_lambda_s_0,0,5,0.0,0.9346938775510204,0.2064,2.915808820724487,2.6018691778182985,0.3139396496117115,0.1462890625,1.0499788913875818e-05,0.207,2.914693534374237,2.569849908351898,0.34484365582466125,0.05559671297669411,1.0499788913875818e-05
neural_baseline_lambda_s_0,0,6,0.0,0.9183673469387755,0.2005,2.906101053953171,2.6143784165382384,0.29172264486551286,0.19599609375,1.0499788913875818e-05,0.207,2.9256726503372192,2.6015637516975403,0.3241089731454849,0.07553205825388432,1.0499788913875818e-05
neural_baseline_lambda_s_0,0,7,0.0,0.9020408163265305,0.2013,2.920334219932556,2.619915169477463,0.3004190679639578,0.17333984375,1.0499788913875818e-05,0.192,2.910494387149811,2.654192626476288,0.25630179047584534,0.3117591589689255,1.0499788913875818e-05
neural_baseline_lambda_s_0,0,8,0.0,0.8857142857142857,0.211,2.8764333009719847,2.5864556610584257,0.28997764382511376,0.21357421875,1.0499788913875818e-05,0.193,2.9599857330322266,2.6161804795265198,0.343805231153965,0.030307112261652946,1.0499788913875818e-05
neural_baseline_lambda_s_0,0,9,0.0,0.8693877551020408,0.207,2.898648273944855,2.6013552129268644,0.29729305356740954,0.1828125,1.0499788913875818e-05,0.197,2.9267889261245728,2.596762537956238,0.33002643287181854,0.05785290990024805,1.0499788913875818e-05
neural_baseline_lambda_s_0,0,10,0.0,0.8530612244897959,0.2042,2.8750157237052916,2.5785551726818086,0.2964605396613479,0.193359375,1.0499788913875818e-05,0.18,2.775616228580475,2.6714417934417725,0.10417444258928299,0.7380792051553726,1.0499788913875818e-05
neural_baseline_lambda_s_0,0,11,0.0,0.8367346938775511,0.2126,2.883175927400589,2.592395544052124,0.2907803596928716,0.1904296875,1.0499788913875818e-05,0.218,2.8474082350730896,2.5849705934524536,0.2624376751482487,0.31021013110876083,1.0499788913875818e-05
neural_baseline_lambda_s_0,0,12,0.0,0.8204081632653061,0.2126,2.860946863889694,2.571771103143692,0.2891757657751441,0.19892578125,1.0499788913875818e-05,0.2,2.86554878950119,2.578087329864502,0.28746145963668823,0.18393049389123917,1.0499788913875818e-05
neural_baseline_lambda_s_0,0,13,0.0,0.8040816326530612,0.2119,2.85433224439621,2.576790285110474,0.27754195909947155,0.21123046875,1.0499788913875818e-05,0.21,2.897795796394348,2.5770649313926697,0.3207308277487755,0.11348329856991768,1.0499788913875818e-05
neural_baseline_lambda_s_0,0,14,0.0,0.7877551020408163,0.2137,2.8488451540470123,2.567368674278259,0.281476463843137,0.2064453125,1.0499788913875818e-05,0.226,2.804032325744629,2.5262871980667114,0.2777451016008854,0.14335264079272747,1.0499788913875818e-05
neural_baseline_lambda_s_0,0,15,0.0,0.7714285714285715,0.2152,2.8402233958244323,2.5494643568992617,0.2907590284943581,0.20283203125,1.0499788913875818e-05,0.209,2.815402626991272,2.5252005457878113,0.2902021035552025,0.18824084103107452,1.0499788913875818e-05
neural_baseline_lambda_s_0,0,16,0.0,0.7551020408163265,0.2186,2.7978844821453093,2.526106059551239,0.27177841663360597,0.2201171875,1.0499788913875818e-05,0.219,2.8226582407951355,2.5286871194839478,0.2939710468053818,0.18712957948446274,1.0499788913875818e-05
neural_baseline_lambda_s_0,0,17,0.0,0.7387755102040816,0.2131,2.8327687621116637,2.5486525654792787,0.28411618545651435,0.1966796875,1.0499788913875818e-05,0.223,2.852892816066742,2.559016704559326,0.29387611895799637,0.16359105706214905,1.0499788913875818e-05
neural_baseline_lambda_s_0,0,18,0.0,0.7224489795918367,0.2167,2.812051165103912,2.527048593759537,0.2850025689229369,0.203515625,1.0499788913875818e-05,0.204,2.8842448592185974,2.5883949995040894,0.29584983736276627,0.10230334103107452,1.0499788913875818e-05
neural_baseline_lambda_s_0,0,19,0.0,0.7061224489795919,0.2208,2.81340069770813,2.5347813189029695,0.2786193477921188,0.1646484375,1.0499788913875818e-05,0.219,2.8075581192970276,2.512511134147644,0.29504698514938354,0.11749057099223137,1.0499788913875818e-05
neural_baseline_lambda_s_0,0,20,0.0,0.689795918367347,0.2271,2.825844967365265,2.523059386014938,0.30278557650744914,0.14716796875,1.0499788913875818e-05,0.226,2.7690061926841736,2.560837149620056,0.20816907659173012,0.40483567118644714,1.0499788913875818e-05
neural_baseline_lambda_s_0,0,21,0.0,0.673469387755102,0.2264,2.8043069660663607,2.5161167204380037,0.28819024823606015,0.1658203125,1.0499788913875818e-05,0.23,2.8163755536079407,2.4666110277175903,0.34976454079151154,0.042598329950124025,1.0499788913875818e-05
neural_baseline_lambda_s_0,0,22,0.0,0.6571428571428571,0.2313,2.783899837732315,2.4859347999095918,0.29796501975506545,0.1341796875,1.0499788913875818e-05,0.224,2.8235391974449158,2.5236520171165466,0.29988712817430496,0.07984240353107452,1.0499788913875818e-05
neural_baseline_lambda_s_0,0,23,0.0,0.6408163265306122,0.2272,2.810768562555313,2.5215150833129885,0.2892534598708153,0.14599609375,1.0499788913875818e-05,0.218,2.831674337387085,2.509656846523285,0.32201746106147766,0.013974946225062013,1.0499788913875818e-05
neural_baseline_lambda_s_0,0,24,0.0,0.6244897959183673,0.2253,2.7903341472148897,2.49271674156189,0.2976173985749483,0.11455078125,1.0499788913875818e-05,0.211,2.7477648854255676,2.5347973704338074,0.21296750381588936,0.3494409993290901,1.0499788913875818e-05
neural_baseline_lambda_s_0,0,25,0.0,0.6081632653061224,0.2231,2.788303315639496,2.4898479163646696,0.2984553975984454,0.11630859375,1.0499788913875818e-05,0.218,2.686032712459564,2.522927403450012,0.163105309009552,0.48467807471752167,1.0499788913875818e-05
neural_baseline_lambda_s_0,0,26,0.0,0.5918367346938775,0.2296,2.7952501714229583,2.491722947359085,0.3035272337496281,0.1310546875,1.0499788913875818e-05,0.218,2.851818084716797,2.5516751408576965,0.30014292895793915,0.054249729961156845,1.0499788913875818e-05
neural_baseline_lambda_s_0,0,27,0.0,0.5755102040816327,0.2315,2.7583084642887115,2.45766818523407,0.30064028054475783,0.12333984375,1.0499788913875818e-05,0.208,2.693610429763794,2.532429873943329,0.16118059866130352,0.5,1.0499788913875818e-05
neural_baseline_lambda_s_0,0,28,0.0,0.5591836734693878,0.2309,2.7794852256774902,2.48160383105278,0.29788137283176186,0.1310546875,1.0499788913875818e-05,0.232,2.729928135871887,2.5038973093032837,0.2260308563709259,0.28256330639123917,1.0499788913875818e-05
neural_baseline_lambda_s_0,0,29,0.0,0.5428571428571429,0.2343,2.771644824743271,2.479352283477783,0.2922925394028425,0.1453125,1.0499788913875818e-05,0.238,2.7775800824165344,2.4572876691818237,0.3202924132347107,0.06175915990024805,1.0499788913875818e-05
neural_baseline_lambda_s_0,0,30,0.0,0.5265306122448979,0.2359,2.756107372045517,2.461609774827957,0.29449759889394045,0.13212890625,1.0499788913875818e-05,0.233,2.754473090171814,2.5245320200920105,0.22994106635451317,0.30896417051553726,1.0499788913875818e-05
neural_baseline_lambda_s_0,0,31,0.0,0.510204081632653,0.2348,2.7755612075328826,2.486953151226044,0.2886080425232649,0.14267578125,1.0499788913875818e-05,0.219,2.650971472263336,2.511573016643524,0.13939842581748962,0.5534078627824783,1.0499788913875818e-05
neural_baseline_lambda_s_0,0,32,0.0,0.4938775510204081,0.2348,2.77610205411911,2.478555566072464,0.29754649102687836,0.1287109375,1.0499788913875818e-05,0.231,2.6980369091033936,2.5807770490646362,0.11725985258817673,0.5420932173728943,1.0499788913875818e-05
neural_baseline_lambda_s_0,0,33,0.0,0.47755102040816333,0.2351,2.7690644443035124,2.483373707532883,0.2856907265260816,0.134375,1.0499788913875818e-05,0.249,2.6340081691741943,2.4917408227920532,0.142267394810915,0.5087890625,1.0499788913875818e-05
neural_baseline_lambda_s_0,0,34,0.0,0.46122448979591835,0.237,2.761843538284302,2.469594103097916,0.29224944971501826,0.1388671875,1.0499788913875818e-05,0.216,2.816284716129303,2.482235848903656,0.3340488374233246,0.03411233797669411,1.0499788913875818e-05
neural_baseline_lambda_s_0,0,35,0.0,0.4448979591836735,0.2363,2.7645179986953736,2.4635794818401338,0.3009385108947754,0.1119140625,1.0499788913875818e-05,0.248,2.770206034183502,2.466561794281006,0.30364421010017395,0.11062095873057842,1.0499788913875818e-05
neural_baseline_lambda_s_0,0,36,0.0,0.4285714285714285,0.2391,2.751651459932327,2.45657884478569,0.2950726140290499,0.131640625,1.0499788913875818e-05,0.238,2.7467386722564697,2.4411455392837524,0.3055930957198143,0.12372036650776863,1.0499788913875818e-05
neural_baseline_lambda_s_0,0,37,0.0,0.4122448979591836,0.2296,2.7815650522708895,2.476537066698074,0.305027974024415,0.130078125,1.0499788913875818e-05,0.241,2.798360586166382,2.455303728580475,0.3430568650364876,0.010068696225062013,1.0499788913875818e-05
neural_baseline_lambda_s_0,0,38,0.0,0.39591836734693875,0.2414,2.7447431564331053,2.4568963170051576,0.2878468412905931,0.12841796875,1.0499788913875818e-05,0.229,2.7647414803504944,2.4341893196105957,0.33055219054222107,0.011045258725062013,1.0499788913875818e-05
neural_baseline_lambda_s_0,0,39,0.0,0.3795918367346939,0.2459,2.7438524782657625,2.440937304496765,0.30291517078876495,0.12001953125,1.0499788913875818e-05,0.235,2.7972812056541443,2.4697316884994507,0.3275495022535324,0.025222252123057842,1.0499788913875818e-05
neural_baseline_lambda_s_0,0,40,0.0,0.3632653061224489,0.2442,2.7419453561306,2.445144087076187,0.29680126197636125,0.13251953125,1.0499788913875818e-05,0.235,2.7997554540634155,2.4570411443710327,0.3427143692970276,0.01572602370288223,1.0499788913875818e-05
neural_baseline_lambda_s_0,0,41,0.0,0.346938775510204,0.2341,2.748042142391205,2.4485205173492433,0.2995216351002455,0.118359375,1.0499788913875818e-05,0.252,2.755107283592224,2.4530582427978516,0.30204901099205017,0.06910021603107452,1.0499788913875818e-05
neural_baseline_lambda_s_0,0,42,0.0,0.33061224489795915,0.2361,2.7514272689819337,2.4574560821056366,0.293971199542284,0.11982421875,1.0499788913875818e-05,0.237,2.7881705164909363,2.4683682918548584,0.31980225443840027,0.02481815731152892,1.0499788913875818e-05
neural_baseline_lambda_s_0,0,43,0.0,0.3142857142857143,0.2376,2.7505980253219606,2.4574154138565065,0.2931826274842024,0.11484375,1.0499788913875818e-05,0.221,2.8320809602737427,2.485373854637146,0.3467070385813713,0.020137392450124025,1.0499788913875818e-05
neural_baseline_lambda_s_0,0,44,0.0,0.2979591836734694,0.2433,2.755705899000168,2.4591861844062803,0.2965197149664164,0.1095703125,1.0499788913875818e-05,0.229,2.6966232657432556,2.5105046033859253,0.18611863628029823,0.45844557881355286,1.0499788913875818e-05
neural_baseline_lambda_s_0,0,45,0.0,0.2816326530612244,0.2346,2.7622509956359864,2.466257154941559,0.29599382877349856,0.125390625,1.0499788913875818e-05,0.239,2.8283433318138123,2.4967275857925415,0.33161570876836777,0.01993534481152892,1.0499788913875818e-05
neural_baseline_lambda_s_0,0,46,0.0,0.26530612244897955,0.2422,2.727132034301758,2.4340671479701994,0.2930648822337389,0.11328125,1.0499788913875818e-05,0.236,2.798738121986389,2.465825140476227,0.33291298151016235,0.051791487261652946,1.0499788913875818e-05
neural_baseline_lambda_s_0,0,47,0.0,0.24897959183673457,0.2454,2.739274287223816,2.435762530565262,0.30351176038384436,0.121875,1.0499788913875818e-05,0.233,2.8017536997795105,2.4754629731178284,0.3262907862663269,0.02512122830376029,1.0499788913875818e-05
neural_baseline_lambda_s_0,0,48,0.0,0.2326530612244898,0.2383,2.7285245954990387,2.4274165332317352,0.3011080607771873,0.1234375,1.0499788913875818e-05,0.232,2.752418875694275,2.4636284708976746,0.28879040479660034,0.14533944055438042,1.0499788913875818e-05
neural_baseline_lambda_s_0,0,49,0.0,0.21632653061224483,0.236,2.7483302533626555,2.452026206254959,0.29630402773618697,0.12392578125,1.0499788913875818e-05,0.257,2.5870742201805115,2.4437724947929382,0.14330174028873444,0.5320581942796707,1.0499788913875818e-05
neural_baseline_lambda_s_0,0,50,0.0,0.19999999999999996,0.2401,2.751211094856262,2.449302542209625,0.3019085582345724,0.1150390625,1.0499788913875818e-05,0.238,2.741175591945648,2.524043083190918,0.21713246405124664,0.3322669714689255,1.0499788913875818e-05
neural_claq_lambda_s_0_4,0,1,0.4,1.0,0.118,3.5274711728096007,3.017429506778717,0.5100416678935289,0.01416015625,1.0499788913875818e-05,0.139,3.1839072704315186,2.7993053197860718,0.38460198789834976,0.0,1.0499788913875818e-05
neural_claq_lambda_s_0_4,0,2,0.4,0.9836734693877551,0.1698,3.0806175768375397,2.7193684220314025,0.36124914288520815,0.0,1.0499788913875818e-05,0.175,3.065328359603882,2.7228243947029114,0.34250398725271225,0.0,1.0499788913875818e-05
neural_claq_lambda_s_0_4,0,3,0.4,0.9673469387755103,0.1862,3.02450367808342,2.667792409658432,0.3567112751305103,0.0,1.0499788913875818e-05,0.181,3.0262467861175537,2.6748133301734924,0.3514334559440613,0.0,1.0499788913875818e-05
neural_claq_lambda_s_0_4,0,4,0.4,0.9510204081632653,0.1972,2.9934704184532164,2.6350939154624937,0.3583765096962452,0.0,1.0499788913875818e-05,0.204,2.9216033220291138,2.5756463408470154,0.3459569737315178,0.0,1.0499788913875818e-05
neural_claq_lambda_s_0_4,0,5,0.4,0.9346938775510204,0.2089,2.961931902170181,2.5992506980895995,0.3626812107861042,0.0,1.0499788913875818e-05,0.209,2.957364499568939,2.5916395783424377,0.36572492867708206,0.0,1.0499788913875818e-05
neural_claq_lambda_s_0_4,0,6,0.4,0.9183673469387755,0.2006,2.9520125508308412,2.60341591835022,0.3485966347157955,0.0,1.0499788913875818e-05,0.192,2.9504145979881287,2.599309802055359,0.3511047586798668,0.0,1.0499788913875818e-05
neural_claq_lambda_s_0_4,0,7,0.4,0.9020408163265305,0.2049,2.944052666425705,2.595021826028824,0.3490308426320553,0.0,1.0499788913875818e-05,0.207,2.936076045036316,2.5921767950057983,0.343899242579937,0.0,1.0499788913875818e-05
neural_claq_lambda_s_0_4,0,8,0.4,0.8857142857142857,0.2101,2.9275409042835236,2.57126921415329,0.3562716953456402,0.0,1.0499788913875818e-05,0.193,2.9777251482009888,2.625296115875244,0.3524290472269058,0.0,1.0499788913875818e-05
neural_claq_lambda_s_0_4,0,9,0.4,0.8693877551020408,0.2133,2.9292519330978393,2.5794318199157713,0.34982010871171954,0.0,7.818992453394458e-05,0.192,2.942960560321808,2.5903719067573547,0.3525886908173561,0.0,1.0499788913875818e-05
neural_claq_lambda_s_0_4,0,10,0.4,0.8530612244897959,0.2116,2.9074938595294952,2.5551018893718718,0.3523919701576233,0.0,1.0499788913875818e-05,0.193,2.956887125968933,2.629782557487488,0.3271045386791229,0.0,1.0499788913875818e-05
neural_claq_lambda_s_0_4,0,11,0.4,0.8367346938775511,0.2125,2.921750921010971,2.5722849488258364,0.3494659699499607,0.0,1.0499788913875818e-05,0.224,2.9354607462882996,2.5948897004127502,0.34057101607322693,0.0,1.0499788913875818e-05
neural_claq_lambda_s_0_4,0,12,0.4,0.8204081632653061,0.2118,2.900925248861313,2.55139102935791,0.3495342031121254,0.0,1.0499788913875818e-05,0.194,2.9577232599258423,2.6137735843658447,0.3439496085047722,0.0,1.0499788913875818e-05
neural_claq_lambda_s_0_4,0,13,0.4,0.8040816326530612,0.214,2.9074692487716676,2.563789117336273,0.3436801224946976,0.0,1.0499788913875818e-05,0.223,2.916251540184021,2.558587670326233,0.3576638996601105,0.0,1.0499788913875818e-05
neural_claq_lambda_s_0_4,0,14,0.4,0.7877551020408163,0.2085,2.90761079788208,2.558203125,0.349407672137022,0.0,1.0499788913875818e-05,0.226,2.854860007762909,2.517171084880829,0.33768895268440247,0.0,1.0499788913875818e-05
neural_claq_lambda_s_0_4,0,15,0.4,0.7714285714285715,0.2159,2.890845912694931,2.5355694591999054,0.35527645200490954,0.0,1.0499788913875818e-05,0.208,2.900218963623047,2.543051302433014,0.3571677431464195,0.0,1.0499788913875818e-05
neural_claq_lambda_s_0_4,0,16,0.4,0.7551020408163265,0.2243,2.8527783811092378,2.516900771856308,0.3358776278793812,0.0,1.0499788913875818e-05,0.216,2.884189009666443,2.529928684234619,0.3542603701353073,0.0,1.0499788913875818e-05
neural_claq_lambda_s_0_4,0,17,0.4,0.7387755102040816,0.2168,2.8866524398326874,2.5363879978656767,0.3502644255757332,0.0,1.0499788913875818e-05,0.234,2.85421085357666,2.5177363753318787,0.3364744707942009,0.0,1.0499788913875818e-05
neural_claq_lambda_s_0_4,0,18,0.4,0.7224489795918367,0.2237,2.8632241547107697,2.5078692197799684,0.35535494312644006,0.0,1.0499788913875818e-05,0.206,2.8747915625572205,2.5420165061950684,0.3327750414609909,0.0,1.0499788913875818e-05
neural_claq_lambda_s_0_4,0,19,0.4,0.7061224489795919,0.224,2.848931294679642,2.513400614261627,0.33553068041801454,0.0,1.0499788913875818e-05,0.213,2.8396661281585693,2.5137024521827698,0.3259636461734772,0.0,1.0499788913875818e-05
neural_claq_lambda_s_0_4,0,20,0.4,0.689795918367347,0.2273,2.8514132261276246,2.4965836346149444,0.3548296146094799,0.0,1.0499788913875818e-05,0.24,2.834767758846283,2.4820048809051514,0.3527629151940346,0.0,1.0499788913875818e-05
neural_claq_lambda_s_0_4,0,21,0.4,0.673469387755102,0.2275,2.854634737968445,2.508550840616226,0.34608390256762506,0.0,1.0499788913875818e-05,0.229,2.862747371196747,2.4975208044052124,0.36522650718688965,0.0,1.0499788913875818e-05
neural_claq_lambda_s_0_4,0,22,0.4,0.6571428571428571,0.2297,2.824573391675949,2.4743642091751097,0.35020917989313605,0.0,1.0499788913875818e-05,0.226,2.889231264591217,2.54138046503067,0.34785080701112747,0.0,1.0499788913875818e-05
neural_claq_lambda_s_0_4,0,23,0.4,0.6408163265306122,0.2254,2.852267014980316,2.5097584962844848,0.3425085097551346,0.0,1.0499788913875818e-05,0.198,2.835151433944702,2.5093806385993958,0.3257707431912422,0.0,1.0499788913875818e-05
neural_claq_lambda_s_0_4,0,24,0.4,0.6244897959183673,0.2246,2.8303574860095977,2.493775075674057,0.33658240772783754,0.0,1.0499788913875818e-05,0.219,2.8750813603401184,2.53582364320755,0.33925776928663254,0.0,1.0499788913875818e-05
neural_claq_lambda_s_0_4,0,25,0.4,0.6081632653061224,0.2354,2.8225714564323425,2.4802266657352448,0.3423448115587234,0.0,1.0499788913875818e-05,0.225,2.814594030380249,2.4843807220458984,0.33021336793899536,0.0,1.0499788913875818e-05
neural_claq_lambda_s_0_4,0,26,0.4,0.5918367346938775,0.2308,2.841427767276764,2.489366668462753,0.35206110700964927,0.0,1.0499788913875818e-05,0.219,2.878275156021118,2.559714436531067,0.31856077909469604,0.0,1.0499788913875818e-05
neural_claq_lambda_s_0_4,0,27,0.4,0.5755102040816327,0.2333,2.7983739495277407,2.4502751171588897,0.34809884056448936,0.0,1.0499788913875818e-05,0.216,2.814787745475769,2.4681926369667053,0.3465951010584831,0.0,1.0499788913875818e-05
neural_claq_lambda_s_0_4,0,28,0.4,0.5591836734693878,0.2355,2.818209373950958,2.4744737327098845,0.3437356077134609,0.0,1.0499788913875818e-05,0.227,2.818033218383789,2.505689799785614,0.31234346330165863,0.0,1.0499788913875818e-05
neural_claq_lambda_s_0_4,0,29,0.4,0.5428571428571429,0.2333,2.8160050392150877,2.4725794792175293,0.3434255801141262,0.0,1.0499788913875818e-05,0.242,2.7871869802474976,2.449955940246582,0.33723096549510956,0.0,1.0499788913875818e-05
neural_claq_lambda_s_0_4,0,30,0.4,0.5265306122448979,0.2377,2.8094898641109465,2.4711200058460236,0.3383698664605618,0.0,1.0499788913875818e-05,0.217,2.8579763770103455,2.5250170826911926,0.33295926451683044,0.0,1.0499788913875818e-05
neural_claq_lambda_s_0_4,0,31,0.4,0.510204081632653,0.2333,2.823717159032822,2.4853299379348757,0.33838722966611384,0.0,1.0499788913875818e-05,0.215,2.81962513923645,2.501682937145233,0.31794220209121704,0.0,1.0499788913875818e-05
neural_claq_lambda_s_0_4,0,32,0.4,0.4938775510204081,0.2363,2.813450390100479,2.4716801226139067,0.34177027083933353,0.0,1.0499788913875818e-05,0.226,2.8309242129325867,2.5137022733688354,0.3172219842672348,0.0,1.0499788913875818e-05
neural_claq_lambda_s_0_4,0,33,0.4,0.47755102040816333,0.2325,2.797688937187195,2.464048260450363,0.33364067394286395,0.0,1.0499788913875818e-05,0.244,2.7819721698760986,2.4501760601997375,0.3317960426211357,0.0,1.0499788913875818e-05
neural_claq_lambda_s_0_4,0,34,0.4,0.46122448979591835,0.2306,2.8089579641819,2.465601933002472,0.34335603192448616,0.0,1.0499788913875818e-05,0.227,2.819884181022644,2.4788535833358765,0.3410305380821228,0.0,1.0499788913875818e-05
neural_claq_lambda_s_0_4,0,35,0.4,0.4448979591836735,0.2315,2.805382215976715,2.468023693561554,0.33735851012170315,0.0,1.0499788913875818e-05,0.227,2.827536404132843,2.485336184501648,0.34220023453235626,0.0,1.0499788913875818e-05
neural_claq_lambda_s_0_4,0,36,0.4,0.4285714285714285,0.2413,2.797953599691391,2.454804390668869,0.3431492030620575,0.0,1.0499788913875818e-05,0.253,2.78329735994339,2.435253620147705,0.348043754696846,0.0,1.0499788913875818e-05
neural_claq_lambda_s_0_4,0,37,0.4,0.4122448979591836,0.2289,2.8210048198699953,2.4727023005485536,0.3483025088906288,0.0,1.0499788913875818e-05,0.229,2.8398964405059814,2.4937978386878967,0.3460985869169235,0.0,1.0499788913875818e-05
neural_claq_lambda_s_0_4,0,38,0.4,0.39591836734693875,0.2445,2.777642995119095,2.4414432644844055,0.33619972616434096,0.0,1.0499788913875818e-05,0.229,2.8071847558021545,2.4699516892433167,0.3372330665588379,0.0,1.0499788913875818e-05
neural_claq_lambda_s_0_4,0,39,0.4,0.3795918367346939,0.2478,2.7762751996517183,2.432853710651398,0.34342148900032043,0.0,1.0499788913875818e-05,0.223,2.8425641655921936,2.4984928369522095,0.34407130628824234,0.0,1.0499788913875818e-05
neural_claq_lambda_s_0_4,0,40,0.4,0.3632653061224489,0.243,2.7836388111114503,2.4422561287879945,0.34138268455862997,0.0,1.0499788913875818e-05,0.244,2.809514820575714,2.459916353225708,0.3495984673500061,0.0,1.0499788913875818e-05
neural_claq_lambda_s_0_4,0,41,0.4,0.346938775510204,0.2356,2.779746782779694,2.4410884380340576,0.3386583514511585,0.0,1.0499788913875818e-05,0.245,2.7946826219558716,2.458251714706421,0.3364309072494507,0.0,1.0499788913875818e-05
neural_claq_lambda_s_0_4,0,42,0.4,0.33061224489795915,0.2374,2.786686271429062,2.449253571033478,0.337432686239481,0.0,1.0499788913875818e-05,0.24,2.764956474304199,2.43669992685318,0.3282565474510193,0.0,1.0499788913875818e-05
neural_claq_lambda_s_0_4,0,43,0.4,0.3142857142857143,0.2317,2.805861991643906,2.4732607781887053,0.33260120935738086,0.0,1.0499788913875818e-05,0.242,2.805038332939148,2.4509844183921814,0.35405394434928894,0.0,1.0499788913875818e-05
neural_claq_lambda_s_0_4,0,44,0.4,0.2979591836734694,0.2427,2.7878580033779143,2.4541679441928865,0.33369006142020224,0.0,1.0499788913875818e-05,0.22,2.8166773915290833,2.487683355808258,0.3289940357208252,0.0,1.0499788913875818e-05
neural_claq_lambda_s_0_4,0,45,0.4,0.2816326530612244,0.2381,2.8010292828083037,2.4566537916660307,0.3443754822015762,0.0,1.0499788913875818e-05,0.238,2.83352130651474,2.4929359555244446,0.3405854254961014,0.0,1.0499788913875818e-05
neural_claq_lambda_s_0_4,0,46,0.4,0.26530612244897955,0.2376,2.7760811686515807,2.439712846279144,0.3363683059811592,0.0,1.0499788913875818e-05,0.237,2.8316675424575806,2.4889771938323975,0.34269028902053833,0.0,1.0499788913875818e-05
neural_claq_lambda_s_0_4,0,47,0.4,0.24897959183673457,0.2422,2.76874383687973,2.425929695367813,0.34281413704156877,0.0,1.0499788913875818e-05,0.235,2.8227484226226807,2.484611690044403,0.33813678473234177,0.0,1.0499788913875818e-05
neural_claq_lambda_s_0_4,0,48,0.4,0.2326530612244898,0.2397,2.7774511873722076,2.4289977967739107,0.3484533831477165,0.0,1.0499788913875818e-05,0.238,2.7730912566184998,2.4456328749656677,0.3274584040045738,0.0,1.0499788913875818e-05
neural_claq_lambda_s_0_4,0,49,0.4,0.21632653061224483,0.2407,2.7866641342639924,2.448822075128555,0.3378420390188694,0.0,1.0499788913875818e-05,0.258,2.718691408634186,2.393773317337036,0.3249180540442467,0.0,1.0499788913875818e-05
neural_claq_lambda_s_0_4,0,50,0.4,0.19999999999999996,0.2376,2.774288445711136,2.433625864982605,0.3406625837087631,0.0,1.0499788913875818e-05,0.224,2.8030360341072083,2.469227433204651,0.33380863070487976,0.0,1.0499788913875818e-05
neural_baseline_lambda_s_0,1,1,0.0,1.0,0.1226,3.485661190748215,2.9768165409564973,0.508844643086195,0.07333984375,1.0499788913875818e-05,0.151,3.197259306907654,2.8214811086654663,0.3757782131433487,0.10311152972280979,1.0499788913875818e-05
neural_baseline_lambda_s_0,1,2,0.0,0.9836734693877551,0.1752,3.0525388538837435,2.7267466306686403,0.3257922064512968,0.144140625,1.0499788913875818e-05,0.156,3.0442463755607605,2.716421663761139,0.3278247117996216,0.16049299389123917,1.0499788913875818e-05
neural_baseline_lambda_s_0,1,3,0.0,0.9673469387755103,0.1859,2.993089944124222,2.6755706548690794,0.3175193049013615,0.13330078125,1.0499788913875818e-05,0.201,2.9738388657569885,2.6490273475646973,0.32481154054403305,0.028623383725062013,1.0499788913875818e-05
neural_baseline_lambda_s_0,1,4,0.0,0.9510204081632653,0.2017,2.9562427759170533,2.6315008997917175,0.32474186792969706,0.126953125,1.0499788913875818e-05,0.182,2.936843752861023,2.603842318058014,0.33300140500068665,0.1064789853990078,1.0499788913875818e-05
neural_baseline_lambda_s_0,1,5,0.0,0.9346938775510204,0.1907,2.9559672117233275,2.646368181705475,0.3095990467816591,0.152294921875,7.818993035471066e-05,0.191,2.9373276829719543,2.6373655200004578,0.29996220022439957,0.1630185879766941,1.0499788913875818e-05
neural_baseline_lambda_s_0,1,6,0.0,0.9183673469387755,0.2066,2.8900740146636963,2.5931870520114897,0.29688697271049025,0.15712890625,1.0499788913875818e-05,0.21,2.8673317432403564,2.550341010093689,0.3169907331466675,0.11065463349223137,1.0499788913875818e-05
neural_baseline_lambda_s_0,1,7,0.0,0.9020408163265305,0.2111,2.88244446516037,2.5830296099185945,0.29941484667360785,0.1564453125,1.0499788913875818e-05,0.206,2.8307619094848633,2.6104846000671387,0.22027738019824028,0.33337823301553726,1.0499788913875818e-05
neural_baseline_lambda_s_0,1,8,0.0,0.8857142857142857,0.21,2.882976794242859,2.584859496355057,0.2981172904372215,0.16123046875,1.0499788913875818e-05,0.192,2.809336245059967,2.6245312094688416,0.18480502255260944,0.4072602391242981,1.0499788913875818e-05
neural_baseline_lambda_s_0,1,9,0.0,0.8693877551020408,0.2043,2.8832555174827577,2.589203214645386,0.2940523035824299,0.15693359375,1.0499788913875818e-05,0.203,2.81901615858078,2.6270610690116882,0.1919551119208336,0.4196861535310745,1.0499788913875818e-05
neural_baseline_lambda_s_0,1,10,0.0,0.8530612244897959,0.217,2.844332778453827,2.5660047113895414,0.2783280612900853,0.17724609375,1.0499788913875818e-05,0.219,2.8480913043022156,2.571543037891388,0.27654822915792465,0.18248248845338821,1.0499788913875818e-05
neural_baseline_lambda_s_0,1,11,0.0,0.8367346938775511,0.2141,2.848978179693222,2.5532034635543823,0.2957746947184205,0.1482421875,1.0499788913875818e-05,0.209,2.729518175125122,2.606458604335785,0.12305961549282074,0.5999797880649567,1.0499788913875818e-05
neural_baseline_lambda_s_0,1,12,0.0,0.8204081632653061,0.22,2.837167966365814,2.5555441677570343,0.28162380112335084,0.17490234375,1.0499788913875818e-05,0.231,2.845781624317169,2.5326268672943115,0.3131547123193741,0.06371228490024805,1.0499788913875818e-05
neural_baseline_lambda_s_0,1,13,0.0,0.8040816326530612,0.2229,2.8614790439605713,2.552925729751587,0.30855332501232624,0.11298828125,1.0499788913875818e-05,0.213,2.8361952900886536,2.543137013912201,0.29305826127529144,0.08415274694561958,1.0499788913875818e-05
neural_baseline_lambda_s_0,1,14,0.0,0.7877551020408163,0.223,2.8271376192569733,2.535140943527222,0.29199666790664197,0.14990234375,1.0499788913875818e-05,0.227,2.84992653131485,2.547301471233368,0.30262502282857895,0.12715517356991768,1.0499788913875818e-05
neural_baseline_lambda_s_0,1,15,0.0,0.7714285714285715,0.2162,2.8271848976612093,2.534557521343231,0.2926273852586746,0.14658203125,1.0499788913875818e-05,0.227,2.8063851594924927,2.580753445625305,0.22563175857067108,0.34499596059322357,1.0499788913875818e-05
neural_baseline_lambda_s_0,1,16,0.0,0.7551020408163265,0.2217,2.821154236793518,2.5348819375038145,0.28627230115234853,0.16767578125,1.0499788913875818e-05,0.211,2.9336109161376953,2.60431706905365,0.3292938843369484,0.08610587194561958,1.0499788913875818e-05
neural_baseline_lambda_s_0,1,17,0.0,0.7387755102040816,0.2161,2.810395818948746,2.527227598428726,0.2831682153046131,0.161328125,1.0499788913875818e-05,0.233,2.832895278930664,2.5119373202323914,0.3209579288959503,0.06539601273834705,1.0499788913875818e-05
neural_baseline_lambda_s_0,1,18,0.0,0.7224489795918367,0.2187,2.8013266742229463,2.5141022741794585,0.2872244011610746,0.14287109375,1.0499788913875818e-05,0.229,2.829803168773651,2.5113630890846252,0.3184400275349617,0.05462015047669411,1.0499788913875818e-05
neural_baseline_lambda_s_0,1,19,0.0,0.7061224489795919,0.2316,2.794688957929611,2.4963933289051057,0.29829562194645404,0.13359375,1.0499788913875818e-05,0.225,2.805690109729767,2.531659483909607,0.2740306779742241,0.21629175543785095,1.0499788913875818e-05
neural_baseline_lambda_s_0,1,20,0.0,0.689795918367347,0.2336,2.779809755086899,2.497181785106659,0.2826279766857624,0.15673828125,1.0499788913875818e-05,0.24,2.7507140040397644,2.4651973843574524,0.2855165973305702,0.14503636956214905,1.0499788913875818e-05
neural_baseline_lambda_s_0,1,21,0.0,0.673469387755102,0.2335,2.7874797761440275,2.4912797808647156,0.2961999859660864,0.12060546875,1.0499788913875818e-05,0.215,2.8181142807006836,2.502891719341278,0.3152226135134697,0.08358027972280979,1.0499788913875818e-05
neural_baseline_lambda_s_0,1,22,0.0,0.6571428571428571,0.2259,2.792334645986557,2.502171152830124,0.29016350880265235,0.1484375,1.0499788913875818e-05,0.224,2.772935211658478,2.4638043642044067,0.30913088470697403,0.06889816746115685,1.0499788913875818e-05
neural_baseline_lambda_s_0,1,23,0.0,0.6408163265306122,0.2259,2.7821686565876007,2.4984045684337617,0.2837640831246972,0.149609375,1.0499788913875818e-05,0.23,2.7946579456329346,2.4824246168136597,0.3122333660721779,0.07095231674611568,1.0499788913875818e-05
neural_baseline_lambda_s_0,1,24,0.0,0.6244897959183673,0.2346,2.775372403860092,2.486224865913391,0.28914752788841724,0.13046875,1.0499788913875818e-05,0.219,2.7259100675582886,2.6219415068626404,0.10396856628358364,0.5835466086864471,1.0499788913875818e-05
neural_baseline_lambda_s_0,1,25,0.0,0.6081632653061224,0.2264,2.7853632032871247,2.497869849205017,0.28749336041510104,0.158984375,1.0499788913875818e-05,0.213,2.7451627254486084,2.538223922252655,0.20693881064653397,0.3164735957980156,1.0499788913875818e-05
neural_baseline_lambda_s_0,1,26,0.0,0.5918367346938775,0.2261,2.774049687385559,2.491640532016754,0.2824091615155339,0.14013671875,1.0499788913875818e-05,0.241,2.792109251022339,2.461920142173767,0.3301891088485718,0.01602909481152892,1.0499788913875818e-05
neural_baseline_lambda_s_0,1,27,0.0,0.5755102040816327,0.2255,2.787374234199524,2.4880021154880523,0.29937212727963924,0.1279296875,1.0499788913875818e-05,0.225,2.8203466534614563,2.487896502017975,0.33245009928941727,0.059233566746115685,1.0499788913875818e-05
neural_baseline_lambda_s_0,1,28,0.0,0.5591836734693878,0.2293,2.777636331319809,2.4855699360370638,0.2920663978904486,0.142919921875,7.818993035471066e-05,0.231,2.746963679790497,2.4610384106636047,0.285925280302763,0.14180361106991768,1.0499788913875818e-05
neural_baseline_lambda_s_0,1,29,0.0,0.5428571428571429,0.231,2.768333983421326,2.4749542355537413,0.2933797299861908,0.136376953125,7.818993035471066e-05,0.247,2.7484437227249146,2.515926778316498,0.23251698166131973,0.2947534993290901,1.0499788913875818e-05
neural_baseline_lambda_s_0,1,30,0.0,0.5265306122448979,0.2349,2.7521184504032137,2.4742504119873048,0.27786803543567656,0.17744140625,1.0499788913875818e-05,0.215,2.859866440296173,2.5403818488121033,0.3194846138358116,0.09354795329272747,1.0499788913875818e-05
neural_baseline_lambda_s_0,1,31,0.0,0.510204081632653,0.2341,2.7630946397781373,2.476454144716263,0.28664049319922924,0.12578125,1.0499788913875818e-05,0.192,2.830529808998108,2.502996861934662,0.3275329992175102,0.011045258725062013,1.0499788913875818e-05
neural_baseline_lambda_s_0,1,32,0.0,0.4938775510204081,0.2313,2.7817267060279844,2.47803573012352,0.3036909941583872,0.10087890625,1.0499788913875818e-05,0.218,2.8175739645957947,2.4986279010772705,0.31894606351852417,0.08630792051553726,1.0499788913875818e-05
neural_baseline_lambda_s_0,1,33,0.0,0.47755102040816333,0.2373,2.7661690711975098,2.475013089179993,0.2911559879779816,0.1271484375,1.0499788913875818e-05,0.257,2.707003176212311,2.426806688308716,0.2801964208483696,0.12520204856991768,1.0499788913875818e-05
neural_baseline_lambda_s_0,1,34,0.0,0.46122448979591835,0.2248,2.784225898981094,2.4835483133792877,0.3006775867193937,0.11708984375,1.0499788913875818e-05,0.223,2.7678962349891663,2.5158241391181946,0.25207213684916496,0.2325228974223137,1.0499788913875818e-05
neural_baseline_lambda_s_0,1,35,0.0,0.4448979591836735,0.237,2.757051777839661,2.458731484413147,0.29832029305398466,0.1310546875,1.0499788913875818e-05,0.248,2.7484657168388367,2.4232969880104065,0.325168713927269,0.02872440731152892,1.0499788913875818e-05
neural_baseline_lambda_s_0,1,36,0.0,0.4285714285714285,0.2357,2.7567885398864744,2.447690263390541,0.30909826792776585,0.09794921875,1.0499788913875818e-05,0.229,2.839258849620819,2.5038830041885376,0.3353758603334427,0.03899515047669411,1.0499788913875818e-05
neural_baseline_lambda_s_0,1,37,0.0,0.4122448979591836,0.2329,2.749492347240448,2.4513100564479826,0.2981822945177555,0.1201171875,7.818991871317848e-05,0.236,2.7638192772865295,2.4527865052223206,0.3110327236354351,0.08102101273834705,1.0499788913875818e-05
neural_baseline_lambda_s_0,1,38,0.0,0.39591836734693875,0.2401,2.7464317083358765,2.457456886768341,0.2889748152345419,0.14365234375,1.0499788913875818e-05,0.225,2.781416952610016,2.5003594160079956,0.2810574993491173,0.11385371722280979,1.0499788913875818e-05
neural_baseline_lambda_s_0,1,39,0.0,0.3795918367346939,0.2398,2.7185951590538027,2.4261558949947357,0.2924392607063055,0.135546875,1.0499788913875818e-05,0.21,2.7929500937461853,2.498696029186249,0.2942541018128395,0.12186826579272747,1.0499788913875818e-05
neural_baseline_lambda_s_0,1,40,0.0,0.3632653061224489,0.2384,2.7552361488342285,2.4630673706531523,0.2921687562018633,0.13671875,1.0499788913875818e-05,0.226,2.8010700345039368,2.4860334396362305,0.3150366544723511,0.07526266202330589,1.0499788913875818e-05
neural_baseline_lambda_s_0,1,41,0.0,0.346938775510204,0.2379,2.7499744415283205,2.449794441461563,0.30017999075353147,0.1236328125,1.0499788913875818e-05,0.235,2.7071838974952698,2.468357264995575,0.23882662877440453,0.24434266984462738,1.0499788913875818e-05
neural_baseline_lambda_s_0,1,42,0.0,0.33061224489795915,0.2354,2.751786071062088,2.4671358466148376,0.2846502333879471,0.1607421875,1.0499788913875818e-05,0.221,2.7913647890090942,2.4982699751853943,0.29309483617544174,0.12031923606991768,1.0499788913875818e-05
neural_baseline_lambda_s_0,1,43,0.0,0.3142857142857143,0.2379,2.740462380647659,2.4638315737247467,0.276630824059248,0.17001953125,1.0499788913875818e-05,0.234,2.660428822040558,2.535306930541992,0.1251219306141138,0.5721309334039688,1.0499788913875818e-05
neural_baseline_lambda_s_0,1,44,0.0,0.2979591836734694,0.2375,2.753515303134918,2.466726320981979,0.28678899705410005,0.156640625,1.0499788913875818e-05,0.21,2.80254465341568,2.5147926807403564,0.2877520062029362,0.12264277972280979,1.0499788913875818e-05
neural_baseline_lambda_s_0,1,45,0.0,0.2816326530612244,0.2415,2.7404006659984588,2.4441000044345857,0.29630065262317656,0.127734375,1.0499788913875818e-05,0.238,2.693145453929901,2.4940671920776367,0.19907819852232933,0.3214237615466118,1.0499788913875818e-05
neural_baseline_lambda_s_0,1,46,0.0,0.26530612244897955,0.2402,2.724461245536804,2.448302888870239,0.27615837566554546,0.16298828125,1.0499788913875818e-05,0.241,2.745609164237976,2.441689908504486,0.3039191886782646,0.10654633492231369,1.0499788913875818e-05
neural_baseline_lambda_s_0,1,47,0.0,0.24897959183673457,0.2394,2.7312453031539916,2.4431007504463196,0.2881445441395044,0.14296875,1.0499788913875818e-05,0.266,2.5950873494148254,2.4158235788345337,0.17926377058029175,0.39399245381355286,1.0499788913875818e-05
neural_baseline_lambda_s_0,1,48,0.0,0.2326530612244898,0.2407,2.7301449537277223,2.443047744035721,0.28709720373153685,0.14130859375,1.0499788913875818e-05,0.214,2.8200573325157166,2.5405921936035156,0.27946513146162033,0.11169854551553726,1.0499788913875818e-05
neural_baseline_lambda_s_0,1,49,0.0,0.21632653061224483,0.2368,2.7462667644023897,2.450340676307678,0.2959260929375887,0.11220703125,1.0499788913875818e-05,0.23,2.7427589893341064,2.4192984104156494,0.32346057146787643,0.03704202547669411,1.0499788913875818e-05
neural_baseline_lambda_s_0,1,50,0.0,0.19999999999999996,0.237,2.733206981420517,2.4533538997173308,0.2798530627042055,0.1470703125,1.0499788913875818e-05,0.241,2.6326056122779846,2.527534246444702,0.10507139936089516,0.5685277432203293,1.0499788913875818e-05
neural_claq_lambda_s_0_4,1,1,0.4,1.0,0.1211,3.52291454076767,2.99285426735878,0.5300602585077285,0.0158203125,1.0499788913875818e-05,0.148,3.190479576587677,2.797066569328308,0.3934129849076271,0.0,1.0499788913875818e-05
neural_claq_lambda_s_0_4,1,2,0.4,0.9836734693877551,0.1735,3.0960923194885255,2.7275068044662474,0.36858551278710366,0.0,1.0499788913875818e-05,0.163,3.0734118819236755,2.6984816789627075,0.37493015825748444,0.0,1.0499788913875818e-05
neural_claq_lambda_s_0_4,1,3,0.4,0.9673469387755103,0.1883,3.0271889746189116,2.6705153942108155,0.3566735751926899,0.0,1.0499788913875818e-05,0.184,3.00990754365921,2.6775389313697815,0.3323686122894287,0.0,1.0499788913875818e-05
neural_claq_lambda_s_0_4,1,4,0.4,0.9510204081632653,0.1942,2.997487461566925,2.6367397606372833,0.3607476972043514,0.0,1.0499788913875818e-05,0.195,2.999699354171753,2.6294896006584167,0.3702097609639168,0.0,1.0499788913875818e-05
neural_claq_lambda_s_0_4,1,5,0.4,0.9346938775510204,0.1905,3.0063024401664733,2.650489467382431,0.3558129742741585,0.0,1.0499788913875818e-05,0.189,2.9873294830322266,2.6325104236602783,0.35481908917427063,0.0,1.0499788913875818e-05
neural_claq_lambda_s_0_4,1,6,0.4,0.9183673469387755,0.2011,2.9474385619163512,2.593907803297043,0.35353076085448265,0.0,1.0499788913875818e-05,0.218,2.9160969257354736,2.565586268901825,0.3505106568336487,0.0,1.0499788913875818e-05
neural_claq_lambda_s_0_4,1,7,0.4,0.9020408163265305,0.2041,2.9392089247703552,2.5865712106227874,0.3526377171278,0.0,1.0499788913875818e-05,0.186,2.9640445709228516,2.6340413093566895,0.3300032690167427,0.0,1.0499788913875818e-05
neural_claq_lambda_s_0_4,1,8,0.4,0.8857142857142857,0.2073,2.9368926346302033,2.5787663757801056,0.35812626257538793,0.0,1.0499788913875818e-05,0.199,2.91998952627182,2.569106340408325,0.35088321566581726,0.0,1.0499788913875818e-05
neural_claq_lambda_s_0_4,1,9,0.4,0.8693877551020408,0.2015,2.9358379423618315,2.589030975103378,0.3468069676309824,0.0,1.0499788913875818e-05,0.197,2.9619807600975037,2.614609956741333,0.34737082570791245,0.0,1.0499788913875818e-05
neural_claq_lambda_s_0_4,1,10,0.4,0.8530612244897959,0.2116,2.910961627960205,2.570574128627777,0.340387511625886,0.0,1.0499788913875818e-05,0.209,2.9454245567321777,2.5991875529289246,0.34623707085847855,0.0,1.0499788913875818e-05
neural_claq_lambda_s_0_4,1,11,0.4,0.8367346938775511,0.209,2.9194914162158967,2.563511294126511,0.3559801273047924,0.0,1.0499788913875818e-05,0.192,2.9110788702964783,2.551481783390045,0.3595970422029495,0.0,1.0499788913875818e-05
neural_claq_lambda_s_0_4,1,12,0.4,0.8204081632653061,0.2104,2.9132889807224274,2.563016527891159,0.35027244612574576,0.0,1.0499788913875818e-05,0.226,2.8643097281455994,2.5243406891822815,0.33996905386447906,0.0,1.0499788913875818e-05
neural_claq_lambda_s_0_4,1,13,0.4,0.8040816326530612,0.2125,2.915547615289688,2.566469979286194,0.34907765612006186,0.0,7.818991871317848e-05,0.202,2.8923091292381287,2.564831495285034,0.32747770100831985,0.0,1.0499788913875818e-05
neural_claq_lambda_s_0_4,1,14,0.4,0.7877551020408163,0.2128,2.8925713300704956,2.5506718039512633,0.34189952481538055,0.0,1.0499788913875818e-05,0.222,2.909591317176819,2.574709951877594,0.3348814398050308,0.0,1.0499788913875818e-05
neural_claq_lambda_s_0_4,1,15,0.4,0.7714285714285715,0.2157,2.879105144739151,2.5341225981712343,0.3449825532734394,0.0,1.0499788913875818e-05,0.213,2.9025004506111145,2.548420786857605,0.35407959669828415,0.0,1.0499788913875818e-05
neural_claq_lambda_s_0_4,1,16,0.4,0.7551020408163265,0.2217,2.8879789769649507,2.5384188115596773,0.3495601676404476,0.0,1.0499788913875818e-05,0.207,2.9625712633132935,2.6032835841178894,0.35928767919540405,0.0,1.0499788913875818e-05
neural_claq_lambda_s_0_4,1,17,0.4,0.7387755102040816,0.2237,2.8663573026657105,2.5277502655982973,0.33860703762620686,0.0,1.0499788913875818e-05,0.224,2.8722556233406067,2.538010060787201,0.33424558490514755,0.0,1.0499788913875818e-05
neural_claq_lambda_s_0_4,1,18,0.4,0.7224489795918367,0.218,2.84329976439476,2.509223061800003,0.3340767040848732,0.0,1.0499788913875818e-05,0.233,2.8836604356765747,2.5547808408737183,0.32887956500053406,0.0,1.0499788913875818e-05
neural_claq_lambda_s_0_4,1,19,0.4,0.7061224489795919,0.2281,2.839248424768448,2.4940611243247988,0.34518730640411377,0.0,1.0499788913875818e-05,0.231,2.8344439268112183,2.4850264191627502,0.3494175225496292,0.0,1.0499788913875818e-05
neural_claq_lambda_s_0_4,1,20,0.4,0.689795918367347,0.2267,2.8397947669029238,2.502077615261078,0.3377171605825424,0.0,1.0499788913875818e-05,0.233,2.81479275226593,2.469921290874481,0.3448714464902878,0.0,1.0499788913875818e-05
neural_claq_lambda_s_0_4,1,21,0.4,0.673469387755102,0.228,2.8254882752895356,2.483488839864731,0.34199943020939827,0.0,1.0499788913875818e-05,0.217,2.8560452461242676,2.5184081196784973,0.33763711154460907,0.0,1.0499788913875818e-05
neural_claq_lambda_s_0_4,1,22,0.4,0.6571428571428571,0.2261,2.8272864878177644,2.485385739803314,0.34190074577927587,0.0,1.0499788913875818e-05,0.228,2.8284348249435425,2.4911978244781494,0.3372369781136513,0.0,1.0499788913875818e-05
neural_claq_lambda_s_0_4,1,23,0.4,0.6408163265306122,0.2275,2.836403024196625,2.497934913635254,0.33846810683608053,0.0,1.0499788913875818e-05,0.228,2.8421700596809387,2.5126595497131348,0.32951047271490097,0.0,1.0499788913875818e-05
neural_claq_lambda_s_0_4,1,24,0.4,0.6244897959183673,0.2292,2.8123990416526796,2.478957200050354,0.33344183713197706,0.0,7.81899128924124e-05,0.216,2.8734811544418335,2.5529839396476746,0.3204972371459007,0.0,1.0499788913875818e-05
neural_claq_lambda_s_0_4,1,25,0.4,0.6081632653061224,0.2236,2.8363261938095095,2.496498239040375,0.33982794657349585,0.0,1.0499788913875818e-05,0.231,2.8408411145210266,2.5193453431129456,0.32149576395750046,0.0,1.0499788913875818e-05
neural_claq_lambda_s_0_4,1,26,0.4,0.5918367346938775,0.2268,2.8199791729450228,2.482873034477234,0.33710615448653697,0.0,1.0499788913875818e-05,0.236,2.802044153213501,2.466086506843567,0.3359576091170311,0.0,1.0499788913875818e-05
neural_claq_lambda_s_0_4,1,27,0.4,0.5755102040816327,0.2267,2.8292256891727448,2.485275226831436,0.3439504601061344,0.0,1.0499788913875818e-05,0.221,2.8456534147262573,2.4992321729660034,0.3464212566614151,0.0,1.0499788913875818e-05
neural_claq_lambda_s_0_4,1,28,0.4,0.5591836734693878,0.2303,2.818260759115219,2.4760000109672546,0.3422607421875,0.0,1.0499788913875818e-05,0.23,2.825927257537842,2.496919274330139,0.32900798320770264,0.0,1.0499788913875818e-05
neural_claq_lambda_s_0_4,1,29,0.4,0.5428571428571429,0.2345,2.8083152055740355,2.4715583503246306,0.33675683960318564,0.0,1.0499788913875818e-05,0.242,2.816590905189514,2.4756319522857666,0.34095899760723114,0.0,1.0499788913875818e-05
neural_claq_lambda_s_0_4,1,30,0.4,0.5265306122448979,0.2295,2.821095335483551,2.4794724225997924,0.34162292927503585,0.0,1.0499788913875818e-05,0.206,2.87168425321579,2.519465446472168,0.3522188067436218,0.0,1.0499788913875818e-05
neural_claq_lambda_s_0_4,1,31,0.4,0.510204081632653,0.2346,2.801502937078476,2.4644725620746613,0.337030378729105,0.0,1.0499788913875818e-05,0.2,2.8532021045684814,2.520760655403137,0.33244146406650543,0.0,1.0499788913875818e-05
neural_claq_lambda_s_0_4,1,32,0.4,0.4938775510204081,0.238,2.799587780237198,2.459775573015213,0.33981220684945584,0.0,1.0499788913875818e-05,0.21,2.885413885116577,2.5484089255332947,0.3370049446821213,0.0,1.0499788913875818e-05
neural_claq_lambda_s_0_4,1,33,0.4,0.47755102040816333,0.2304,2.814859241247177,2.4755657255649566,0.3392935112118721,0.0,1.0499788913875818e-05,0.235,2.7805855870246887,2.438258111476898,0.34232746809720993,0.0,1.0499788913875818e-05
neural_claq_lambda_s_0_4,1,34,0.4,0.46122448979591835,0.2248,2.8207315683364866,2.477266550064087,0.34346502274274826,0.0,1.0499788913875818e-05,0.237,2.84197199344635,2.4972957372665405,0.34467627108097076,0.0,1.0499788913875818e-05
neural_claq_lambda_s_0_4,1,35,0.4,0.4448979591836735,0.2384,2.7922895193099975,2.4516399681568144,0.34064954295754435,0.0,1.0499788913875818e-05,0.238,2.776106834411621,2.4483298659324646,0.32777687907218933,0.0,1.0499788913875818e-05
neural_claq_lambda_s_0_4,1,36,0.4,0.4285714285714285,0.2335,2.7869373083114626,2.4434473395347593,0.3434899613261223,9.765625e-05,1.0499788913875818e-05,0.231,2.8578885197639465,2.519576668739319,0.3383118361234665,0.0,1.0499788913875818e-05
neural_claq_lambda_s_0_4,1,37,0.4,0.4122448979591836,0.2355,2.797473359107971,2.4541604280471803,0.34331294298172,0.0,1.0499788913875818e-05,0.227,2.7999939918518066,2.4597957730293274,0.34019823372364044,0.0,1.0499788913875818e-05
neural_claq_lambda_s_0_4,1,38,0.4,0.39591836734693875,0.2348,2.8032853841781615,2.4624982595443727,0.3407871287316084,0.0,1.0499788913875818e-05,0.221,2.8217793703079224,2.496616005897522,0.3251633867621422,0.0,1.0499788913875818e-05
neural_claq_lambda_s_0_4,1,39,0.4,0.3795918367346939,0.2366,2.767771691083908,2.4324275702238083,0.3353441521525383,0.0,1.0499788913875818e-05,0.2,2.832152485847473,2.490076959133148,0.34207556396722794,0.0,1.0499788913875818e-05
neural_claq_lambda_s_0_4,1,40,0.4,0.3632653061224489,0.2366,2.8040820717811585,2.465995728969574,0.33808634206652644,0.0,1.0499788913875818e-05,0.23,2.8207709789276123,2.4875141978263855,0.3332567662000656,0.0,1.0499788913875818e-05
neural_claq_lambda_s_0_4,1,41,0.4,0.346938775510204,0.24,2.782584637403488,2.4442065060138702,0.3383781284093857,0.0,1.0499788913875818e-05,0.245,2.7939720153808594,2.4569205045700073,0.3370514512062073,0.0,1.0499788913875818e-05
neural_claq_lambda_s_0_4,1,42,0.4,0.33061224489795915,0.2387,2.805171173810959,2.4599520921707154,0.34521909058094025,0.0,1.0499788913875818e-05,0.216,2.8198201060295105,2.4896055459976196,0.33021455258131027,0.0,1.0499788913875818e-05
neural_claq_lambda_s_0_4,1,43,0.4,0.3142857142857143,0.2358,2.792086237668991,2.456464189291,0.3356220543384552,0.0,1.0499788913875818e-05,0.225,2.7984867691993713,2.4595174193382263,0.3389693424105644,0.0,1.0499788913875818e-05
neural_claq_lambda_s_0_4,1,44,0.4,0.2979591836734694,0.2398,2.787548416852951,2.45071564912796,0.336832744628191,0.0,1.0499788913875818e-05,0.22,2.8431599736213684,2.5107263922691345,0.3324335962533951,0.0,1.0499788913875818e-05
neural_claq_lambda_s_0_4,1,45,0.4,0.2816326530612244,0.247,2.7725893676280977,2.433757025003433,0.33883233517408373,0.0,1.0499788913875818e-05,0.263,2.795670509338379,2.4598952531814575,0.3357752189040184,0.0,1.0499788913875818e-05
neural_claq_lambda_s_0_4,1,46,0.4,0.26530612244897955,0.2402,2.774910628795624,2.4402207255363466,0.33468989878892896,0.0,1.0499788913875818e-05,0.243,2.826439321041107,2.475021183490753,0.3514181151986122,0.0,1.0499788913875818e-05
neural_claq_lambda_s_0_4,1,47,0.4,0.24897959183673457,0.2434,2.776433080434799,2.4351705431938173,0.341262536495924,0.0,1.0499788913875818e-05,0.234,2.724278450012207,2.413189470767975,0.3110889345407486,0.0,1.0499788913875818e-05
neural_claq_lambda_s_0_4,1,48,0.4,0.2326530612244898,0.2338,2.7824264109134673,2.4470360815525054,0.33539033457636835,0.0,1.0499788913875818e-05,0.207,2.827266037464142,2.506559729576111,0.3207063302397728,0.0,1.0499788913875818e-05
neural_claq_lambda_s_0_4,1,49,0.4,0.21632653061224483,0.2345,2.7794469237327575,2.443432706594467,0.3360142171382904,0.0,7.81899128924124e-05,0.233,2.806147515773773,2.4723255038261414,0.33382201194763184,0.0,1.0499788913875818e-05
neural_claq_lambda_s_0_4,1,50,0.4,0.19999999999999996,0.2315,2.7781046450138094,2.4452846884727477,0.3328199405223131,0.0,1.0499788913875818e-05,0.236,2.7882097959518433,2.458551526069641,0.32965824007987976,0.0,1.0499788913875818e-05
neural_baseline_lambda_s_0,2,1,0.0,1.0,0.1198,3.5968322694301604,2.958763229846954,0.6380690276622772,0.11943359375,1.0499788913875818e-05,0.163,3.076906740665436,2.734601855278015,0.34230485558509827,0.29347386956214905,1.0499788913875818e-05
neural_baseline_lambda_s_0,2,2,0.0,0.9836734693877551,0.1821,3.042143589258194,2.718218243122101,0.32392533533275125,0.17607421875,1.0499788913875818e-05,0.17,3.05568927526474,2.6943605542182922,0.36132875829935074,0.042328933253884315,1.0499788913875818e-05
neural_baseline_lambda_s_0,2,3,0.0,0.9673469387755103,0.1906,2.9806372821331024,2.6606683671474456,0.3199689257889986,0.16064453125,1.0499788913875818e-05,0.183,2.892840564250946,2.7812485098838806,0.11159204132854939,0.8201778084039688,1.0499788913875818e-05
neural_baseline_lambda_s_0,2,4,0.0,0.9510204081632653,0.1973,2.940684187412262,2.6337344110012055,0.3069497816264629,0.171484375,1.0499788913875818e-05,0.2,2.9438235759735107,2.6030414700508118,0.34078214317560196,0.10964439623057842,1.0499788913875818e-05
neural_baseline_lambda_s_0,2,5,0.0,0.9346938775510204,0.2025,2.925462061166763,2.6222866654396055,0.3031754054129124,0.16845703125,1.0499788913875818e-05,0.208,2.954949200153351,2.6264336109161377,0.32851558923721313,0.028151939623057842,1.0499788913875818e-05
neural_baseline_lambda_s_0,2,6,0.0,0.9183673469387755,0.2042,2.90949267745018,2.617319369316101,0.29217330403625963,0.18603515625,1.0499788913875818e-05,0.204,2.96430367231369,2.6205813884735107,0.34372230619192123,0.047413792461156845,1.0499788913875818e-05
neural_baseline_lambda_s_0,2,7,0.0,0.9020408163265305,0.2033,2.890523707866669,2.592070311307907,0.2984534051269293,0.1724609375,1.0499788913875818e-05,0.188,2.9527676701545715,2.609794795513153,0.34297285228967667,0.037715517450124025,1.0499788913875818e-05
neural_baseline_lambda_s_0,2,8,0.0,0.8857142857142857,0.2188,2.87285777926445,2.574724239110947,0.2981335286051035,0.1865234375,1.0499788913875818e-05,0.189,2.87178236246109,2.5991408824920654,0.27264145016670227,0.126953125,1.0499788913875818e-05
neural_baseline_lambda_s_0,2,9,0.0,0.8693877551020408,0.2107,2.859430891275406,2.570972669124603,0.2884582307189703,0.19462890625,1.0499788913875818e-05,0.206,2.90332168340683,2.6119980812072754,0.29132355004549026,0.22198276221752167,1.0499788913875818e-05
neural_baseline_lambda_s_0,2,10,0.0,0.8530612244897959,0.218,2.851273941993713,2.571805644035339,0.2794683050364256,0.187890625,1.0499788913875818e-05,0.203,2.82586807012558,2.622948408126831,0.20291968807578087,0.4559873417019844,1.0499788913875818e-05
neural_baseline_lambda_s_0,2,11,0.0,0.8367346938775511,0.2173,2.829504930973053,2.551679366827011,0.27782556880265474,0.20068359375,1.0499788913875818e-05,0.197,2.8523441553115845,2.602621912956238,0.24972225725650787,0.23494746908545494,1.0499788913875818e-05
neural_baseline_lambda_s_0,2,12,0.0,0.8204081632653061,0.2168,2.8424272656440737,2.5639597713947295,0.27846749643795193,0.1853515625,1.0499788913875818e-05,0.212,2.8878650665283203,2.6123831272125244,0.2754819989204407,0.21656115353107452,1.0499788913875818e-05
neural_baseline_lambda_s_0,2,13,0.0,0.8040816326530612,0.2103,2.839055997133255,2.5595170497894286,0.27953894175589084,0.1923828125,1.0499788913875818e-05,0.21,2.871112048625946,2.5278549194335938,0.34325718879699707,0.04583108797669411,1.0499788913875818e-05
neural_baseline_lambda_s_0,2,14,0.0,0.7877551020408163,0.2214,2.8192807912826536,2.538525003194809,0.2807557811960578,0.1939453125,1.0499788913875818e-05,0.206,2.872165620326996,2.541406989097595,0.33075864613056183,0.08960802853107452,1.0499788913875818e-05
neural_baseline_lambda_s_0,2,15,0.0,0.7714285714285715,0.2203,2.82412411570549,2.5371366322040556,0.2869874980300665,0.18720703125,1.0499788913875818e-05,0.21,2.887607157230377,2.5433210134506226,0.34428615123033524,0.05189251061528921,1.0499788913875818e-05
neural_baseline_lambda_s_0,2,16,0.0,0.7551020408163265,0.2189,2.8132721841335298,2.5367058992385862,0.27656630277633665,0.16826171875,1.0499788913875818e-05,0.223,2.8673747777938843,2.5534117817878723,0.31396306306123734,0.08981007523834705,1.0499788913875818e-05
neural_baseline_lambda_s_0,2,17,0.0,0.7387755102040816,0.2239,2.801447492837906,2.5189669907093046,0.2824805065989494,0.17158203125,1.0499788913875818e-05,0.198,2.8583239912986755,2.556474447250366,0.3018495552241802,0.07048087194561958,1.0499788913875818e-05
neural_baseline_lambda_s_0,2,18,0.0,0.7224489795918367,0.2309,2.7981671571731566,2.5092119753360747,0.28895520493388177,0.1361328125,1.0499788913875818e-05,0.195,2.891333520412445,2.5772664546966553,0.3140671029686928,0.04249730613082647,1.0499788913875818e-05
neural_baseline_lambda_s_0,2,19,0.0,0.7061224489795919,0.2252,2.826488423347473,2.533566504716873,0.29292192701250314,0.13857421875,1.0499788913875818e-05,0.234,2.790989875793457,2.525291681289673,0.2656981498003006,0.2667025849223137,1.0499788913875818e-05
neural_baseline_lambda_s_0,2,20,0.0,0.689795918367347,0.2304,2.7973439157009126,2.4972011387348174,0.3001427721232176,0.13388671875,7.818991871317848e-05,0.23,2.8039125204086304,2.506263256072998,0.29764921218156815,0.19787176698446274,1.0499788913875818e-05
neural_baseline_lambda_s_0,2,21,0.0,0.673469387755102,0.2237,2.795910030603409,2.5074255228042603,0.28848449029028417,0.14873046875,1.0499788913875818e-05,0.219,2.8220359683036804,2.548256814479828,0.2737791910767555,0.18813981860876083,1.0499788913875818e-05
neural_baseline_lambda_s_0,2,22,0.0,0.6571428571428571,0.2269,2.802916258573532,2.4995497345924376,0.30336652137339115,0.14765625,1.0499788913875818e-05,0.241,2.816704213619232,2.4932446479797363,0.32345951348543167,0.06812365353107452,1.0499788913875818e-05
neural_baseline_lambda_s_0,2,23,0.0,0.6408163265306122,0.2318,2.784503495693207,2.4931829392910005,0.2913205599412322,0.146484375,1.0499788913875818e-05,0.231,2.747576057910919,2.474686563014984,0.2728894576430321,0.16251346841454506,1.0499788913875818e-05
neural_baseline_lambda_s_0,2,24,0.0,0.6244897959183673,0.2374,2.7737318098545076,2.4888878226280213,0.28484400026500223,0.15048828125,1.0499788913875818e-05,0.243,2.7144067883491516,2.478251814842224,0.2361549474298954,0.28683997690677643,1.0499788913875818e-05
neural_baseline_lambda_s_0,2,25,0.0,0.6081632653061224,0.2285,2.7922724366188048,2.5039879322052,0.2882845222949982,0.1435546875,1.0499788913875818e-05,0.241,2.8053268790245056,2.4880101084709167,0.31731677800416946,0.03391029080376029,1.0499788913875818e-05
neural_baseline_lambda_s_0,2,26,0.0,0.5918367346938775,0.2259,2.7918760061264036,2.491892486810684,0.2999835178256035,0.12041015625,1.0499788913875818e-05,0.222,2.745485782623291,2.5030099749565125,0.24247581139206886,0.2188173495233059,1.0499788913875818e-05
neural_baseline_lambda_s_0,2,27,0.0,0.5755102040816327,0.2331,2.7811650395393372,2.4884943902492522,0.2926706463098526,0.11708984375,1.0499788913875818e-05,0.234,2.6732519268989563,2.5110567212104797,0.16219521686434746,0.5011449381709099,1.0499788913875818e-05
neural_baseline_lambda_s_0,2,28,0.0,0.5591836734693878,0.2278,2.775028187036514,2.479844856262207,0.29518333338201047,0.1474609375,1.0499788913875818e-05,0.257,2.7317073345184326,2.447984457015991,0.283722884953022,0.12587553821504116,1.0499788913875818e-05
neural_baseline_lambda_s_0,2,29,0.0,0.5428571428571429,0.2272,2.7930166721343994,2.5031890332698823,0.2898276329040527,0.1369140625,1.0499788913875818e-05,0.237,2.7853333353996277,2.466146469116211,0.31918691098690033,0.05394665990024805,1.0499788913875818e-05
neural_baseline_lambda_s_0,2,30,0.0,0.5265306122448979,0.2377,2.7544268488883974,2.4610138475894927,0.29341299533843995,0.13955078125,1.0499788913875818e-05,0.24,2.6725847721099854,2.481371283531189,0.19121350347995758,0.4432920292019844,1.0499788913875818e-05
neural_baseline_lambda_s_0,2,31,0.0,0.510204081632653,0.2421,2.7601649284362795,2.460938483476639,0.2992264427244663,0.13544921875,1.0499788913875818e-05,0.215,2.7986987233161926,2.4748230576515198,0.32387568801641464,0.02579471981152892,1.0499788913875818e-05
neural_baseline_lambda_s_0,2,32,0.0,0.4938775510204081,0.234,2.7700876772403715,2.467262160778046,0.30282553769648074,0.105078125,1.0499788913875818e-05,0.229,2.765497088432312,2.464487850666046,0.30100925266742706,0.10439116321504116,1.0499788913875818e-05
neural_baseline_lambda_s_0,2,33,0.0,0.47755102040816333,0.2383,2.7306838154792787,2.441378539800644,0.28930529691278933,0.1369140625,1.0499788913875818e-05,0.238,2.751276135444641,2.425686478614807,0.3255895972251892,0.04660560330376029,1.0499788913875818e-05
neural_baseline_lambda_s_0,2,34,0.0,0.46122448979591835,0.2291,2.769888997077942,2.4867313385009764,0.2831576619297266,0.14169921875,1.0499788913875818e-05,0.233,2.7881903052330017,2.4771284461021423,0.31106186658143997,0.07593615353107452,1.0499788913875818e-05
neural_baseline_lambda_s_0,2,35,0.0,0.4448979591836735,0.2363,2.763646864891052,2.459988993406296,0.3036578707396984,0.115625,1.0499788913875818e-05,0.221,2.7870267629623413,2.4582132697105408,0.32881348580121994,0.00801454740576446,1.0499788913875818e-05
neural_baseline_lambda_s_0,2,36,0.0,0.4285714285714285,0.2405,2.7601242423057557,2.4651345014572144,0.294989762827754,0.13515625,1.0499788913875818e-05,0.244,2.7647828459739685,2.441096305847168,0.32368654012680054,0.01680360990576446,1.0499788913875818e-05
neural_baseline_lambda_s_0,2,37,0.0,0.4122448979591836,0.2353,2.7552919387817383,2.4577630758285522,0.2975288737565279,0.1283203125,1.0499788913875818e-05,0.242,2.776951313018799,2.457618236541748,0.3193330839276314,0.034516433253884315,1.0499788913875818e-05
neural_baseline_lambda_s_0,2,38,0.0,0.39591836734693875,0.2383,2.7531127750873567,2.462955284118652,0.2901574827730656,0.1232421875,1.0499788913875818e-05,0.257,2.603143870830536,2.464650571346283,0.13849328830838203,0.5013469830155373,1.0499788913875818e-05
neural_baseline_lambda_s_0,2,39,0.0,0.3795918367346939,0.2387,2.7499803066253663,2.4484122514724733,0.30156803987920283,0.12685546875,1.0499788913875818e-05,0.235,2.7742960453033447,2.4490476846694946,0.3252484053373337,0.01865571120288223,1.0499788913875818e-05
neural_baseline_lambda_s_0,2,40,0.0,0.3632653061224489,0.2353,2.7577291667461394,2.4543710112571717,0.30335816852748393,0.1017578125,1.0499788913875818e-05,0.247,2.7479097843170166,2.419174075126648,0.32873573154211044,0.026299837976694107,1.0499788913875818e-05
neural_baseline_lambda_s_0,2,41,0.0,0.346938775510204,0.2356,2.7580494046211244,2.4583318173885345,0.29971756860613824,0.11982421875,1.0499788913875818e-05,0.235,2.765726387500763,2.458911895751953,0.3068144842982292,0.09294180944561958,1.0499788913875818e-05
neural_baseline_lambda_s_0,2,42,0.0,0.33061224489795915,0.2381,2.7405893206596375,2.440157860517502,0.30043144933879373,0.1265625,1.0499788913875818e-05,0.238,2.789900302886963,2.471280515193939,0.31861981749534607,0.11853448301553726,1.0499788913875818e-05
neural_baseline_lambda_s_0,2,43,0.0,0.3142857142857143,0.2414,2.747321218252182,2.4580464363098145,0.2892747726291418,0.1322265625,1.0499788913875818e-05,0.237,2.7581197023391724,2.4560065269470215,0.30211321264505386,0.12287850305438042,1.0499788913875818e-05
neural_baseline_lambda_s_0,2,44,0.0,0.2979591836734694,0.2357,2.7522616147994996,2.4558139860630037,0.2964476328343153,0.11943359375,1.0499788913875818e-05,0.224,2.7634156942367554,2.464147627353668,0.29926811903715134,0.028151939623057842,1.0499788913875818e-05
neural_baseline_lambda_s_0,2,45,0.0,0.2816326530612244,0.238,2.745282030105591,2.446659988164902,0.2986220449209213,0.1228515625,1.0499788913875818e-05,0.244,2.661933183670044,2.4722940921783447,0.18963908404111862,0.4255455285310745,1.0499788913875818e-05
neural_baseline_lambda_s_0,2,46,0.0,0.26530612244897955,0.2428,2.73494747877121,2.436402881145477,0.29854457788169386,0.11494140625,1.0499788913875818e-05,0.24,2.6609153151512146,2.4704200625419617,0.19049521163105965,0.29650457948446274,1.0499788913875818e-05
neural_baseline_lambda_s_0,2,47,0.0,0.24897959183673457,0.2317,2.7561796605587006,2.4641247153282166,0.2920549541711807,0.1392578125,1.0499788913875818e-05,0.232,2.7824519276618958,2.462495744228363,0.3199562057852745,0.038119612261652946,1.0499788913875818e-05
neural_baseline_lambda_s_0,2,48,0.0,0.2326530612244898,0.2392,2.7330521523952482,2.4362766444683075,0.2967754933983088,0.12919921875,1.0499788913875818e-05,0.239,2.794815421104431,2.4754497408866882,0.31936564296483994,0.032563308253884315,1.0499788913875818e-05
neural_baseline_lambda_s_0,2,49,0.0,0.21632653061224483,0.2379,2.758896088600159,2.4603372156620025,0.29855886586010455,0.12705078125,1.0499788913875818e-05,0.223,2.683636248111725,2.52606064081192,0.1575755923986435,0.4813106134533882,1.0499788913875818e-05
neural_baseline_lambda_s_0,2,50,0.0,0.19999999999999996,0.2347,2.7413257539272307,2.4511012136936188,0.2902245357632637,0.14052734375,1.0499788913875818e-05,0.253,2.7120524048805237,2.4113749265670776,0.3006775453686714,0.031081627123057842,1.0499788913875818e-05
neural_claq_lambda_s_0_4,2,1,0.4,1.0,0.1189,3.6458799958229067,2.9712651908397674,0.6746147938072682,0.0064453125,1.0499788913875818e-05,0.164,3.1598246693611145,2.708899140357971,0.4509255439043045,0.0,1.0499788913875818e-05
neural_claq_lambda_s_0_4,2,2,0.4,0.9836734693877551,0.1702,3.100540244579315,2.7236911058425903,0.3768491454422474,0.0,1.0499788913875818e-05,0.171,3.068759500980377,2.7068390250205994,0.36192046850919724,0.0,1.0499788913875818e-05
neural_claq_lambda_s_0_4,2,3,0.4,0.9673469387755103,0.1902,3.0339763522148133,2.675009626150131,0.3589667394757271,0.0,1.0499788913875818e-05,0.164,3.052661895751953,2.70759379863739,0.3450681045651436,0.0,1.0499788913875818e-05
neural_claq_lambda_s_0_4,2,4,0.4,0.9510204081632653,0.1944,2.987470006942749,2.6263243436813353,0.36114565655589104,0.0,1.0499788913875818e-05,0.199,2.988174080848694,2.617418646812439,0.3707554191350937,0.0,1.0499788913875818e-05
neural_claq_lambda_s_0_4,2,5,0.4,0.9346938775510204,0.2033,2.9595946252346037,2.6068184316158294,0.35277617275714873,0.0,1.0499788913875818e-05,0.195,2.984967827796936,2.6421757340431213,0.3427920863032341,0.0,1.0499788913875818e-05
neural_claq_lambda_s_0_4,2,6,0.4,0.9183673469387755,0.2015,2.9645452976226805,2.61523180603981,0.34931346364319327,0.0,1.0499788913875818e-05,0.211,2.9852319955825806,2.621627688407898,0.3636042922735214,0.0,1.0499788913875818e-05
neural_claq_lambda_s_0_4,2,7,0.4,0.9020408163265305,0.2058,2.9418444454669954,2.5891976594924926,0.3526467978954315,0.0,1.0499788913875818e-05,0.198,2.95682430267334,2.6108946204185486,0.34592966735363007,0.0,1.0499788913875818e-05
neural_claq_lambda_s_0_4,2,8,0.4,0.8857142857142857,0.2138,2.9212119936943055,2.5650454640388487,0.35616653263568876,0.0,1.0499788913875818e-05,0.197,2.9950908422470093,2.6615267395973206,0.33356404304504395,0.0,1.0499788913875818e-05
neural_claq_lambda_s_0_4,2,9,0.4,0.8693877551020408,0.2078,2.931070339679718,2.578255498409271,0.3528148323297501,0.0,1.0499788913875818e-05,0.216,2.931351602077484,2.567947804927826,0.3634038493037224,0.0,1.0499788913875818e-05
neural_claq_lambda_s_0_4,2,10,0.4,0.8530612244897959,0.2112,2.9177649080753327,2.575063723325729,0.3427011728286743,0.0,1.0499788913875818e-05,0.211,2.947087526321411,2.6021427512168884,0.3449447751045227,0.0,1.0499788913875818e-05
neural_claq_lambda_s_0_4,2,11,0.4,0.8367346938775511,0.2172,2.897687774896622,2.5569982707500456,0.34068949054926634,0.0,7.818991871317848e-05,0.195,2.8993419408798218,2.5808475017547607,0.31849442422389984,0.0,1.0499788913875818e-05
neural_claq_lambda_s_0_4,2,12,0.4,0.8204081632653061,0.2201,2.87643181681633,2.536225068569183,0.3402067519724369,0.0,1.0499788913875818e-05,0.217,2.9356809258461,2.584320068359375,0.35136090219020844,0.0,1.0499788913875818e-05
neural_claq_lambda_s_0_4,2,13,0.4,0.8040816326530612,0.2157,2.874357306957245,2.5360421180725097,0.3383151963353157,0.0,1.0499788913875818e-05,0.208,2.9074541330337524,2.54605895280838,0.3613952100276947,0.0,1.0499788913875818e-05
neural_claq_lambda_s_0_4,2,14,0.4,0.7877551020408163,0.2204,2.8612372398376467,2.516344499588013,0.34489274844527246,0.0,1.0499788913875818e-05,0.218,2.9146012663841248,2.5545303225517273,0.36007094383239746,0.0,1.0499788913875818e-05
neural_claq_lambda_s_0_4,2,15,0.4,0.7714285714285715,0.2215,2.879777359962463,2.5328472375869753,0.3469300989061594,0.0,1.0499788913875818e-05,0.219,2.9027048349380493,2.546887695789337,0.35581716895103455,0.0,1.0499788913875818e-05
neural_claq_lambda_s_0_4,2,16,0.4,0.7551020408163265,0.2293,2.8433315455913544,2.50977184176445,0.3335597008466721,0.0,1.0499788913875818e-05,0.217,2.8485382199287415,2.514228045940399,0.3343101441860199,0.0,1.0499788913875818e-05
neural_claq_lambda_s_0_4,2,17,0.4,0.7387755102040816,0.2314,2.8376932740211487,2.497518765926361,0.3401745013892651,0.0,1.0499788913875818e-05,0.221,2.8609551787376404,2.532427728176117,0.3285274878144264,0.0,1.0499788913875818e-05
neural_claq_lambda_s_0_4,2,18,0.4,0.7224489795918367,0.2333,2.8532652139663695,2.512635570764542,0.34062964767217635,0.0,1.0499788913875818e-05,0.206,2.9004287719726562,2.575221538543701,0.3252071961760521,0.0,1.0499788913875818e-05
neural_claq_lambda_s_0_4,2,19,0.4,0.7061224489795919,0.2275,2.8596177637577056,2.519790530204773,0.3398272380232811,0.0,1.0499788913875818e-05,0.229,2.8758811354637146,2.5211450457572937,0.3547361344099045,0.0,1.0499788913875818e-05
neural_claq_lambda_s_0_4,2,20,0.4,0.689795918367347,0.232,2.831730979681015,2.4886376917362214,0.34309329465031624,0.0,1.0499788913875818e-05,0.203,2.9065396785736084,2.5472447276115417,0.35929499566555023,0.0,1.0499788913875818e-05
neural_claq_lambda_s_0_4,2,21,0.4,0.673469387755102,0.2241,2.835143303871155,2.4965130388736725,0.33863025568425653,0.0,1.0499788913875818e-05,0.219,2.880419909954071,2.5389329195022583,0.3414870798587799,0.0,1.0499788913875818e-05
neural_claq_lambda_s_0_4,2,22,0.4,0.6571428571428571,0.2315,2.8440204083919527,2.495409017801285,0.3486113891005516,0.0,1.0499788913875818e-05,0.222,2.8392022848129272,2.499532639980316,0.33966968208551407,0.0,1.0499788913875818e-05
neural_claq_lambda_s_0_4,2,23,0.4,0.6408163265306122,0.2249,2.8431209921836853,2.499141651391983,0.34397933483123777,0.0,1.0499788913875818e-05,0.23,2.8074533939361572,2.4656630754470825,0.3417903482913971,0.0,1.0499788913875818e-05
neural_claq_lambda_s_0_4,2,24,0.4,0.6244897959183673,0.2365,2.8298803985118868,2.48988881111145,0.33999158814549446,0.0,1.0499788913875818e-05,0.232,2.790799081325531,2.4581631422042847,0.33263588696718216,0.0,1.0499788913875818e-05
neural_claq_lambda_s_0_4,2,25,0.4,0.6081632653061224,0.2309,2.842352491617203,2.5048366487026215,0.3375158324837685,0.0,1.0499788913875818e-05,0.242,2.8104133009910583,2.4843132495880127,0.3261001259088516,0.0,1.0499788913875818e-05
neural_claq_lambda_s_0_4,2,26,0.4,0.5918367346938775,0.2195,2.838003844022751,2.4938048899173735,0.34419896751642226,0.0,1.0499788913875818e-05,0.225,2.8450915217399597,2.5185073614120483,0.3265841528773308,0.0,1.0499788913875818e-05
neural_claq_lambda_s_0_4,2,27,0.4,0.5755102040816327,0.2291,2.8235725820064546,2.482936364412308,0.34063620045781134,0.0,1.0499788913875818e-05,0.228,2.838156759738922,2.490067720413208,0.3480890244245529,0.0,1.0499788913875818e-05
neural_claq_lambda_s_0_4,2,28,0.4,0.5591836734693878,0.2325,2.821091264486313,2.4759500503540037,0.34514121264219283,0.0,1.0499788913875818e-05,0.241,2.788188338279724,2.4570961594581604,0.33109214156866074,0.0,1.0499788913875818e-05
neural_claq_lambda_s_0_4,2,29,0.4,0.5428571428571429,0.2298,2.829132056236267,2.4889046490192412,0.34022739455103873,0.0,1.0499788913875818e-05,0.245,2.7975549697875977,2.46440589427948,0.33314912766218185,0.0,1.0499788913875818e-05
neural_claq_lambda_s_0_4,2,30,0.4,0.5265306122448979,0.237,2.783728390932083,2.4376914143562316,0.3460369795560837,0.0,1.0499788913875818e-05,0.234,2.8149548172950745,2.4668015837669373,0.348153218626976,0.0,1.0499788913875818e-05
neural_claq_lambda_s_0_4,2,31,0.4,0.510204081632653,0.2399,2.8090637147426607,2.4624559581279755,0.34660775735974314,0.0,1.0499788913875818e-05,0.232,2.813835084438324,2.481450617313385,0.332384429872036,0.0,1.0499788913875818e-05
neural_claq_lambda_s_0_4,2,32,0.4,0.4938775510204081,0.2315,2.8079964458942412,2.4672604978084562,0.3407359473407269,0.0,1.0499788913875818e-05,0.252,2.7841678857803345,2.4556576013565063,0.3285103216767311,0.0,1.0499788913875818e-05
neural_claq_lambda_s_0_4,2,33,0.4,0.47755102040816333,0.2365,2.789705419540405,2.4514975786209106,0.3382078506052494,0.0,1.0499788913875818e-05,0.236,2.7525484561920166,2.4138922095298767,0.3386562168598175,0.0,1.0499788913875818e-05
neural_claq_lambda_s_0_4,2,34,0.4,0.46122448979591835,0.2324,2.8133355259895323,2.476820927858353,0.3365145966410637,0.0,1.0499788913875818e-05,0.227,2.8209871649742126,2.4884341955184937,0.332553006708622,0.0,1.0499788913875818e-05
neural_claq_lambda_s_0_4,2,35,0.4,0.4448979591836735,0.2364,2.7911578357219695,2.4484790802001952,0.34267874136567117,0.0,1.0499788913875818e-05,0.231,2.8101713061332703,2.4722493290901184,0.33792196214199066,0.0,1.0499788913875818e-05
neural_claq_lambda_s_0_4,2,36,0.4,0.4285714285714285,0.2343,2.8057256937026978,2.461608183383942,0.3441175065934658,0.0,1.0499788913875818e-05,0.234,2.775860548019409,2.448984980583191,0.32687558978796005,0.0,1.0499788913875818e-05
neural_claq_lambda_s_0_4,2,37,0.4,0.4122448979591836,0.2326,2.7926911771297456,2.4526870131492613,0.3400041311979294,0.0,1.0499788913875818e-05,0.251,2.7664352655410767,2.4445345997810364,0.3219006136059761,0.0,1.0499788913875818e-05
neural_claq_lambda_s_0_4,2,38,0.4,0.39591836734693875,0.2365,2.8038208901882173,2.469593858718872,0.33422702774405477,0.0,1.0499788913875818e-05,0.239,2.799851655960083,2.4633901119232178,0.33646151423454285,0.0,1.0499788913875818e-05
neural_claq_lambda_s_0_4,2,39,0.4,0.3795918367346939,0.2358,2.79239045381546,2.4432767033576965,0.34911374747753143,0.0,1.0499788913875818e-05,0.237,2.77541983127594,2.440240263938904,0.33517954498529434,0.0,1.0499788913875818e-05
neural_claq_lambda_s_0_4,2,40,0.4,0.3632653061224489,0.2348,2.808557963371277,2.4668879747390746,0.3416699703782797,0.0,1.0499788913875818e-05,0.259,2.7363805770874023,2.400782346725464,0.33559828996658325,0.0,1.0499788913875818e-05
neural_claq_lambda_s_0_4,2,41,0.4,0.346938775510204,0.2314,2.792408686876297,2.451425677537918,0.3409830115735531,0.0,1.0499788913875818e-05,0.231,2.792040765285492,2.469890773296356,0.32214995473623276,0.0,1.0499788913875818e-05
neural_claq_lambda_s_0_4,2,42,0.4,0.33061224489795915,0.2415,2.7897047221660616,2.4419065058231353,0.3477981984615326,0.0,1.0499788913875818e-05,0.245,2.825889527797699,2.4650394320487976,0.36085011065006256,0.0,1.0499788913875818e-05
neural_claq_lambda_s_0_4,2,43,0.4,0.3142857142857143,0.2359,2.8052258133888244,2.463022655248642,0.34220318384468557,0.0,1.0499788913875818e-05,0.217,2.8465129733085632,2.489784300327301,0.3567286431789398,0.0,1.0499788913875818e-05
neural_claq_lambda_s_0_4,2,44,0.4,0.2979591836734694,0.2347,2.798399120569229,2.4555568277835844,0.3428423196077347,0.0,1.0499788913875818e-05,0.225,2.7967238426208496,2.4875338673591614,0.30918996036052704,0.0,1.0499788913875818e-05
neural_claq_lambda_s_0_4,2,45,0.4,0.2816326530612244,0.233,2.7832430839538573,2.4444374620914457,0.33880563974380495,0.0,1.0499788913875818e-05,0.226,2.787243366241455,2.4379597902297974,0.3492835983633995,0.0,1.0499788913875818e-05
neural_claq_lambda_s_0_4,2,46,0.4,0.26530612244897955,0.2397,2.782277727127075,2.444538581371307,0.3377391591668129,0.0,1.0499788913875818e-05,0.242,2.7758291959762573,2.4484399557113647,0.32738926261663437,0.0,1.0499788913875818e-05
neural_claq_lambda_s_0_4,2,47,0.4,0.24897959183673457,0.2336,2.7901776671409606,2.45096697807312,0.3392107062041759,0.0,1.0499788913875818e-05,0.209,2.8282512426376343,2.490294873714447,0.337956465780735,0.0,1.0499788913875818e-05
neural_claq_lambda_s_0_4,2,48,0.4,0.2326530612244898,0.2351,2.7848820745944978,2.4364847362041475,0.34839733093976977,0.0,1.0499788913875818e-05,0.223,2.8561251163482666,2.521989166736603,0.3341359868645668,0.0,1.0499788913875818e-05
neural_claq_lambda_s_0_4,2,49,0.4,0.21632653061224483,0.2338,2.80116211771965,2.455869209766388,0.3452929139137268,0.0,1.0499788913875818e-05,0.241,2.800946056842804,2.474657952785492,0.3262881338596344,0.0,1.0499788913875818e-05
neural_claq_lambda_s_0_4,2,50,0.4,0.19999999999999996,0.2362,2.7810392916202544,2.4440363168716432,0.3370029732584953,0.0,1.0499788913875818e-05,0.252,2.699112892150879,2.3827956914901733,0.31631728261709213,0.0,1.0499788913875818e-05
neural_baseline_lambda_s_0,3,1,0.0,1.0,0.1119,3.5776473760604857,3.012517064809799,0.5651303038001061,0.02255859375,1.0499788913875818e-05,0.167,3.136783003807068,2.78027081489563,0.356512188911438,0.04680765047669411,1.0499788913875818e-05
neural_baseline_lambda_s_0,3,2,0.0,0.9836734693877551,0.1663,3.0761496305465696,2.75421661734581,0.3219330027699471,0.14482421875,1.0499788913875818e-05,0.199,3.043191075325012,2.677350878715515,0.3658401444554329,0.00693696120288223,1.0499788913875818e-05
neural_baseline_lambda_s_0,3,3,0.0,0.9673469387755103,0.1875,2.9980845630168913,2.659750109910965,0.33833445943892004,0.071484375,7.818993617547676e-05,0.204,2.9846376180648804,2.633424699306488,0.35121290385723114,0.05882947240024805,1.0499788913875818e-05
neural_baseline_lambda_s_0,3,4,0.0,0.9510204081632653,0.1895,2.9855400025844574,2.657243365049362,0.3282966293394566,0.1359375,1.0499788913875818e-05,0.208,2.987056016921997,2.6097888350486755,0.37726718932390213,0.02286503231152892,1.0499788913875818e-05
neural_baseline_lambda_s_0,3,5,0.0,0.9346938775510204,0.1986,2.9443980753421783,2.6198546528816222,0.3245434258133173,0.1568359375,1.0499788913875818e-05,0.183,2.9926717877388,2.6508551239967346,0.34181666374206543,0.049164870753884315,1.0499788913875818e-05
neural_baseline_lambda_s_0,3,6,0.0,0.9183673469387755,0.2047,2.9107070565223694,2.6127858459949493,0.2979211926460266,0.1841796875,1.0499788913875818e-05,0.193,2.8823861479759216,2.620934307575226,0.2614518329501152,0.3144868016242981,1.0499788913875818e-05
neural_baseline_lambda_s_0,3,7,0.0,0.9020408163265305,0.2054,2.901850497722626,2.6022667467594145,0.2995837539434433,0.166796875,1.0499788913875818e-05,0.206,2.8968433141708374,2.5556453466415405,0.34119799733161926,0.06468884740024805,1.0499788913875818e-05
neural_baseline_lambda_s_0,3,8,0.0,0.8857142857142857,0.2113,2.885570877790451,2.590007758140564,0.29556312002241614,0.1783203125,1.0499788913875818e-05,0.205,2.9208523631095886,2.5655630230903625,0.3552893176674843,0.03370824363082647,1.0499788913875818e-05
neural_baseline_lambda_s_0,3,9,0.0,0.8693877551020408,0.209,2.8786689758300783,2.5799672424793245,0.29870171546936036,0.16943359375,1.0499788913875818e-05,0.211,2.9101205468177795,2.574081838130951,0.3360387086868286,0.024717133725062013,1.0499788913875818e-05
neural_baseline_lambda_s_0,3,10,0.0,0.8530612244897959,0.2127,2.8471777141094208,2.551498031616211,0.2956796769052744,0.170458984375,7.818993617547676e-05,0.214,2.810022234916687,2.560404896736145,0.2496173456311226,0.25353582948446274,1.0499788913875818e-05
neural_baseline_lambda_s_0,3,11,0.0,0.8367346938775511,0.2159,2.8417599499225616,2.5536220729351045,0.28813788332045076,0.1779296875,1.0499788913875818e-05,0.21,2.8758975863456726,2.5654324889183044,0.3104650601744652,0.11883755400776863,1.0499788913875818e-05
neural_baseline_lambda_s_0,3,12,0.0,0.8204081632653061,0.214,2.865028125047684,2.568423455953598,0.2966046631336212,0.1640625,1.0499788913875818e-05,0.207,2.855183482170105,2.6282312273979187,0.22695225104689598,0.3347588926553726,1.0499788913875818e-05
neural_baseline_lambda_s_0,3,13,0.0,0.8040816326530612,0.213,2.8346596240997313,2.5393311440944673,0.29532850421965123,0.15927734375,1.0499788913875818e-05,0.219,2.7527742981910706,2.63794207572937,0.11483222991228104,0.7132273763418198,1.0499788913875818e-05
neural_baseline_lambda_s_0,3,14,0.0,0.7877551020408163,0.2139,2.8478999853134157,2.5601655542850494,0.2877344457432628,0.16220703125,1.0499788913875818e-05,0.213,2.770067036151886,2.6199451684951782,0.15012186765670776,0.6356074959039688,1.0499788913875818e-05
neural_baseline_lambda_s_0,3,15,0.0,0.7714285714285715,0.2207,2.8370581030845643,2.5418672919273377,0.2951908003538847,0.1541015625,1.0499788913875818e-05,0.226,2.895993411540985,2.5600598454475403,0.33593352138996124,0.025895743630826473,1.0499788913875818e-05
neural_baseline_lambda_s_0,3,16,0.0,0.7551020408163265,0.2248,2.824952983856201,2.5281424701213835,0.2968105260282755,0.1322265625,1.0499788913875818e-05,0.213,2.891270935535431,2.520607829093933,0.3706630915403366,0.04505657311528921,1.0499788913875818e-05
neural_baseline_lambda_s_0,3,17,0.0,0.7387755102040816,0.2191,2.823413747549057,2.522739052772522,0.30067467875778675,0.121484375,1.0499788913875818e-05,0.199,2.823082149028778,2.58618825674057,0.23689394816756248,0.28087957948446274,1.0499788913875818e-05
neural_baseline_lambda_s_0,3,18,0.0,0.7224489795918367,0.2205,2.8037876427173614,2.5143335044384,0.28945414125919344,0.1390625,1.0499788913875818e-05,0.255,2.6664112210273743,2.5054978728294373,0.1609133556485176,0.4795258641242981,1.0499788913875818e-05
neural_baseline_lambda_s_0,3,19,0.0,0.7061224489795919,0.2295,2.8100489735603333,2.5006518959999084,0.30939708054065707,0.11748046875,1.0499788913875818e-05,0.224,2.8276631832122803,2.5473235845565796,0.2803395837545395,0.18541217595338821,1.0499788913875818e-05
neural_baseline_lambda_s_0,3,20,0.0,0.689795918367347,0.2338,2.7922436773777006,2.488744777441025,0.303498887270689,0.14267578125,1.0499788913875818e-05,0.228,2.856931209564209,2.4938780069351196,0.36305323988199234,0.060109104961156845,1.0499788913875818e-05
neural_baseline_lambda_s_0,3,21,0.0,0.673469387755102,0.2248,2.834786605834961,2.528628093004227,0.3061585299670696,0.11982421875,1.0499788913875818e-05,0.22,2.811973810195923,2.5073577761650085,0.3046160489320755,0.03529094811528921,1.0499788913875818e-05
neural_baseline_lambda_s_0,3,22,0.0,0.6571428571428571,0.2231,2.798620194196701,2.4933989107608796,0.3052212823182344,0.13408203125,1.0499788913875818e-05,0.232,2.826085865497589,2.498530626296997,0.32755523920059204,0.05189251061528921,1.0499788913875818e-05
neural_baseline_lambda_s_0,3,23,0.0,0.6408163265306122,0.2254,2.818651854991913,2.516278403997421,0.3023734506219625,0.13642578125,1.0499788913875818e-05,0.206,2.8591663241386414,2.5354503989219666,0.3237159550189972,0.10408809222280979,1.0499788913875818e-05
neural_baseline_lambda_s_0,3,24,0.0,0.6244897959183673,0.23,2.801914471387863,2.5102719247341154,0.2916425555944443,0.13125,1.0499788913875818e-05,0.223,2.691438853740692,2.5501425862312317,0.14129626005887985,0.5280509144067764,1.0499788913875818e-05
neural_baseline_lambda_s_0,3,25,0.0,0.6081632653061224,0.2336,2.764192008972168,2.475035560131073,0.2891564391553402,0.1314453125,1.0499788913875818e-05,0.248,2.727734386920929,2.4852123260498047,0.24252206832170486,0.2676791474223137,1.0499788913875818e-05
neural_baseline_lambda_s_0,3,26,0.0,0.5918367346938775,0.2301,2.7684039413928985,2.4810402393341064,0.28736368790268896,0.1443359375,1.0499788913875818e-05,0.236,2.795052170753479,2.48674738407135,0.3083047792315483,0.04074622830376029,1.0499788913875818e-05
neural_baseline_lambda_s_0,3,27,0.0,0.5755102040816327,0.2273,2.783428293466568,2.4921219110488892,0.29130637608468535,0.134375,1.0499788913875818e-05,0.249,2.780081629753113,2.4678268432617188,0.31225479394197464,0.10563712194561958,1.0499788913875818e-05
neural_baseline_lambda_s_0,3,28,0.0,0.5591836734693878,0.2386,2.7768931448459626,2.4726979553699495,0.3041952013969421,0.1025390625,1.0499788913875818e-05,0.225,2.874076187610626,2.5242353677749634,0.34984084963798523,0.020036368630826473,1.0499788913875818e-05
neural_baseline_lambda_s_0,3,29,0.0,0.5428571428571429,0.2364,2.7690074145793915,2.471179926395416,0.29782750345766545,0.129833984375,7.818993035471066e-05,0.241,2.794628620147705,2.495607316493988,0.2990213558077812,0.13759428821504116,1.0499788913875818e-05
neural_baseline_lambda_s_0,3,30,0.0,0.5265306122448979,0.2378,2.7776141464710236,2.481375867128372,0.29623828232288363,0.14599609375,1.0499788913875818e-05,0.233,2.7871806621551514,2.4555282592773438,0.33165243268013,0.01572602370288223,1.0499788913875818e-05
neural_baseline_lambda_s_0,3,31,0.0,0.510204081632653,0.2368,2.7929185748100283,2.476280927658081,0.3166376482695341,0.10439453125,1.0499788913875818e-05,0.216,2.864044725894928,2.511082887649536,0.3529617711901665,0.027175377123057842,1.0499788913875818e-05
neural_baseline_lambda_s_0,3,32,0.0,0.4938775510204081,0.2293,2.806025916337967,2.5054180204868315,0.3006078973412514,0.13505859375,1.0499788913875818e-05,0.225,2.8033522367477417,2.4669206738471985,0.33643152564764023,0.021012931130826473,1.0499788913875818e-05
neural_baseline_lambda_s_0,3,33,0.0,0.47755102040816333,0.2352,2.763785684108734,2.471695762872696,0.29208988435566424,0.11494140625,1.0499788913875818e-05,0.245,2.7338960766792297,2.451473832130432,0.2824222296476364,0.08277209103107452,1.0499788913875818e-05
neural_baseline_lambda_s_0,3,34,0.0,0.46122448979591835,0.2358,2.7584293365478514,2.465278911590576,0.29315041601657865,0.139453125,1.0499788913875818e-05,0.246,2.731602668762207,2.5183216333389282,0.21328100934624672,0.35799434036016464,1.0499788913875818e-05
neural_baseline_lambda_s_0,3,35,0.0,0.4448979591836735,0.2327,2.7735067546367644,2.480726307630539,0.2927804484963417,0.1427734375,1.0499788913875818e-05,0.245,2.7815611958503723,2.441834330558777,0.33972685784101486,0.03040813561528921,1.0499788913875818e-05
neural_baseline_lambda_s_0,3,36,0.0,0.4285714285714285,0.2369,2.7599614799022674,2.469961720705032,0.28999975249171256,0.144921875,1.0499788913875818e-05,0.229,2.711697220802307,2.550320625305176,0.16137661039829254,0.47588901221752167,1.0499788913875818e-05
neural_baseline_lambda_s_0,3,37,0.0,0.4122448979591836,0.2448,2.7379069864749908,2.4422964066267014,0.29561059065163137,0.12509765625,1.0499788913875818e-05,0.236,2.763416886329651,2.4568846821784973,0.30653221905231476,0.03411233797669411,1.0499788913875818e-05
neural_baseline_lambda_s_0,3,38,0.0,0.39591836734693875,0.2353,2.7505912244319917,2.446314740180969,0.3042764786630869,0.12216796875,1.0499788913875818e-05,0.24,2.719211220741272,2.540363132953644,0.1788480542600155,0.4855536073446274,1.0499788913875818e-05
neural_baseline_lambda_s_0,3,39,0.0,0.3795918367346939,0.2352,2.7572211980819703,2.4602163434028625,0.2970048762857914,0.13515625,1.0499788913875818e-05,0.237,2.7787249088287354,2.4924557209014893,0.2862692102789879,0.16049299389123917,1.0499788913875818e-05
neural_baseline_lambda_s_0,3,40,0.0,0.3632653061224489,0.232,2.7552144885063172,2.4621286392211914,0.2930858559906483,0.14130859375,1.0499788913875818e-05,0.235,2.6770776510238647,2.486465096473694,0.190612580627203,0.4197198301553726,1.0499788913875818e-05
neural_baseline_lambda_s_0,3,41,0.0,0.346938775510204,0.2369,2.757409167289734,2.470750391483307,0.2866587607190013,0.1443359375,1.0499788913875818e-05,0.253,2.651401460170746,2.457622528076172,0.19377894327044487,0.4474003240466118,1.0499788913875818e-05
neural_baseline_lambda_s_0,3,42,0.0,0.33061224489795915,0.2392,2.766321462392807,2.4733241319656374,0.2929973367601633,0.12841796875,1.0499788913875818e-05,0.247,2.71896493434906,2.487241804599762,0.2317231446504593,0.30829067528247833,1.0499788913875818e-05
neural_baseline_lambda_s_0,3,43,0.0,0.3142857142857143,0.2379,2.7655016601085665,2.462062454223633,0.3034392029047012,0.12900390625,1.0499788913875818e-05,0.222,2.7996235489845276,2.488692283630371,0.31093132495880127,0.057280441746115685,1.0499788913875818e-05
neural_baseline_lambda_s_0,3,44,0.0,0.2979591836734694,0.233,2.7585023164749147,2.463875138759613,0.2946271687746048,0.12900390625,1.0499788913875818e-05,0.214,2.7700098752975464,2.455866813659668,0.3141430914402008,0.056404903531074524,1.0499788913875818e-05
neural_baseline_lambda_s_0,3,45,0.0,0.2816326530612244,0.2382,2.76920565366745,2.470684051513672,0.2985215961933136,0.11953125,1.0499788913875818e-05,0.229,2.748106837272644,2.4309484362602234,0.3171583339571953,0.039399245753884315,1.0499788913875818e-05
neural_baseline_lambda_s_0,3,46,0.0,0.26530612244897955,0.2335,2.734813022613525,2.4472858369350434,0.2875271916389465,0.1333984375,1.0499788913875818e-05,0.234,2.7314102053642273,2.4393115639686584,0.29209861904382706,0.08277209103107452,1.0499788913875818e-05
neural_baseline_lambda_s_0,3,47,0.0,0.24897959183673457,0.2411,2.749172514677048,2.445641374588013,0.30353112444281577,0.13876953125,1.0499788913875818e-05,0.239,2.770529568195343,2.467493772506714,0.30303583294153214,0.03822063561528921,1.0499788913875818e-05
neural_baseline_lambda_s_0,3,48,0.0,0.2326530612244898,0.2379,2.758351284265518,2.448900419473648,0.3094508722424507,0.0974609375,1.0499788913875818e-05,0.246,2.7348365783691406,2.4272032976150513,0.30763329565525055,0.12617861106991768,1.0499788913875818e-05
neural_baseline_lambda_s_0,3,49,0.0,0.21632653061224483,0.233,2.725007915496826,2.431349965929985,0.29365794993937017,0.1240234375,1.0499788913875818e-05,0.227,2.8239173889160156,2.4898720383644104,0.33404533565044403,0.014278017450124025,1.0499788913875818e-05
neural_baseline_lambda_s_0,3,50,0.0,0.19999999999999996,0.2343,2.7638845682144164,2.452502155303955,0.3113823976367712,0.10712890625,1.0499788913875818e-05,0.254,2.73079913854599,2.407043159008026,0.32375600934028625,0.06324084103107452,1.0499788913875818e-05
neural_claq_lambda_s_0_4,3,1,0.4,1.0,0.1076,3.5874910056591034,3.014771842956543,0.5727191790938377,0.00068359375,1.0499788913875818e-05,0.159,3.178226113319397,2.8098170161247253,0.368409164249897,0.0,1.0499788913875818e-05
neural_claq_lambda_s_0_4,3,2,0.4,0.9836734693877551,0.1688,3.0913032829761504,2.731499081850052,0.35980419889092446,0.0,1.0499788913875818e-05,0.196,3.0320242047309875,2.663069486618042,0.36895477026700974,0.0,1.0499788913875818e-05
neural_claq_lambda_s_0_4,3,3,0.4,0.9673469387755103,0.1873,3.011818587779999,2.652884328365326,0.3589342661201954,0.0,1.0499788913875818e-05,0.203,2.970388352870941,2.6041955947875977,0.3661927208304405,0.0,1.0499788913875818e-05
neural_claq_lambda_s_0_4,3,4,0.4,0.9510204081632653,0.1909,3.024092322587967,2.651428532600403,0.3726637937128544,0.0,1.0499788913875818e-05,0.208,3.009006142616272,2.6335784196853638,0.3754277154803276,0.0,1.0499788913875818e-05
neural_claq_lambda_s_0_4,3,5,0.4,0.9346938775510204,0.1992,2.977361762523651,2.616545307636261,0.3608164697885513,0.0,1.0499788913875818e-05,0.192,3.0141724944114685,2.6665375232696533,0.347634956240654,0.0,1.0499788913875818e-05
neural_claq_lambda_s_0_4,3,6,0.4,0.9183673469387755,0.2007,2.962220197916031,2.607893633842468,0.35432656332850454,0.0,1.0499788913875818e-05,0.192,2.988964080810547,2.626089870929718,0.36287420243024826,0.0,1.0499788913875818e-05
neural_claq_lambda_s_0_4,3,7,0.4,0.9020408163265305,0.2043,2.951678144931793,2.5981423020362855,0.35353583507239816,0.0,1.0499788913875818e-05,0.206,2.915388822555542,2.561111569404602,0.35427724570035934,0.0,1.0499788913875818e-05
neural_claq_lambda_s_0_4,3,8,0.4,0.8857142857142857,0.2013,2.941599315404892,2.59203764796257,0.3495616644620895,0.0,1.0499788913875818e-05,0.208,2.9324639439582825,2.562430500984192,0.37003346532583237,0.0,1.0499788913875818e-05
neural_claq_lambda_s_0_4,3,9,0.4,0.8693877551020408,0.2042,2.93748277425766,2.5859604716300963,0.35152229741215707,0.0,1.0499788913875818e-05,0.202,2.9203643798828125,2.568609118461609,0.3517552390694618,0.0,1.0499788913875818e-05
neural_claq_lambda_s_0_4,3,10,0.4,0.8530612244897959,0.2056,2.9133544921875,2.5658365368843077,0.34751796945929525,0.0,1.0499788913875818e-05,0.216,2.875351130962372,2.56074321269989,0.3146078735589981,0.0,1.0499788913875818e-05
neural_claq_lambda_s_0_4,3,11,0.4,0.8367346938775511,0.2095,2.898663526773453,2.546112930774689,0.35255059972405434,0.0,1.0499788913875818e-05,0.196,2.9125207662582397,2.568627715110779,0.34389303624629974,0.0,1.0499788913875818e-05
neural_claq_lambda_s_0_4,3,12,0.4,0.8204081632653061,0.2118,2.9228787541389467,2.571434897184372,0.3514438681304455,0.0,1.0499788913875818e-05,0.186,3.0121403336524963,2.6521636843681335,0.3599766790866852,0.0,1.0499788913875818e-05
neural_claq_lambda_s_0_4,3,13,0.4,0.8040816326530612,0.2081,2.8914610981941222,2.5453499495983123,0.34611116275191306,0.0,1.0499788913875818e-05,0.222,2.937263548374176,2.5787951350212097,0.3584684282541275,0.0,1.0499788913875818e-05
neural_claq_lambda_s_0_4,3,14,0.4,0.7877551020408163,0.2132,2.9075000524520873,2.559916150569916,0.34758388474583624,0.0,1.0499788913875818e-05,0.209,2.899585545063019,2.533337354660034,0.3662481978535652,0.0,1.0499788913875818e-05
neural_claq_lambda_s_0_4,3,15,0.4,0.7714285714285715,0.2224,2.8707490265369415,2.528544229269028,0.34220477268099786,0.0,1.0499788913875818e-05,0.227,2.9087600111961365,2.5542940497398376,0.35446590930223465,0.0,1.0499788913875818e-05
neural_claq_lambda_s_0_4,3,16,0.4,0.7551020408163265,0.2277,2.8585429072380064,2.515530693531036,0.3430122099816799,0.0,1.0499788913875818e-05,0.23,2.908872961997986,2.534646153450012,0.3742268234491348,0.0,1.0499788913875818e-05
neural_claq_lambda_s_0_4,3,17,0.4,0.7387755102040816,0.2203,2.8485000848770143,2.5057352423667907,0.3427648417651653,0.0,1.0499788913875818e-05,0.197,2.9227463006973267,2.5871530175209045,0.3355932757258415,0.0,1.0499788913875818e-05
neural_claq_lambda_s_0_4,3,18,0.4,0.7224489795918367,0.2206,2.8427855610847472,2.506971597671509,0.33581395372748374,0.0,1.0499788913875818e-05,0.247,2.80579936504364,2.4758285880088806,0.3299707993865013,0.0,1.0499788913875818e-05
neural_claq_lambda_s_0_4,3,19,0.4,0.7061224489795919,0.2309,2.850037306547165,2.5007810950279237,0.34925622045993804,0.0,1.0499788913875818e-05,0.233,2.888699948787689,2.544299066066742,0.34440088272094727,0.0,1.0499788913875818e-05
neural_claq_lambda_s_0_4,3,20,0.4,0.689795918367347,0.2284,2.8353016555309294,2.48493515253067,0.35036650747060777,0.0,1.0499788913875818e-05,0.232,2.8939432501792908,2.5123370885849,0.38160620629787445,0.0,1.0499788913875818e-05
neural_claq_lambda_s_0_4,3,21,0.4,0.673469387755102,0.224,2.862881523370743,2.5162148118019103,0.346666719019413,0.0,1.0499788913875818e-05,0.236,2.8246383666992188,2.5038111805915833,0.3208272233605385,0.0,1.0499788913875818e-05
neural_claq_lambda_s_0_4,3,22,0.4,0.6571428571428571,0.2235,2.8355095267295836,2.483553883433342,0.35195564180612565,0.0,1.0499788913875818e-05,0.221,2.8591445088386536,2.5023887753486633,0.35675567388534546,0.0,1.0499788913875818e-05
neural_claq_lambda_s_0_4,3,23,0.4,0.6408163265306122,0.2258,2.8660054385662077,2.517100179195404,0.3489052526652813,0.0,1.0499788913875818e-05,0.232,2.8277487754821777,2.4765881299972534,0.3511606752872467,0.0,1.0499788913875818e-05
neural_claq_lambda_s_0_4,3,24,0.4,0.6244897959183673,0.2308,2.843994051218033,2.5037778198719023,0.3402162160724401,0.0,1.0499788913875818e-05,0.223,2.83090478181839,2.5020939707756042,0.32881081849336624,0.0,1.0499788913875818e-05
neural_claq_lambda_s_0_4,3,25,0.4,0.6081632653061224,0.2282,2.797209417819977,2.458397367596626,0.3388120584189892,0.0,1.0499788913875818e-05,0.231,2.835574984550476,2.494176149368286,0.34139879047870636,0.0,1.0499788913875818e-05
neural_claq_lambda_s_0_4,3,26,0.4,0.5918367346938775,0.2274,2.8135703265666963,2.4768255293369292,0.3367447629570961,0.0,1.0499788913875818e-05,0.248,2.78537380695343,2.4642053842544556,0.3211684003472328,0.0,1.0499788913875818e-05
neural_claq_lambda_s_0_4,3,27,0.4,0.5755102040816327,0.2311,2.822739052772522,2.4818767666816712,0.34086228534579277,0.0,1.0499788913875818e-05,0.236,2.812186896800995,2.4746131896972656,0.3375736176967621,0.0,1.0499788913875818e-05
neural_claq_lambda_s_0_4,3,28,0.4,0.5591836734693878,0.2333,2.8088251531124113,2.46591260433197,0.3429125502705574,0.0,1.0499788913875818e-05,0.237,2.855124294757843,2.4955849647521973,0.35953935235738754,0.0,1.0499788913875818e-05
neural_claq_lambda_s_0_4,3,29,0.4,0.5428571428571429,0.2346,2.80916314125061,2.469107282161713,0.3400558724999428,0.0,1.0499788913875818e-05,0.241,2.873023808002472,2.5197065472602844,0.3533173203468323,0.0,1.0499788913875818e-05
neural_claq_lambda_s_0_4,3,30,0.4,0.5265306122448979,0.2342,2.8171447575092317,2.468754065036774,0.34839068800210954,0.0,1.0499788913875818e-05,0.231,2.807914137840271,2.478007733821869,0.3299064040184021,0.0,1.0499788913875818e-05
neural_claq_lambda_s_0_4,3,31,0.4,0.510204081632653,0.2348,2.8193966448307037,2.4683998465538024,0.35099677816033364,0.0,1.0499788913875818e-05,0.22,2.894686281681061,2.524981915950775,0.36970435082912445,0.0,1.0499788913875818e-05
neural_claq_lambda_s_0_4,3,32,0.4,0.4938775510204081,0.2267,2.8347641468048095,2.483510321378708,0.3512538231909275,0.0,1.0499788913875818e-05,0.237,2.813601791858673,2.4680968523025513,0.3455049693584442,0.0,1.0499788913875818e-05
neural_claq_lambda_s_0_4,3,33,0.4,0.47755102040816333,0.2373,2.7938846945762634,2.4602479159832003,0.33363678604364394,0.0,1.0499788913875818e-05,0.236,2.770902633666992,2.459732711315155,0.31116992235183716,0.0,1.0499788913875818e-05
neural_claq_lambda_s_0_4,3,34,0.4,0.46122448979591835,0.2352,2.8024293720722198,2.454508763551712,0.34792060032486916,0.0,1.0499788913875818e-05,0.241,2.8404714465141296,2.5052135586738586,0.3352579325437546,0.0,1.0499788913875818e-05
neural_claq_lambda_s_0_4,3,35,0.4,0.4448979591836735,0.2333,2.821005403995514,2.478301924467087,0.3427034720778465,0.0,1.0499788913875818e-05,0.259,2.8188799619674683,2.464633285999298,0.3542466387152672,0.0,1.0499788913875818e-05
neural_claq_lambda_s_0_4,3,36,0.4,0.4285714285714285,0.2313,2.8101271450519563,2.468830996751785,0.34129614382982254,0.0,1.0499788913875818e-05,0.222,2.8119871616363525,2.4896042346954346,0.32238294184207916,0.0,1.0499788913875818e-05
neural_claq_lambda_s_0_4,3,37,0.4,0.4122448979591836,0.2395,2.7867341220378874,2.4481753528118135,0.33855876997113227,0.0,1.0499788913875818e-05,0.239,2.7823873162269592,2.4628684520721436,0.3195188269019127,0.0,1.0499788913875818e-05
neural_claq_lambda_s_0_4,3,38,0.4,0.39591836734693875,0.2364,2.793155324459076,2.4476285755634306,0.34552673771977427,0.0,1.0499788913875818e-05,0.233,2.8574348092079163,2.4996398091316223,0.35779497772455215,0.0,1.0499788913875818e-05
neural_claq_lambda_s_0_4,3,39,0.4,0.3795918367346939,0.2361,2.800984466075897,2.454706132411957,0.3462783291935921,0.0,1.0499788913875818e-05,0.251,2.8060072660446167,2.458554267883301,0.34745295345783234,0.0,1.0499788913875818e-05
neural_claq_lambda_s_0_4,3,40,0.4,0.3632653061224489,0.2364,2.798959141969681,2.4549197375774385,0.3440394178032875,0.0,1.0499788913875818e-05,0.231,2.818029463291168,2.4710378646850586,0.3469916209578514,0.0,1.0499788913875818e-05
neural_claq_lambda_s_0_4,3,41,0.4,0.346938775510204,0.2353,2.7934689998626707,2.4549009263515473,0.3385680757462978,0.0,1.0499788913875818e-05,0.241,2.7781877517700195,2.415182888507843,0.3630049228668213,0.0,1.0499788913875818e-05
neural_claq_lambda_s_0_4,3,42,0.4,0.33061224489795915,0.2391,2.7988165259361266,2.4543883323669435,0.34442816898226736,0.0,1.0499788913875818e-05,0.242,2.8456626534461975,2.4924005270004272,0.35326217859983444,0.0,1.0499788913875818e-05
neural_claq_lambda_s_0_4,3,43,0.4,0.3142857142857143,0.2391,2.8119294583797454,2.4619583427906035,0.3499711252748966,0.0,1.0499788913875818e-05,0.216,2.825259745121002,2.496651828289032,0.328607939183712,0.0,1.0499788913875818e-05
neural_claq_lambda_s_0_4,3,44,0.4,0.2979591836734694,0.2343,2.780864030122757,2.4424289792776106,0.3384350433945656,0.0,1.0499788913875818e-05,0.221,2.8111361861228943,2.4638994932174683,0.347236692905426,0.0,1.0499788913875818e-05
neural_claq_lambda_s_0_4,3,45,0.4,0.2816326530612244,0.2351,2.8103137254714965,2.464914524555206,0.34539918825030325,0.0,1.0499788913875818e-05,0.239,2.7690094709396362,2.435060501098633,0.3339489623904228,0.0,1.0499788913875818e-05
neural_claq_lambda_s_0_4,3,46,0.4,0.26530612244897955,0.2381,2.776748698949814,2.4421234309673308,0.33462526798248293,0.0,1.0499788913875818e-05,0.241,2.7607455253601074,2.4338560700416565,0.3268894925713539,0.0,1.0499788913875818e-05
neural_claq_lambda_s_0_4,3,47,0.4,0.24897959183673457,0.2396,2.7974453806877135,2.4416725099086762,0.3557728536427021,0.0,1.0499788913875818e-05,0.246,2.7963388562202454,2.477197527885437,0.31914133578538895,0.0,1.0499788913875818e-05
neural_claq_lambda_s_0_4,3,48,0.4,0.2326530612244898,0.2338,2.7952670991420745,2.4511456191539764,0.3441214881837368,0.0,1.0499788913875818e-05,0.251,2.7457011938095093,2.408936858177185,0.33676430583000183,0.0,1.0499788913875818e-05
neural_claq_lambda_s_0_4,3,49,0.4,0.21632653061224483,0.2346,2.7725751042366027,2.4326999455690386,0.33987515047192574,0.0,1.0499788913875818e-05,0.233,2.8305999040603638,2.492838680744171,0.33776117861270905,0.0,1.0499788913875818e-05
neural_claq_lambda_s_0_4,3,50,0.4,0.19999999999999996,0.2354,2.803028255701065,2.4552668988704682,0.34776135087013244,0.0,7.818991871317848e-05,0.261,2.769227683544159,2.420749008655548,0.34847864508628845,0.0,1.0499788913875818e-05
neural_baseline_lambda_s_0,4,1,0.0,1.0,0.121,3.541254222393036,3.0333910286426544,0.5078631632030011,0.08310546875,1.0499788913875818e-05,0.167,3.094044268131256,2.767970025539398,0.3260742425918579,0.08940597996115685,1.0499788913875818e-05
neural_baseline_lambda_s_0,4,2,0.0,0.9836734693877551,0.1838,3.0436582922935487,2.7164541840553285,0.3272040974348783,0.15654296875,1.0499788913875818e-05,0.166,3.02048122882843,2.6796393990516663,0.3408418521285057,0.10321255400776863,1.0499788913875818e-05
neural_baseline_lambda_s_0,4,3,0.0,0.9673469387755103,0.1832,2.987733918428421,2.673841041326523,0.3138928567990661,0.13447265625,1.0499788913875818e-05,0.212,2.8853331804275513,2.629106819629669,0.2562263496220112,0.32172682881355286,1.0499788913875818e-05
neural_baseline_lambda_s_0,4,4,0.0,0.9510204081632653,0.201,2.946879857778549,2.6395866513252257,0.3072932042181492,0.159375,1.0499788913875818e-05,0.181,2.9886207580566406,2.6786375045776367,0.3099832609295845,0.14466594904661179,1.0499788913875818e-05
neural_baseline_lambda_s_0,4,5,0.0,0.9346938775510204,0.1991,2.9291557908058166,2.6270665168762206,0.3020892672240734,0.14306640625,1.0499788913875818e-05,0.2,2.8346632719039917,2.6934492588043213,0.14121397957205772,0.5808526426553726,1.0499788913875818e-05
neural_baseline_lambda_s_0,4,6,0.0,0.9183673469387755,0.2064,2.9312992691993713,2.620455038547516,0.3108442299067974,0.1431640625,1.0499788913875818e-05,0.198,2.929770529270172,2.6191486120224,0.31062187999486923,0.09947467595338821,1.0499788913875818e-05
neural_baseline_lambda_s_0,4,7,0.0,0.9020408163265305,0.2079,2.9058801352977754,2.5954312801361086,0.31044885516166687,0.134375,1.0499788913875818e-05,0.187,2.9679993987083435,2.627342402935028,0.3406570628285408,0.03791756462305784,1.0499788913875818e-05
neural_baseline_lambda_s_0,4,8,0.0,0.8857142857142857,0.2088,2.8953658819198607,2.602133196592331,0.29323267824947835,0.15009765625,1.0499788913875818e-05,0.218,2.810279607772827,2.5443844199180603,0.26589516177773476,0.24067214503884315,1.0499788913875818e-05
neural_baseline_lambda_s_0,4,9,0.0,0.8693877551020408,0.214,2.874364346265793,2.5803104519844053,0.29405386932194233,0.15986328125,1.0499788913875818e-05,0.203,2.7225217819213867,2.6449307203292847,0.07759108673781157,0.6784415394067764,1.0499788913875818e-05
neural_baseline_lambda_s_0,4,10,0.0,0.8530612244897959,0.2127,2.8730345726013184,2.5876299679279327,0.28540460020303726,0.16171875,1.0499788913875818e-05,0.216,2.8581483364105225,2.582263708114624,0.27588464319705963,0.19888200610876083,1.0499788913875818e-05
neural_baseline_lambda_s_0,4,11,0.0,0.8367346938775511,0.2128,2.8523805022239683,2.5672390162944794,0.28514149487018586,0.17265625,1.0499788913875818e-05,0.211,2.7748906016349792,2.5729843378067017,0.2019062153995037,0.3771551698446274,1.0499788913875818e-05
neural_baseline_lambda_s_0,4,12,0.0,0.8204081632653061,0.2131,2.862619471549988,2.5784662067890167,0.28415327370166776,0.1763671875,1.0499788913875818e-05,0.204,2.91890686750412,2.611510694026947,0.30739615112543106,0.07984240353107452,1.0499788913875818e-05
neural_baseline_lambda_s_0,4,13,0.0,0.8040816326530612,0.2175,2.839001405239105,2.559097719192505,0.2799036867916584,0.176513671875,7.818993617547676e-05,0.185,2.939941883087158,2.6200997829437256,0.3198421373963356,0.08004445023834705,1.0499788913875818e-05
neural_baseline_lambda_s_0,4,14,0.0,0.7877551020408163,0.2212,2.8304742515087127,2.540504640340805,0.28996961638331414,0.1708984375,1.0499788913875818e-05,0.185,2.9358531832695007,2.6154133081436157,0.3204398900270462,0.14981815591454506,1.0499788913875818e-05
neural_baseline_lambda_s_0,4,15,0.0,0.7714285714285715,0.2218,2.822056549787521,2.5358867168426515,0.28616984374821186,0.1759765625,1.0499788913875818e-05,0.213,2.8618656992912292,2.5338143706321716,0.32805123180150986,0.056505925953388214,1.0499788913875818e-05
neural_baseline_lambda_s_0,4,16,0.0,0.7551020408163265,0.223,2.82685849070549,2.5345506072044373,0.2923079080879688,0.1453125,1.0499788913875818e-05,0.237,2.8193346858024597,2.4877399802207947,0.33159466832876205,0.06556438561528921,1.0499788913875818e-05
neural_baseline_lambda_s_0,4,17,0.0,0.7387755102040816,0.2235,2.8191562473773955,2.5219438433647157,0.2972124006599188,0.13193359375,1.0499788913875818e-05,0.225,2.866035521030426,2.5355212688446045,0.33051421493291855,0.02677128231152892,1.0499788913875818e-05
neural_baseline_lambda_s_0,4,18,0.0,0.7224489795918367,0.2311,2.805755341053009,2.5079703092575074,0.29778502359986303,0.117578125,1.0499788913875818e-05,0.213,2.8416934609413147,2.5606878995895386,0.2810055539011955,0.18305495753884315,1.0499788913875818e-05
neural_baseline_lambda_s_0,4,19,0.0,0.7061224489795919,0.2272,2.8251043021678925,2.5241872012615203,0.3009170971810818,0.13310546875,7.81899128924124e-05,0.234,2.8196296095848083,2.505284368991852,0.31434523314237595,0.05121901910752058,1.0499788913875818e-05
neural_baseline_lambda_s_0,4,20,0.0,0.689795918367347,0.2306,2.81507408618927,2.5195277452468874,0.2955463368445635,0.1369140625,1.0499788913875818e-05,0.222,2.8373404145240784,2.536382734775543,0.30095767229795456,0.15247844904661179,1.0499788913875818e-05
neural_baseline_lambda_s_0,4,21,0.0,0.673469387755102,0.224,2.804692029953003,2.509814500808716,0.29487753175199033,0.1333984375,1.0499788913875818e-05,0.218,2.7378013730049133,2.5742114186286926,0.1635899394750595,0.45847925543785095,1.0499788913875818e-05
neural_baseline_lambda_s_0,4,22,0.0,0.6571428571428571,0.2326,2.7983774304389955,2.5044993281364443,0.2938780890777707,0.1541015625,7.818991871317848e-05,0.238,2.7027341723442078,2.495722532272339,0.20701168105006218,0.35024919360876083,1.0499788913875818e-05
neural_baseline_lambda_s_0,4,23,0.0,0.6408163265306122,0.229,2.8007511377334593,2.510613018274307,0.2901381149888039,0.1330078125,1.0499788913875818e-05,0.236,2.682013511657715,2.489889085292816,0.19212444499135017,0.38048895448446274,1.0499788913875818e-05
neural_baseline_lambda_s_0,4,24,0.0,0.6244897959183673,0.2264,2.8009804368019102,2.5003895580768587,0.3005908876657486,0.1484375,7.818992453394458e-05,0.209,2.849869191646576,2.5068973302841187,0.3429718390107155,0.021787446225062013,1.0499788913875818e-05
neural_baseline_lambda_s_0,4,25,0.0,0.6081632653061224,0.2397,2.7781979501247407,2.4886144161224366,0.289583545178175,0.1478515625,1.0499788913875818e-05,0.226,2.7953908443450928,2.523796260356903,0.2715946137905121,0.20174434408545494,1.0499788913875818e-05
neural_baseline_lambda_s_0,4,26,0.0,0.5918367346938775,0.2364,2.788649356365204,2.4901192843914033,0.29853006862103937,0.12998046875,1.0499788913875818e-05,0.222,2.8173951506614685,2.506459593772888,0.3109356164932251,0.060109104961156845,1.0499788913875818e-05
neural_baseline_lambda_s_0,4,27,0.0,0.5755102040816327,0.2352,2.7734240353107453,2.4764800786972048,0.29694395922124384,0.12255859375,7.81899128924124e-05,0.254,2.7165385484695435,2.5374659299850464,0.17907265201210976,0.4425511881709099,1.0499788913875818e-05
neural_baseline_lambda_s_0,4,28,0.0,0.5591836734693878,0.2345,2.771196711063385,2.483074402809143,0.2881223030388355,0.15458984375,1.0499788913875818e-05,0.23,2.81399929523468,2.4861612915992737,0.3278380036354065,0.04280037712305784,1.0499788913875818e-05
neural_baseline_lambda_s_0,4,29,0.0,0.5428571428571429,0.2324,2.7895914912223816,2.482188844680786,0.30740265026688574,0.12353515625,1.0499788913875818e-05,0.222,2.690173387527466,2.550463020801544,0.13971038162708282,0.5207435339689255,1.0499788913875818e-05
neural_baseline_lambda_s_0,4,30,0.0,0.5265306122448979,0.2293,2.7612524807453154,2.4825799256563186,0.2786725596524775,0.15146484375,1.0499788913875818e-05,0.218,2.714974820613861,2.578377366065979,0.13659747689962387,0.48875269293785095,1.0499788913875818e-05
neural_baseline_lambda_s_0,4,31,0.0,0.510204081632653,0.2323,2.77188378572464,2.4786290884017945,0.29325468596071,0.13349609375,1.0499788913875818e-05,0.208,2.8319063782691956,2.503195643424988,0.32871076464653015,0.04926589410752058,1.0499788913875818e-05
neural_baseline_lambda_s_0,4,32,0.0,0.4938775510204081,0.2265,2.7734856843948363,2.47981036901474,0.29367531202733516,0.1310546875,1.0499788913875818e-05,0.22,2.7855645418167114,2.5032042264938354,0.28236036747694016,0.13820043206214905,1.0499788913875818e-05
neural_baseline_lambda_s_0,4,33,0.0,0.47755102040816333,0.2274,2.790438622236252,2.4833364248275758,0.30710218846797943,0.12216796875,1.0499788913875818e-05,0.229,2.8040854930877686,2.461624562740326,0.34246090799570084,0.02121497830376029,1.0499788913875818e-05
neural_baseline_lambda_s_0,4,34,0.0,0.46122448979591835,0.234,2.777587354183197,2.4679502844810486,0.3096370596438646,0.09609375,1.0499788913875818e-05,0.227,2.73278546333313,2.442569136619568,0.290216326713562,0.09001212194561958,1.0499788913875818e-05
neural_baseline_lambda_s_0,4,35,0.0,0.4448979591836735,0.232,2.768855720758438,2.465030139684677,0.3038255751132965,0.12900390625,1.0499788913875818e-05,0.206,2.8196057081222534,2.5075931549072266,0.31201254576444626,0.052599675953388214,1.0499788913875818e-05
neural_baseline_lambda_s_0,4,36,0.0,0.4285714285714285,0.2291,2.760367602109909,2.4640391945838926,0.2963284054771066,0.1189453125,1.0499788913875818e-05,0.239,2.781796097755432,2.455771505832672,0.3260245770215988,0.054721174761652946,1.0499788913875818e-05
neural_baseline_lambda_s_0,4,37,0.0,0.4122448979591836,0.238,2.7593772292137144,2.4625139117240904,0.29686332419514655,0.1326171875,1.0499788913875818e-05,0.235,2.8045454025268555,2.484682321548462,0.31986311078071594,0.06960533373057842,1.0499788913875818e-05
neural_baseline_lambda_s_0,4,38,0.0,0.39591836734693875,0.2375,2.767120677232742,2.473713207244873,0.293407491222024,0.12734375,1.0499788913875818e-05,0.268,2.7220840454101562,2.424652934074402,0.2974311411380768,0.12126212194561958,1.0499788913875818e-05
neural_baseline_lambda_s_0,4,39,0.0,0.3795918367346939,0.2347,2.7532721757888794,2.453851157426834,0.29942102879285815,0.131640625,1.0499788913875818e-05,0.253,2.750206410884857,2.4369707703590393,0.31323564052581787,0.03636853490024805,1.0499788913875818e-05
neural_baseline_lambda_s_0,4,40,0.0,0.3632653061224489,0.2384,2.7571574091911315,2.461421036720276,0.29573637805879116,0.13662109375,1.0499788913875818e-05,0.244,2.8383948802948,2.5149643421173096,0.32343054562807083,0.08051589410752058,1.0499788913875818e-05
neural_baseline_lambda_s_0,4,41,0.0,0.346938775510204,0.2337,2.7724259734153747,2.4711190938949583,0.30130687914788723,0.13154296875,1.0499788913875818e-05,0.224,2.801408290863037,2.5173152685165405,0.28409308195114136,0.1372912172228098,1.0499788913875818e-05
neural_baseline_lambda_s_0,4,42,0.0,0.33061224489795915,0.2375,2.7559472918510437,2.452387046813965,0.3035602319985628,0.12333984375,1.0499788913875818e-05,0.227,2.7792176008224487,2.492275059223175,0.2869425565004349,0.1309603974223137,1.0499788913875818e-05
neural_baseline_lambda_s_0,4,43,0.0,0.3142857142857143,0.2378,2.7597279787063598,2.459668534994125,0.30005946643650533,0.1322265625,1.0499788913875818e-05,0.245,2.638061046600342,2.46659255027771,0.17146847024559975,0.36280980706214905,1.0499788913875818e-05
neural_baseline_lambda_s_0,4,44,0.0,0.2979591836734694,0.2379,2.7482062935829163,2.4658104181289673,0.2823958948254585,0.13857421875,1.0499788913875818e-05,0.242,2.77334988117218,2.4614890813827515,0.3118608519434929,0.06647359952330589,1.0499788913875818e-05
neural_baseline_lambda_s_0,4,45,0.0,0.2816326530612244,0.2365,2.757426542043686,2.4661584317684175,0.2912680979818106,0.12919921875,1.0499788913875818e-05,0.244,2.729238450527191,2.446399211883545,0.28283920139074326,0.1176589448004961,1.0499788913875818e-05
neural_baseline_lambda_s_0,4,46,0.0,0.26530612244897955,0.2358,2.7340083360671996,2.4526159882545473,0.2813923489302397,0.16240234375,1.0499788913875818e-05,0.241,2.7174670696258545,2.43364816904068,0.28381892666220665,0.19861260801553726,1.0499788913875818e-05
neural_baseline_lambda_s_0,4,47,0.0,0.24897959183673457,0.2373,2.7647317349910736,2.4716798841953276,0.29305185563862324,0.1458984375,1.0499788913875818e-05,0.24,2.6563602685928345,2.400461256504059,0.25589896738529205,0.24366918206214905,1.0499788913875818e-05
neural_baseline_lambda_s_0,4,48,0.0,0.2326530612244898,0.2454,2.7195259034633636,2.432565230131149,0.2869606427848339,0.14541015625,1.0499788913875818e-05,0.258,2.6752633452415466,2.3650975823402405,0.31016579270362854,0.06745016202330589,1.0499788913875818e-05
neural_baseline_lambda_s_0,4,49,0.0,0.21632653061224483,0.2384,2.7559168577194213,2.4652246654033663,0.2906921740621328,0.14111328125,1.0499788913875818e-05,0.238,2.7501322627067566,2.4339467883110046,0.3161854222416878,0.054721174761652946,1.0499788913875818e-05
neural_baseline_lambda_s_0,4,50,0.0,0.19999999999999996,0.2321,2.7458536863327025,2.4524090111255648,0.29344467893242837,0.12470703125,1.0499788913875818e-05,0.214,2.789506435394287,2.471830725669861,0.3176757022738457,0.06478987075388432,1.0499788913875818e-05
neural_claq_lambda_s_0_4,4,1,0.4,1.0,0.1214,3.573467826843262,3.033077836036682,0.5403899855911731,0.06220703125,1.0499788913875818e-05,0.174,3.163843810558319,2.7921451926231384,0.37169863283634186,0.0,1.0499788913875818e-05
neural_claq_lambda_s_0_4,4,2,0.4,0.9836734693877551,0.1829,3.079465115070343,2.7084695756435395,0.37099552899599075,0.0,1.0499788913875818e-05,0.165,3.088791251182556,2.728593170642853,0.36019811034202576,0.0,1.0499788913875818e-05
neural_claq_lambda_s_0_4,4,3,0.4,0.9673469387755103,0.1827,3.028576320409775,2.674704134464264,0.3538721866905689,0.0,1.0499788913875818e-05,0.191,2.992660939693451,2.634652078151703,0.35800884664058685,0.0,1.0499788913875818e-05
neural_claq_lambda_s_0_4,4,4,0.4,0.9510204081632653,0.1979,3.0056083679199217,2.643694269657135,0.3619140736758709,0.0,1.0499788913875818e-05,0.196,3.0111549496650696,2.6623828411102295,0.34877216815948486,0.0,1.0499788913875818e-05
neural_claq_lambda_s_0_4,4,5,0.4,0.9346938775510204,0.1973,2.9772555351257326,2.6257796943187715,0.351475827395916,0.0,1.0499788913875818e-05,0.214,2.966630280017853,2.622193932533264,0.34443631768226624,0.0,1.0499788913875818e-05
neural_claq_lambda_s_0_4,4,6,0.4,0.9183673469387755,0.202,2.9783822357654572,2.620340549945831,0.3580416671931744,0.0,1.0499788913875818e-05,0.187,3.02634596824646,2.6689963340759277,0.357349656522274,0.0,1.0499788913875818e-05
neural_claq_lambda_s_0_4,4,7,0.4,0.9020408163265305,0.2054,2.9504055619239806,2.5965704798698424,0.35383507832884786,0.0,1.0499788913875818e-05,0.184,2.9983692169189453,2.6460397839546204,0.35232941806316376,0.0,1.0499788913875818e-05
neural_claq_lambda_s_0_4,4,8,0.4,0.8857142857142857,0.1994,2.959191930294037,2.6118270337581633,0.3473649054765701,0.0,1.0499788913875818e-05,0.202,2.9320430755615234,2.5801801681518555,0.35186292231082916,0.0,1.0499788913875818e-05
neural_claq_lambda_s_0_4,4,9,0.4,0.8693877551020408,0.2071,2.9353530764579774,2.586924451589584,0.34842861220240595,0.0,1.0499788913875818e-05,0.219,2.911502778530121,2.557677388191223,0.35382531583309174,0.0,1.0499788913875818e-05
neural_claq_lambda_s_0_4,4,10,0.4,0.8530612244897959,0.2106,2.923250561952591,2.5803797006607057,0.3428708627820015,0.0,1.0499788913875818e-05,0.196,2.9623029828071594,2.620664119720459,0.34163881093263626,0.0,1.0499788913875818e-05
neural_claq_lambda_s_0_4,4,11,0.4,0.8367346938775511,0.2082,2.9058896481990812,2.5625715970993044,0.3433180503547192,0.0,1.0499788913875818e-05,0.227,2.8731138706207275,2.52388197183609,0.34923190623521805,0.0,1.0499788913875818e-05
neural_claq_lambda_s_0_4,4,12,0.4,0.8204081632653061,0.2069,2.9168791711330413,2.5706824123859406,0.3461967371404171,0.0,1.0499788913875818e-05,0.191,2.945912539958954,2.6049330830574036,0.3409794121980667,0.0,1.0499788913875818e-05
neural_claq_lambda_s_0_4,4,13,0.4,0.8040816326530612,0.212,2.909599298238754,2.564488434791565,0.34511085525155066,0.0,1.0499788913875818e-05,0.189,2.9587974548339844,2.61193311214447,0.34686433523893356,0.0,1.0499788913875818e-05
neural_claq_lambda_s_0_4,4,14,0.4,0.7877551020408163,0.2105,2.891572320461273,2.5473599553108217,0.34421237036585806,0.0,1.0499788913875818e-05,0.176,2.982930541038513,2.6211161017417908,0.3618144169449806,0.0,1.0499788913875818e-05
neural_claq_lambda_s_0_4,4,15,0.4,0.7714285714285715,0.2204,2.8837810277938845,2.5387093126773834,0.3450717248022556,0.0,1.0499788913875818e-05,0.214,2.91989666223526,2.574002981185913,0.3458936735987663,0.0,1.0499788913875818e-05
neural_claq_lambda_s_0_4,4,16,0.4,0.7551020408163265,0.2276,2.875638896226883,2.529567152261734,0.34607173800468444,0.0,1.0499788913875818e-05,0.242,2.867333948612213,2.5151883363723755,0.35214563459157944,0.0,1.0499788913875818e-05
neural_claq_lambda_s_0_4,4,17,0.4,0.7387755102040816,0.2212,2.8708655893802644,2.525940680503845,0.34492490366101264,0.0,1.0499788913875818e-05,0.223,2.862014591693878,2.5229716300964355,0.33904293924570084,0.0,1.0499788913875818e-05
neural_claq_lambda_s_0_4,4,18,0.4,0.7224489795918367,0.2274,2.850076770782471,2.504939991235733,0.34513678923249247,0.0,1.0499788913875818e-05,0.203,2.86587393283844,2.52089524269104,0.3449787124991417,0.0,1.0499788913875818e-05
neural_claq_lambda_s_0_4,4,19,0.4,0.7061224489795919,0.2242,2.8568838059902193,2.510746031999588,0.3461377888917923,0.0,1.0499788913875818e-05,0.252,2.8242204189300537,2.4926819801330566,0.3315384089946747,0.0,1.0499788913875818e-05
neural_claq_lambda_s_0_4,4,20,0.4,0.689795918367347,0.2267,2.862100398540497,2.5104795157909394,0.35162090212106706,0.0,1.0499788913875818e-05,0.215,2.8617401123046875,2.5083011388778687,0.35343901813030243,0.0,1.0499788913875818e-05
neural_claq_lambda_s_0_4,4,21,0.4,0.673469387755102,0.2273,2.8332192838191985,2.491265070438385,0.34195421934127807,0.0,1.0499788913875818e-05,0.225,2.8717793226242065,2.5407411456108093,0.3310382068157196,0.0,1.0499788913875818e-05
neural_claq_lambda_s_0_4,4,22,0.4,0.6571428571428571,0.2355,2.846545273065567,2.4971300423145295,0.34941523894667625,0.0,1.0499788913875818e-05,0.224,2.812442362308502,2.4842636585235596,0.32817868888378143,0.0,1.0499788913875818e-05
neural_claq_lambda_s_0_4,4,23,0.4,0.6408163265306122,0.2302,2.837502908706665,2.497776973247528,0.33972593396902084,0.0,1.0499788913875818e-05,0.233,2.785087466239929,2.4510738849639893,0.33401355892419815,0.0,1.0499788913875818e-05
neural_claq_lambda_s_0_4,4,24,0.4,0.6244897959183673,0.2312,2.838882827758789,2.489085096120834,0.3497977271676064,0.0,1.0499788913875818e-05,0.212,2.880192220211029,2.528027653694153,0.35216454416513443,0.0,1.0499788913875818e-05
neural_claq_lambda_s_0_4,4,25,0.4,0.6081632653061224,0.2353,2.824437588453293,2.4804026067256926,0.3440349832177162,0.0,1.0499788913875818e-05,0.231,2.853033185005188,2.4914255142211914,0.3616076484322548,0.0,1.0499788913875818e-05
neural_claq_lambda_s_0_4,4,26,0.4,0.5918367346938775,0.2325,2.8318042874336244,2.485851538181305,0.3459527552127838,0.0,1.0499788913875818e-05,0.246,2.8319740295410156,2.501241087913513,0.33073297142982483,0.0,1.0499788913875818e-05
neural_claq_lambda_s_0_4,4,27,0.4,0.5755102040816327,0.24,2.810348480939865,2.469534879922867,0.34081360772252084,0.0,1.0499788913875818e-05,0.248,2.821163833141327,2.486822545528412,0.33434124290943146,0.0,1.0499788913875818e-05
neural_claq_lambda_s_0_4,4,28,0.4,0.5591836734693878,0.2327,2.816817492246628,2.474097865819931,0.34271963238716124,0.0,1.0499788913875818e-05,0.25,2.816712498664856,2.485952317714691,0.3307601138949394,0.0,1.0499788913875818e-05
neural_claq_lambda_s_0_4,4,29,0.4,0.5428571428571429,0.2292,2.8323848605155946,2.48585958480835,0.34652527421712875,0.0,1.0499788913875818e-05,0.235,2.8392805457115173,2.500760793685913,0.33851972222328186,0.0,1.0499788913875818e-05
neural_claq_lambda_s_0_4,4,30,0.4,0.5265306122448979,0.2311,2.8077174484729768,2.4701266944408418,0.3375907585024834,0.0,1.0499788913875818e-05,0.226,2.8531622886657715,2.5368606448173523,0.31630169600248337,0.0,1.0499788913875818e-05
neural_claq_lambda_s_0_4,4,31,0.4,0.510204081632653,0.2347,2.8164946675300597,2.473230332136154,0.3432643339037895,0.0,1.0499788913875818e-05,0.223,2.8365370631217957,2.4800738096237183,0.3564632758498192,0.0,1.0499788913875818e-05
neural_claq_lambda_s_0_4,4,32,0.4,0.4938775510204081,0.2312,2.803139954805374,2.469275152683258,0.33386480063199997,0.0,1.0499788913875818e-05,0.225,2.8455739617347717,2.515541195869446,0.3300327658653259,0.0,1.0499788913875818e-05
neural_claq_lambda_s_0_4,4,33,0.4,0.47755102040816333,0.2348,2.8239538967609406,2.4692611157894135,0.35469275936484335,0.0,1.0499788913875818e-05,0.236,2.770090341567993,2.4292156100273132,0.34087473154067993,0.0,1.0499788913875818e-05
neural_claq_lambda_s_0_4,4,34,0.4,0.46122448979591835,0.2312,2.818161290884018,2.4721088647842406,0.34605241790413854,0.0,1.0499788913875818e-05,0.236,2.7723085284233093,2.4417192935943604,0.330589197576046,0.0,1.0499788913875818e-05
neural_claq_lambda_s_0_4,4,35,0.4,0.4448979591836735,0.2306,2.8104592680931093,2.464862900972366,0.34559637531638143,0.0,1.0499788913875818e-05,0.213,2.8469366431236267,2.5131722688674927,0.33376435190439224,0.0,1.0499788913875818e-05
neural_claq_lambda_s_0_4,4,36,0.4,0.4285714285714285,0.232,2.7994425356388093,2.4626522243022917,0.33679031431674955,0.0,1.0499788913875818e-05,0.233,2.8353399634361267,2.495036005973816,0.340303897857666,0.0,1.0499788913875818e-05
neural_claq_lambda_s_0_4,4,37,0.4,0.4122448979591836,0.236,2.809862506389618,2.459290438890457,0.35057208612561225,0.0,1.0499788913875818e-05,0.231,2.7953710556030273,2.452523708343506,0.3428473696112633,0.0,1.0499788913875818e-05
neural_claq_lambda_s_0_4,4,38,0.4,0.39591836734693875,0.2382,2.805150419473648,2.463091516494751,0.34205890968441965,0.0,1.0499788913875818e-05,0.243,2.770974338054657,2.432092070579529,0.33888229727745056,0.0,1.0499788913875818e-05
neural_claq_lambda_s_0_4,4,39,0.4,0.3795918367346939,0.2321,2.8083891749382017,2.462531268596649,0.34585791528224946,0.0,1.0499788913875818e-05,0.258,2.759774088859558,2.414709150791168,0.34506499022245407,0.0,1.0499788913875818e-05
neural_claq_lambda_s_0_4,4,40,0.4,0.3632653061224489,0.2383,2.804911208152771,2.459994542598724,0.34491666331887244,0.0,1.0499788913875818e-05,0.251,2.8366312980651855,2.4907541275024414,0.34587712585926056,0.0,1.0499788913875818e-05
neural_claq_lambda_s_0_4,4,41,0.4,0.346938775510204,0.2287,2.8120406925678254,2.4674263536930083,0.3446143500506878,0.0,1.0499788913875818e-05,0.227,2.8398332595825195,2.509352385997772,0.3304808959364891,0.0,1.0499788913875818e-05
neural_claq_lambda_s_0_4,4,42,0.4,0.33061224489795915,0.2347,2.792784351110458,2.4476825475692747,0.3451017990708351,0.0,1.0499788913875818e-05,0.235,2.846457540988922,2.504630386829376,0.3418271467089653,0.0,1.0499788913875818e-05
neural_claq_lambda_s_0_4,4,43,0.4,0.3142857142857143,0.2363,2.796185928583145,2.454863941669464,0.3413220003247261,0.0,1.0499788913875818e-05,0.25,2.7763324975967407,2.447892725467682,0.32843971252441406,0.0,1.0499788913875818e-05
neural_claq_lambda_s_0_4,4,44,0.4,0.2979591836734694,0.2402,2.7899835467338563,2.4562965035438538,0.3336870722472668,0.0,1.0499788913875818e-05,0.229,2.7998450994491577,2.4711491465568542,0.32869600504636765,0.0,1.0499788913875818e-05
neural_claq_lambda_s_0_4,4,45,0.4,0.2816326530612244,0.2344,2.800113487243652,2.464569741487503,0.33554374501109124,0.0,1.0499788913875818e-05,0.241,2.7603026032447815,2.434312880039215,0.3259897381067276,0.0,1.0499788913875818e-05
neural_claq_lambda_s_0_4,4,46,0.4,0.26530612244897955,0.2345,2.783955007791519,2.4407842099666595,0.34317079856991767,0.0,1.0499788913875818e-05,0.242,2.770935535430908,2.410102903842926,0.3608326315879822,0.0,1.0499788913875818e-05
neural_claq_lambda_s_0_4,4,47,0.4,0.24897959183673457,0.2346,2.8031122744083405,2.461957883834839,0.34115440025925636,0.0,1.0499788913875818e-05,0.263,2.739234507083893,2.3949491381645203,0.344285324215889,0.0,1.0499788913875818e-05
neural_claq_lambda_s_0_4,4,48,0.4,0.2326530612244898,0.2441,2.7560675621032713,2.42007255256176,0.3359950169920921,0.0,1.0499788913875818e-05,0.26,2.718969762325287,2.379444181919098,0.33952563256025314,0.0,1.0499788913875818e-05
neural_claq_lambda_s_0_4,4,49,0.4,0.21632653061224483,0.2333,2.8010266721248627,2.463282525539398,0.3377441346645355,0.0,1.0499788913875818e-05,0.236,2.7745822072029114,2.437219202518463,0.33736301958560944,0.0,1.0499788913875818e-05
neural_claq_lambda_s_0_4,4,50,0.4,0.19999999999999996,0.2324,2.782603693008423,2.4474880158901215,0.33511567264795306,0.0,1.0499788913875818e-05,0.214,2.8260114789009094,2.4874675273895264,0.33854401111602783,0.0,1.0499788913875818e-05
