run_name,seed,epoch,lambda_s,actor_eps,train_accuracy,train_loss,train_task_loss,train_sensitive_loss,train_sensitive_query_rate,train_query_entropy,validation_accuracy,validation_loss,validation_task_loss,validation_sensitive_loss,validation_sensitive_query_rate,validation_query_entropy
neural_baseline_lambda_s_0,0,1,0.0,1.0,0.1159,3.305277580022812,3.028023308515549,0.2772542543709278,0.5625,1.0499788913875818e-05,0.161,3.1645397543907166,2.733422577381134,0.4311171919107437,0.02872440731152892,1.0499788913875818e-05
neural_baseline_lambda_s_0,0,2,0.0,1.0,0.1747,3.0425329744815826,2.7183925330638887,0.3241404537111521,0.21181640625,1.0499788913875818e-05,0.191,3.042149603366852,2.677338182926178,0.36481136828660965,0.03508890047669411,1.0499788913875818e-05
neural_baseline_lambda_s_0,0,3,0.0,1.0,0.1933,2.9828316986560823,2.683913141489029,0.29891855400055645,0.1916015625,1.0499788913875818e-05,0.194,2.9620137214660645,2.6097320318222046,0.3522816672921181,0.04094827547669411,1.0499788913875818e-05
neural_baseline_lambda_s_0,0,4,0.0,1.0,0.1986,2.9404713034629824,2.642289900779724,0.29818138424307106,0.176953125,1.0499788913875818e-05,0.179,3.0304235219955444,2.706302046775818,0.32412148267030716,0.03370824363082647,1.0499788913875818e-05
neural_baseline_lambda_s_0,0,5,0.0,1.0,0.1977,2.9356759250164033,2.6365825057029726,0.2990934049710631,0.1822265625,1.0499788913875818e-05,0.202,2.9198509454727173,2.5952565670013428,0.3245943486690521,0.062264278531074524,1.0499788913875818e-05
neural_baseline_lambda_s_0,0,6,0.0,1.0,0.207,2.912316161394119,2.6092343747615816,0.3030817948281765,0.1888671875,1.0499788913875818e-05,0.192,2.952864646911621,2.6083396673202515,0.34452497959136963,0.07475754246115685,1.0499788913875818e-05
neural_baseline_lambda_s_0,0,7,0.0,1.0,0.2063,2.895491921901703,2.596899312734604,0.29859259985387326,0.1947265625,1.0499788913875818e-05,0.205,2.923116624355316,2.5712863206863403,0.3518303260207176,0.039399245753884315,1.0499788913875818e-05
neural_baseline_lambda_s_0,0,8,0.0,1.0,0.2111,2.9111973106861115,2.6064401626586915,0.30475714104250073,0.19033203125,1.0499788913875818e-05,0.207,2.902005136013031,2.6067832112312317,0.29522188007831573,0.15274784341454506,1.0499788913875818e-05
neural_baseline_lambda_s_0,0,9,0.0,1.0,0.2081,2.889986288547516,2.590300405025482,0.29968588761985304,0.19404296875,1.0499788913875818e-05,0.197,2.9234975576400757,2.5802252888679504,0.34327229112386703,0.03899515047669411,1.0499788913875818e-05
neural_baseline_lambda_s_0,0,10,0.0,1.0,0.2038,2.8639397501945494,2.5736382782459257,0.29030146822333336,0.18935546875,1.0499788913875818e-05,0.204,2.893732249736786,2.581769049167633,0.31196317821741104,0.1444639004766941,1.0499788913875818e-05
neural_baseline_lambda_s_0,0,11,0.0,1.0,0.2138,2.841673231124878,2.5622819542884825,0.27939127795398233,0.21220703125,1.0499788913875818e-05,0.228,2.7260541319847107,2.6292921900749207,0.09676188044250011,0.7506734877824783,1.0499788913875818e-05
neural_baseline_lambda_s_0,0,12,0.0,1.0,0.2162,2.841126263141632,2.5646325170993807,0.27649373933672905,0.2189453125,1.0499788913875818e-05,0.209,2.767144501209259,2.557417094707489,0.20972735434770584,0.40301723778247833,1.0499788913875818e-05
neural_baseline_lambda_s_0,0,13,0.0,1.0,0.2117,2.8453294038772583,2.5663198828697205,0.2790095226839185,0.2037109375,1.0499788913875818e-05,0.206,2.855498731136322,2.5511279106140137,0.30437083542346954,0.13166756555438042,1.0499788913875818e-05
neural_baseline_lambda_s_0,0,14,0.0,1.0,0.208,2.8520038545131685,2.5755265235900877,0.2764773374423385,0.214453125,1.0499788913875818e-05,0.189,2.949058711528778,2.6396424770355225,0.3094162195920944,0.11415678821504116,1.0499788913875818e-05
neural_baseline_lambda_s_0,0,15,0.0,1.0,0.2159,2.83304044008255,2.543005031347275,0.2900353971868753,0.19404296875,1.0499788913875818e-05,0.194,2.839964270591736,2.5283381938934326,0.31162603944540024,0.11610991321504116,0.0006874010869069025
neural_baseline_lambda_s_0,0,16,0.0,1.0,0.2209,2.8167907655239106,2.542722111940384,0.2740686345845461,0.208984375,1.0499788913875818e-05,0.189,2.904662251472473,2.629028081893921,0.275634229183197,0.17163927853107452,1.0499788913875818e-05
neural_baseline_lambda_s_0,0,17,0.0,1.0,0.2198,2.84136603474617,2.564168471097946,0.27719753198325636,0.20927734375,1.0499788913875818e-05,0.213,2.846198320388794,2.511576235294342,0.3346221148967743,0.10223599150776863,1.0499788913875818e-05
neural_baseline_lambda_s_0,0,18,0.0,1.0,0.2185,2.804373961687088,2.523923772573471,0.28045020159333944,0.20048828125,1.0499788913875818e-05,0.24,2.6318724155426025,2.5403539538383484,0.09151848778128624,0.713362067937851,1.0499788913875818e-05
neural_baseline_lambda_s_0,0,19,0.0,1.0,0.2284,2.7907463014125824,2.5164118885993956,0.2743344210088253,0.212890625,1.0499788913875818e-05,0.231,2.6714435815811157,2.5497319102287292,0.12171161733567715,0.646484375,1.0499788913875818e-05
neural_baseline_lambda_s_0,0,20,0.0,1.0,0.2242,2.796893483400345,2.5276035368442535,0.26928996220231055,0.22041015625,1.0499788913875818e-05,0.213,2.867059111595154,2.5440385937690735,0.3230205178260803,0.05872844811528921,1.0499788913875818e-05
neural_baseline_lambda_s_0,0,21,0.0,1.0,0.2282,2.7830149233341217,2.5044752240180967,0.2785396959632635,0.18154296875,1.0499788913875818e-05,0.209,2.8084797263145447,2.4990983605384827,0.3093813881278038,0.039096174761652946,1.0499788913875818e-05
neural_baseline_lambda_s_0,0,22,0.0,1.0,0.2204,2.8204023361206056,2.5203386187553405,0.3000637128949165,0.133203125,7.818991871317848e-05,0.233,2.781576991081238,2.4714614748954773,0.3101154789328575,0.04192483797669411,1.0499788913875818e-05
neural_baseline_lambda_s_0,0,23,0.0,1.0,0.2239,2.8019317388534546,2.5103544116020204,0.2915773119777441,0.1478515625,1.0499788913875818e-05,0.219,2.849474847316742,2.539719581604004,0.30975527316331863,0.09971039742231369,1.0499788913875818e-05
neural_baseline_lambda_s_0,0,24,0.0,1.0,0.2291,2.8046663761138917,2.507266807556152,0.29739955998957157,0.120703125,1.0499788913875818e-05,0.229,2.774980127811432,2.4603940844535828,0.31458599120378494,0.01798221981152892,1.0499788913875818e-05
neural_baseline_lambda_s_0,0,25,0.0,1.0,0.2285,2.776280814409256,2.4858362913131713,0.2904445122927427,0.12490234375,1.0499788913875818e-05,0.219,2.7784186005592346,2.4933322072029114,0.28508635610342026,0.14769665896892548,1.0499788913875818e-05
neural_baseline_lambda_s_0,0,26,0.0,1.0,0.2279,2.7919150292873383,2.504602974653244,0.2873120617121458,0.12958984375,1.0499788913875818e-05,0.224,2.7823081612586975,2.559275269508362,0.2230328917503357,0.33455684036016464,1.0499788913875818e-05
neural_baseline_lambda_s_0,0,27,0.0,1.0,0.2337,2.789112389087677,2.4881292819976806,0.3009831104427576,0.13095703125,1.0499788913875818e-05,0.224,2.7281309962272644,2.601344347000122,0.1267866287380457,0.5757677853107452,1.0499788913875818e-05
neural_baseline_lambda_s_0,0,28,0.0,1.0,0.2357,2.7661968648433684,2.477587565779686,0.28860930502414706,0.15966796875,1.0499788913875818e-05,0.254,2.753827929496765,2.4267964363098145,0.3270314782857895,0.03195716580376029,1.0499788913875818e-05
neural_baseline_lambda_s_0,0,29,0.0,1.0,0.2332,2.7700973629951475,2.481604850292206,0.2884925287216902,0.1314453125,7.818991871317848e-05,0.231,2.754005253314972,2.5116716027259827,0.24233369901776314,0.28165409713983536,1.0499788913875818e-05
neural_baseline_lambda_s_0,0,30,0.0,1.0,0.2379,2.754529893398285,2.4698251664638518,0.28470472544431685,0.1513671875,1.0499788913875818e-05,0.252,2.746125280857086,2.460886597633362,0.2852386310696602,0.19396551698446274,1.0499788913875818e-05
neural_baseline_lambda_s_0,0,31,0.0,1.0,0.2314,2.77828631401062,2.489707386493683,0.28857893235981463,0.1455078125,1.0499788913875818e-05,0.24,2.787196397781372,2.4939207434654236,0.2932756319642067,0.09617456793785095,1.0499788913875818e-05
neural_baseline_lambda_s_0,0,32,0.0,1.0,0.2362,2.769944930076599,2.476243555545807,0.2937013700604439,0.13212890625,1.0499788913875818e-05,0.218,2.736274480819702,2.490823447704315,0.24545100331306458,0.2820581868290901,1.0499788913875818e-05
neural_baseline_lambda_s_0,0,33,0.0,1.0,0.2364,2.7554428696632387,2.457149636745453,0.2982932098209858,0.12197265625,1.0499788913875818e-05,0.204,2.849543809890747,2.51686429977417,0.33267951011657715,0.06509294174611568,1.0499788913875818e-05
neural_baseline_lambda_s_0,0,34,0.0,1.0,0.2328,2.7641851961612702,2.4645819544792174,0.2996032290160656,0.12255859375,1.0499788913875818e-05,0.233,2.7397069931030273,2.489064395427704,0.2506426051259041,0.2599339969456196,1.0499788913875818e-05
neural_baseline_lambda_s_0,0,35,0.0,1.0,0.2423,2.776409763097763,2.46674644947052,0.30966330841183665,0.128515625,1.0499788913875818e-05,0.229,2.8059282302856445,2.479546010494232,0.32638221979141235,0.09088766202330589,1.0499788913875818e-05
neural_baseline_lambda_s_0,0,36,0.0,1.0,0.234,2.761660599708557,2.4630119144916534,0.29864869341254235,0.130078125,1.0499788913875818e-05,0.213,2.8092747926712036,2.5497276186943054,0.2595471628010273,0.20780576393008232,1.0499788913875818e-05
neural_baseline_lambda_s_0,0,37,0.0,1.0,0.2308,2.7726924121379852,2.4731234073638917,0.29956900551915167,0.1318359375,1.0499788913875818e-05,0.236,2.80956369638443,2.4896507263183594,0.31991293281316757,0.04094827547669411,1.0499788913875818e-05
neural_baseline_lambda_s_0,0,38,0.0,1.0,0.2299,2.774022024869919,2.465813195705414,0.30820884369313717,0.11298828125,1.0499788913875818e-05,0.248,2.6704126596450806,2.499725818634033,0.17068682983517647,0.4238618016242981,1.0499788913875818e-05
neural_baseline_lambda_s_0,0,39,0.0,1.0,0.2348,2.752186769247055,2.464362049102783,0.28782472722232344,0.14228515625,1.0499788913875818e-05,0.233,2.7974075078964233,2.5069496631622314,0.2904578447341919,0.13250942900776863,1.0499788913875818e-05
neural_baseline_lambda_s_0,0,40,0.0,1.0,0.2459,2.720119208097458,2.4275437146425247,0.29257549308240416,0.11875,1.0499788913875818e-05,0.222,2.7953360080718994,2.4622350931167603,0.33310092240571976,0.03694100212305784,1.0499788913875818e-05
neural_baseline_lambda_s_0,0,41,0.0,1.0,0.2426,2.7475126564502714,2.4497930288314818,0.2977196376770735,0.12705078125,1.0499788913875818e-05,0.211,2.793505847454071,2.5145334005355835,0.27897246927022934,0.11348329856991768,1.0499788913875818e-05
neural_baseline_lambda_s_0,0,42,0.0,1.0,0.2407,2.7600003719329833,2.45640509724617,0.30359528176486494,0.1287109375,1.0499788913875818e-05,0.253,2.756778299808502,2.4565786123275757,0.3001997321844101,0.12072332948446274,1.0499788913875818e-05
neural_baseline_lambda_s_0,0,43,0.0,1.0,0.2439,2.7392105579376222,2.4390518724918366,0.3001586675643921,0.12421875,1.0499788913875818e-05,0.257,2.7421258687973022,2.398657262325287,0.34346863627433777,0.06098464410752058,1.0499788913875818e-05
neural_baseline_lambda_s_0,0,44,0.0,1.0,0.2343,2.7417725801467894,2.4361683428287506,0.305604238435626,0.144921875,1.0499788913875818e-05,0.231,2.7394981384277344,2.418681561946869,0.3208165615797043,0.03431438561528921,1.0499788913875818e-05
neural_baseline_lambda_s_0,0,45,0.0,1.0,0.2379,2.749426233768463,2.4530031621456145,0.29642306864261625,0.12978515625,1.0499788913875818e-05,0.246,2.707833707332611,2.4332368969917297,0.27459678798913956,0.17396282404661179,1.0499788913875818e-05
neural_baseline_lambda_s_0,0,46,0.0,1.0,0.2478,2.733431285619736,2.437839353084564,0.29559192843735216,0.12822265625,1.0499788913875818e-05,0.234,2.7342870831489563,2.5293259620666504,0.20496110618114471,0.3663119599223137,1.0499788913875818e-05
neural_baseline_lambda_s_0,0,47,0.0,1.0,0.2447,2.73418442606926,2.438207882642746,0.295976547151804,0.13271484375,1.0499788913875818e-05,0.248,2.74651300907135,2.4729347825050354,0.2735782228410244,0.18345905095338821,1.0499788913875818e-05
neural_baseline_lambda_s_0,0,48,0.0,1.0,0.2379,2.7595155119895933,2.4572093784809113,0.3023061189800501,0.10791015625,1.0499788913875818e-05,0.231,2.7271429300308228,2.4619389176368713,0.2652040310204029,0.13449622690677643,1.0499788913875818e-05
neural_baseline_lambda_s_0,0,49,0.0,1.0,0.2405,2.7354429006576537,2.4444356977939607,0.29100719578564166,0.13076171875,1.0499788913875818e-05,0.231,2.7732611298561096,2.451445698738098,0.3218154236674309,0.04562904080376029,1.0499788913875818e-05
neural_baseline_lambda_s_0,0,50,0.0,1.0,0.2439,2.7290091097354887,2.4269979178905485,0.3020111881196499,0.1138671875,1.0499788913875818e-05,0.241,2.716024339199066,2.4469541907310486,0.26907017454504967,0.18372844904661179,1.0499788913875818e-05
neural_claq_lambda_s_0_4,0,1,0.4,1.0,0.1183,3.4717073678970336,2.9758341372013093,0.4958732180297375,0.0181640625,1.0499788913875818e-05,0.166,3.084412932395935,2.7280383110046387,0.35637467354536057,0.0,1.0499788913875818e-05
neural_claq_lambda_s_0_4,0,2,0.4,1.0,0.1723,3.0650666415691377,2.6904147803783416,0.37465188652276993,0.0,1.0499788913875818e-05,0.179,3.0409536957740784,2.6618393659591675,0.3791142851114273,0.0,1.0499788913875818e-05
neural_claq_lambda_s_0_4,0,3,0.4,1.0,0.1883,3.0257018923759462,2.669785124063492,0.355916790291667,0.0,1.0499788913875818e-05,0.186,3.0099571347236633,2.6567258834838867,0.3532313108444214,0.0,1.0499788913875818e-05
neural_claq_lambda_s_0_4,0,4,0.4,1.0,0.1975,2.9811158895492555,2.62632954120636,0.3547863356769085,0.0,1.0499788913875818e-05,0.183,3.0090394616127014,2.6812893748283386,0.3277500420808792,0.0,1.0499788913875818e-05
neural_claq_lambda_s_0_4,0,5,0.4,1.0,0.198,2.98629145026207,2.628477519750595,0.35781392976641657,0.0,1.0499788913875818e-05,0.211,2.9471787214279175,2.605227291584015,0.3419513404369354,0.0,1.0499788913875818e-05
neural_claq_lambda_s_0_4,0,6,0.4,1.0,0.2034,2.962929844856262,2.6123353004455567,0.3505945600569248,0.0,1.0499788913875818e-05,0.194,2.9399330019950867,2.594275712966919,0.3456572890281677,0.0,1.0499788913875818e-05
neural_claq_lambda_s_0_4,0,7,0.4,1.0,0.2093,2.9415302336215974,2.5851359009742736,0.3563943326473236,0.0,1.0499788913875818e-05,0.225,2.9068447947502136,2.5564651489257812,0.3503796383738518,0.0,1.0499788913875818e-05
neural_claq_lambda_s_0_4,0,8,0.4,1.0,0.216,2.942518413066864,2.5748907804489134,0.36762763038277624,0.0,1.0499788913875818e-05,0.218,2.9333748817443848,2.5932201147079468,0.3401547744870186,0.0,1.0499788913875818e-05
neural_claq_lambda_s_0_4,0,9,0.4,1.0,0.2147,2.922221451997757,2.5643452048301696,0.35787626057863237,0.0,1.0499788913875818e-05,0.2,2.8988380432128906,2.554079532623291,0.3447585478425026,0.0,1.0499788913875818e-05
neural_claq_lambda_s_0_4,0,10,0.4,1.0,0.2135,2.8839665353298187,2.542544037103653,0.3414224971085787,0.0,1.0499788913875818e-05,0.218,2.920940339565277,2.5743398666381836,0.34660039097070694,0.0,1.0499788913875818e-05
neural_claq_lambda_s_0_4,0,11,0.4,1.0,0.2239,2.8737225115299223,2.526580089330673,0.3471424147486687,0.0,1.0499788913875818e-05,0.231,2.8639650344848633,2.5324195623397827,0.33154550939798355,0.0,1.0499788913875818e-05
neural_claq_lambda_s_0_4,0,12,0.4,1.0,0.2264,2.8626016974449158,2.5251128315925597,0.33748886212706564,0.0,1.0499788913875818e-05,0.217,2.9135793447494507,2.570395052433014,0.3431842774152756,0.0,1.0499788913875818e-05
neural_claq_lambda_s_0_4,0,13,0.4,1.0,0.2199,2.8692561089992523,2.5249855875968934,0.3442705273628235,0.0,1.0499788913875818e-05,0.21,2.8958160281181335,2.5450626015663147,0.350753478705883,0.0,1.0499788913875818e-05
neural_claq_lambda_s_0_4,0,14,0.4,1.0,0.2198,2.874600571393967,2.5296247959136964,0.3449757516384125,0.0,1.0499788913875818e-05,0.199,2.948589265346527,2.6149085760116577,0.3336806818842888,0.0,1.0499788913875818e-05
neural_claq_lambda_s_0_4,0,15,0.4,1.0,0.2173,2.862721860408783,2.5157895505428316,0.34693230763077737,0.0,1.0499788913875818e-05,0.216,2.9028305411338806,2.5527824759483337,0.3500480502843857,0.0,1.0499788913875818e-05
neural_claq_lambda_s_0_4,0,16,0.4,1.0,0.225,2.8589771687984467,2.5164395451545714,0.3425376258790493,0.0,1.0499788913875818e-05,0.202,2.900976002216339,2.5783810019493103,0.3225950598716736,0.0,1.0499788913875818e-05
neural_claq_lambda_s_0_4,0,17,0.4,1.0,0.2228,2.8688822627067565,2.5239792466163635,0.344903028011322,0.0,1.0499788913875818e-05,0.23,2.8785086274147034,2.5168654322624207,0.3616431728005409,0.0,1.0499788913875818e-05
neural_claq_lambda_s_0_4,0,18,0.4,1.0,0.2265,2.8577503681182863,2.507979100942612,0.34977126866579056,0.0,1.0499788913875818e-05,0.241,2.8362160325050354,2.4858457446098328,0.35037029534578323,0.0,1.0499788913875818e-05
neural_claq_lambda_s_0_4,0,19,0.4,1.0,0.2337,2.8416920363903047,2.496624141931534,0.34506789445877073,0.0,1.0499788913875818e-05,0.24,2.8339385986328125,2.4776756167411804,0.3562629893422127,0.0,0.0006874010869069025
neural_claq_lambda_s_0_4,0,20,0.4,1.0,0.2257,2.843434989452362,2.4944474697113037,0.34898753762245177,0.0,1.0499788913875818e-05,0.236,2.838063657283783,2.501219689846039,0.33684395998716354,0.0,1.0499788913875818e-05
neural_claq_lambda_s_0_4,0,21,0.4,1.0,0.2267,2.826510041952133,2.483729439973831,0.3427806057035923,0.0,1.0499788913875818e-05,0.221,2.798453629016876,2.4753690361976624,0.3230845406651497,0.0,1.0499788913875818e-05
neural_claq_lambda_s_0_4,0,22,0.4,1.0,0.2225,2.845591151714325,2.499711126089096,0.3458800159394741,0.0,1.0499788913875818e-05,0.245,2.8127309679985046,2.483479857444763,0.32925111800432205,0.0,1.0499788913875818e-05
neural_claq_lambda_s_0_4,0,23,0.4,1.0,0.2265,2.8498839259147646,2.507268953323364,0.34261498376727106,0.0,1.0499788913875818e-05,0.218,2.88746041059494,2.544779121875763,0.3426813557744026,0.0,1.0499788913875818e-05
neural_claq_lambda_s_0_4,0,24,0.4,1.0,0.2317,2.8258671045303343,2.488497143983841,0.33736996427178384,0.0,1.0499788913875818e-05,0.237,2.8273509740829468,2.5031132102012634,0.32423774898052216,0.0,1.0499788913875818e-05
neural_claq_lambda_s_0_4,0,25,0.4,1.0,0.2275,2.817126727104187,2.479466217756271,0.33766048848629,0.0,7.818991871317848e-05,0.218,2.861622393131256,2.5229817628860474,0.33864060044288635,0.0,1.0499788913875818e-05
neural_claq_lambda_s_0_4,0,26,0.4,1.0,0.2269,2.8185970544815064,2.486233741044998,0.3323633328080177,0.0,1.0499788913875818e-05,0.222,2.857404410839081,2.5104610919952393,0.34694331139326096,0.0,1.0499788913875818e-05
neural_claq_lambda_s_0_4,0,27,0.4,1.0,0.2336,2.820698136091232,2.4770686507225035,0.3436294961720705,0.0,1.0499788913875818e-05,0.211,2.8561736941337585,2.5522735714912415,0.3039001449942589,0.0,1.0499788913875818e-05
neural_claq_lambda_s_0_4,0,28,0.4,1.0,0.2355,2.817729485034943,2.472483879327774,0.34524559751152994,0.0,1.0499788913875818e-05,0.254,2.7780927419662476,2.4386938214302063,0.33939893543720245,0.0,1.0499788913875818e-05
neural_claq_lambda_s_0_4,0,29,0.4,1.0,0.231,2.8147787511348725,2.479931592941284,0.334847154840827,0.0,1.0499788913875818e-05,0.237,2.8461841344833374,2.4930773973464966,0.353106826543808,0.0,1.0499788913875818e-05
neural_claq_lambda_s_0_4,0,30,0.4,1.0,0.233,2.806736093759537,2.4694573044776917,0.3372788093984127,0.0,1.0499788913875818e-05,0.233,2.8046706318855286,2.4556540846824646,0.3490165024995804,0.0,1.0499788913875818e-05
neural_claq_lambda_s_0_4,0,31,0.4,1.0,0.2308,2.8228970170021057,2.4833656430244444,0.33953139632940293,0.0,1.0499788913875818e-05,0.245,2.795383036136627,2.473170220851898,0.3222128450870514,0.0,1.0499788913875818e-05
neural_claq_lambda_s_0_4,0,32,0.4,1.0,0.236,2.8069587111473084,2.4660076439380645,0.34095108434557914,0.0,1.0499788913875818e-05,0.217,2.84664785861969,2.4982749819755554,0.3483728766441345,0.0,1.0499788913875818e-05
neural_claq_lambda_s_0_4,0,33,0.4,1.0,0.2365,2.799833297729492,2.459196370840073,0.3406369261443615,0.0,1.0499788913875818e-05,0.216,2.8740503787994385,2.519379198551178,0.3546711876988411,0.0,1.0499788913875818e-05
neural_claq_lambda_s_0_4,0,34,0.4,1.0,0.2359,2.8031475245952606,2.4578364610672,0.3453110657632351,0.0,1.0499788913875818e-05,0.224,2.7769373655319214,2.434033989906311,0.34290336072444916,0.0,1.0499788913875818e-05
neural_claq_lambda_s_0_4,0,35,0.4,1.0,0.2481,2.8089012145996093,2.459869796037674,0.34903140664100646,0.0,1.0499788913875818e-05,0.222,2.847173810005188,2.483559310436249,0.36361443251371384,0.0,1.0499788913875818e-05
neural_claq_lambda_s_0_4,0,36,0.4,1.0,0.2373,2.806048345565796,2.4608805239200593,0.3451678264886141,0.0,1.0499788913875818e-05,0.223,2.8290724754333496,2.509447991847992,0.3196244314312935,0.0,1.0499788913875818e-05
neural_claq_lambda_s_0_4,0,37,0.4,1.0,0.2349,2.814366614818573,2.4615391731262206,0.3528274603188038,0.0,1.0499788913875818e-05,0.24,2.81897234916687,2.4890809655189514,0.3298914283514023,0.0,1.0499788913875818e-05
neural_claq_lambda_s_0_4,0,38,0.4,1.0,0.2337,2.797493153810501,2.4531747877597807,0.34431834891438484,0.0,7.818991871317848e-05,0.246,2.7930558919906616,2.4552072286605835,0.3378487080335617,0.0,1.0499788913875818e-05
neural_claq_lambda_s_0_4,0,39,0.4,1.0,0.2337,2.793614649772644,2.4552518844604494,0.3383627638220787,0.0,1.0499788913875818e-05,0.24,2.8262869715690613,2.4950766563415527,0.33121035248041153,0.0,1.0499788913875818e-05
neural_claq_lambda_s_0_4,0,40,0.4,1.0,0.2413,2.771704965829849,2.4361417651176454,0.33556320518255234,0.0,1.0499788913875818e-05,0.243,2.7796817421913147,2.4388116598129272,0.34087008982896805,0.0,1.0499788913875818e-05
neural_claq_lambda_s_0_4,0,41,0.4,1.0,0.2475,2.7754018127918245,2.432970780134201,0.34243104942142966,0.0,1.0499788913875818e-05,0.229,2.805495321750641,2.470641791820526,0.33485353738069534,0.0,1.0499788913875818e-05
neural_claq_lambda_s_0_4,0,42,0.4,1.0,0.2449,2.8021006762981413,2.452385348081589,0.34971533343195915,0.0,1.0499788913875818e-05,0.243,2.802086889743805,2.4668853878974915,0.3352014347910881,0.0,1.0499788913875818e-05
neural_claq_lambda_s_0_4,0,43,0.4,1.0,0.2432,2.783512371778488,2.4412826597690582,0.3422297157347202,0.0,1.0499788913875818e-05,0.249,2.792153477668762,2.430898666381836,0.36125482618808746,0.0,1.0499788913875818e-05
neural_claq_lambda_s_0_4,0,44,0.4,1.0,0.2337,2.7806284964084624,2.4280714064836504,0.3525571063160896,0.0,1.0499788913875818e-05,0.236,2.796729266643524,2.468970000743866,0.3277592658996582,0.0,1.0499788913875818e-05
neural_claq_lambda_s_0_4,0,45,0.4,1.0,0.2354,2.7861231088638307,2.4450794219970704,0.3410436771810055,0.0,1.0499788913875818e-05,0.262,2.7695093154907227,2.43108206987381,0.3384272903203964,0.0,0.0006874010869069025
neural_claq_lambda_s_0_4,0,46,0.4,1.0,0.2452,2.7761486649513243,2.4385359287261963,0.337612746655941,0.0,1.0499788913875818e-05,0.223,2.821863293647766,2.479685962200165,0.34217730164527893,0.0,1.0499788913875818e-05
neural_claq_lambda_s_0_4,0,47,0.4,1.0,0.2459,2.7615137338638305,2.4215736746788026,0.33994005508720876,0.0,1.0499788913875818e-05,0.246,2.7705567479133606,2.4369057416915894,0.33365100622177124,0.0,1.0499788913875818e-05
neural_claq_lambda_s_0_4,0,48,0.4,1.0,0.239,2.7914764881134033,2.4518197774887085,0.3396567277610302,0.0,1.0499788913875818e-05,0.24,2.759836733341217,2.433659791946411,0.3261769935488701,0.0,1.0499788913875818e-05
neural_claq_lambda_s_0_4,0,49,0.4,1.0,0.2363,2.7795578598976136,2.441543275117874,0.33801458552479746,0.0,1.0499788913875818e-05,0.224,2.8037169575691223,2.4643168449401855,0.33940014243125916,0.0,1.0499788913875818e-05
neural_claq_lambda_s_0_4,0,50,0.4,1.0,0.2438,2.760209745168686,2.4177086293697356,0.34250112548470496,0.0,1.0499788913875818e-05,0.233,2.788793623447418,2.4505043625831604,0.33828922361135483,0.0,1.0499788913875818e-05
neural_baseline_lambda_s_0,1,1,0.0,1.0,0.1199,3.6134154856204987,3.0808777093887327,0.5325377777218818,0.0251953125,1.0499788913875818e-05,0.148,3.119687795639038,2.7528560161590576,0.36683178693056107,0.009092133492231369,0.0006874010869069025
neural_baseline_lambda_s_0,1,2,0.0,1.0,0.1774,3.0422078490257265,2.711600959300995,0.3306068953126669,0.12041015625,1.0499788913875818e-05,0.17,3.02563339471817,2.6989492774009705,0.3266840800642967,0.11691810190677643,1.0499788913875818e-05
neural_baseline_lambda_s_0,1,3,0.0,1.0,0.1873,2.978685998916626,2.6586524188518523,0.3200335904955864,0.1486328125,1.0499788913875818e-05,0.197,2.869398772716522,2.756790518760681,0.11260826326906681,0.8107825964689255,1.0499788913875818e-05
neural_baseline_lambda_s_0,1,4,0.0,1.0,0.1908,2.966188985109329,2.6567938387393952,0.3093951489776373,0.18642578125,1.0499788913875818e-05,0.19,2.9346677660942078,2.6043878197669983,0.3302799463272095,0.07758620660752058,1.0499788913875818e-05
neural_baseline_lambda_s_0,1,5,0.0,1.0,0.195,2.9447148859500887,2.635242390632629,0.3094724975526333,0.1431640625,1.0499788913875818e-05,0.202,2.925083041191101,2.6592240929603577,0.2658589296042919,0.27081087976694107,1.0499788913875818e-05
neural_baseline_lambda_s_0,1,6,0.0,1.0,0.1995,2.939340275526047,2.634530109167099,0.3048101782798767,0.16923828125,1.0499788913875818e-05,0.216,2.9266536831855774,2.5827425718307495,0.3439110741019249,0.06910021603107452,1.0499788913875818e-05
neural_baseline_lambda_s_0,1,7,0.0,1.0,0.2088,2.904125326871872,2.60044504404068,0.3036802876740694,0.162890625,1.0499788913875818e-05,0.191,2.94477117061615,2.5973532795906067,0.3474178984761238,0.04700969811528921,1.0499788913875818e-05
neural_baseline_lambda_s_0,1,8,0.0,1.0,0.2098,2.8895989656448364,2.5775483012199403,0.31205066964030265,0.133203125,1.0499788913875818e-05,0.203,2.9240634441375732,2.6175277829170227,0.30653566867113113,0.16066136956214905,1.0499788913875818e-05
neural_baseline_lambda_s_0,1,9,0.0,1.0,0.2133,2.8598272025585176,2.567646640539169,0.2921805813908577,0.16884765625,1.0499788913875818e-05,0.223,2.7725534439086914,2.635818839073181,0.1367345843464136,0.6360452622175217,1.0499788913875818e-05
neural_baseline_lambda_s_0,1,10,0.0,1.0,0.2116,2.861385703086853,2.5715363025665283,0.2898493867367506,0.1759765625,1.0499788913875818e-05,0.211,2.842695474624634,2.6292648911476135,0.21343059092760086,0.39907731860876083,1.0499788913875818e-05
neural_baseline_lambda_s_0,1,11,0.0,1.0,0.217,2.855392241477966,2.5687137961387636,0.2866784531623125,0.1787109375,1.0499788913875818e-05,0.21,2.9220555424690247,2.5925193428993225,0.32953620702028275,0.08677936345338821,1.0499788913875818e-05
neural_baseline_lambda_s_0,1,12,0.0,1.0,0.2222,2.8379577457904817,2.539709675312042,0.298248059861362,0.140625,1.0499788913875818e-05,0.187,2.948044717311859,2.5867284536361694,0.3613162413239479,0.01592807099223137,1.0499788913875818e-05
neural_baseline_lambda_s_0,1,13,0.0,1.0,0.2189,2.8552033603191376,2.551011872291565,0.3041914880275726,0.1373046875,1.0499788913875818e-05,0.218,2.80111300945282,2.499891221523285,0.3012218251824379,0.1796201504766941,1.0499788913875818e-05
neural_baseline_lambda_s_0,1,14,0.0,1.0,0.2162,2.8433253526687623,2.548528033494949,0.29479732140898707,0.14052734375,1.0499788913875818e-05,0.198,2.874528408050537,2.559974491596222,0.3145539164543152,0.057179417461156845,1.0499788913875818e-05
neural_baseline_lambda_s_0,1,15,0.0,1.0,0.2196,2.8123036563396453,2.523290592432022,0.2890130527317524,0.164453125,1.0499788913875818e-05,0.229,2.8711262345314026,2.551000416278839,0.32012589275836945,0.031182650476694107,1.0499788913875818e-05
neural_baseline_lambda_s_0,1,16,0.0,1.0,0.2263,2.806383657455444,2.5132926225662233,0.2930910397320986,0.147265625,1.0499788913875818e-05,0.239,2.833374857902527,2.511008143424988,0.32236672937870026,0.049366917461156845,1.0499788913875818e-05
neural_baseline_lambda_s_0,1,17,0.0,1.0,0.2269,2.8058303356170655,2.5195215940475464,0.28630874678492546,0.15322265625,1.0499788913875818e-05,0.207,2.8801689743995667,2.5727046132087708,0.3074642941355705,0.12813173606991768,1.0499788913875818e-05
neural_baseline_lambda_s_0,1,18,0.0,1.0,0.2278,2.839138501882553,2.533859074115753,0.30527943968772886,0.13330078125,1.0499788913875818e-05,0.218,2.757448196411133,2.5029043555259705,0.25454389676451683,0.2119814120233059,1.0499788913875818e-05
neural_baseline_lambda_s_0,1,19,0.0,1.0,0.2259,2.8014943659305573,2.5188100039958954,0.28268434181809426,0.171875,1.0499788913875818e-05,0.194,2.843981683254242,2.536909580230713,0.3070720359683037,0.08842941746115685,1.0499788913875818e-05
neural_baseline_lambda_s_0,1,20,0.0,1.0,0.2316,2.802048259973526,2.5130201458930967,0.2890281230211258,0.1458984375,1.0499788913875818e-05,0.217,2.8354780673980713,2.507456362247467,0.32802165299654007,0.00801454740576446,1.0499788913875818e-05
neural_baseline_lambda_s_0,1,21,0.0,1.0,0.2264,2.794589674472809,2.49873828291893,0.2958513978868723,0.1341796875,1.0499788913875818e-05,0.227,2.7875949144363403,2.4978395104408264,0.28975537419319153,0.11358432099223137,1.0499788913875818e-05
neural_baseline_lambda_s_0,1,22,0.0,1.0,0.2322,2.790135979652405,2.490786224603653,0.29934974797070024,0.14130859375,1.0499788913875818e-05,0.224,2.8530434370040894,2.494787275791168,0.35825616866350174,0.02178744599223137,1.0499788913875818e-05
neural_baseline_lambda_s_0,1,23,0.0,1.0,0.2369,2.759045881032944,2.4639279544353485,0.2951179310679436,0.14033203125,1.0499788913875818e-05,0.227,2.847101867198944,2.513448715209961,0.3336530849337578,0.021989493630826473,1.0499788913875818e-05
neural_baseline_lambda_s_0,1,24,0.0,1.0,0.2225,2.7792796790599823,2.4923902690410613,0.2868893928825855,0.12578125,1.0499788913875818e-05,0.235,2.7037418484687805,2.5341289043426514,0.16961299628019333,0.45066675543785095,1.0499788913875818e-05
neural_baseline_lambda_s_0,1,25,0.0,1.0,0.2257,2.7969023644924165,2.499011343717575,0.29789101183414457,0.12431640625,1.0499788913875818e-05,0.252,2.761529564857483,2.456257164478302,0.3052723556756973,0.01788119599223137,1.0499788913875818e-05
neural_baseline_lambda_s_0,1,26,0.0,1.0,0.2399,2.762646162509918,2.470417296886444,0.29222887717187407,0.126953125,1.0499788913875818e-05,0.225,2.7831379771232605,2.498790144920349,0.28434787690639496,0.19985856488347054,1.0499788913875818e-05
neural_baseline_lambda_s_0,1,27,0.0,1.0,0.2307,2.7866648018360136,2.496623921394348,0.29004088751971724,0.13564453125,1.0499788913875818e-05,0.23,2.7803176045417786,2.4720409512519836,0.30827661603689194,0.11641298606991768,1.0499788913875818e-05
neural_baseline_lambda_s_0,1,28,0.0,1.0,0.2348,2.7926328778266907,2.497866928577423,0.2947659581899643,0.1216796875,1.0499788913875818e-05,0.223,2.789364755153656,2.5213485956192017,0.26801615953445435,0.16224407404661179,1.0499788913875818e-05
neural_baseline_lambda_s_0,1,29,0.0,1.0,0.2376,2.7644603490829467,2.478004276752472,0.2864560645073652,0.14794921875,1.0499788913875818e-05,0.215,2.826369881629944,2.5214553475379944,0.30491460114717484,0.07075026910752058,1.0499788913875818e-05
neural_baseline_lambda_s_0,1,30,0.0,1.0,0.2322,2.779337054491043,2.480402797460556,0.2989342723041773,0.13955078125,1.0499788913875818e-05,0.234,2.808870315551758,2.4758443236351013,0.3330259695649147,0.06243265047669411,1.0499788913875818e-05
neural_baseline_lambda_s_0,1,31,0.0,1.0,0.2346,2.772591996192932,2.476890617609024,0.295701365172863,0.1314453125,1.0499788913875818e-05,0.232,2.7674065232276917,2.4609084725379944,0.30649806559085846,0.04290140047669411,1.0499788913875818e-05
neural_baseline_lambda_s_0,1,32,0.0,1.0,0.2416,2.749199461936951,2.45646156668663,0.2927378833293915,0.14052734375,1.0499788913875818e-05,0.235,2.7279365062713623,2.514196276664734,0.21374017000198364,0.28576239198446274,1.0499788913875818e-05
neural_baseline_lambda_s_0,1,33,0.0,1.0,0.2361,2.7602257251739504,2.469786435365677,0.29043930508196353,0.13095703125,1.0499788913875818e-05,0.227,2.7134886384010315,2.5652436017990112,0.1482450496405363,0.543473869562149,1.0499788913875818e-05
neural_baseline_lambda_s_0,1,34,0.0,1.0,0.2331,2.751339519023895,2.4624834597110747,0.2888560675084591,0.1357421875,1.0499788913875818e-05,0.238,2.771184742450714,2.4592060446739197,0.31197867542505264,0.09782462194561958,1.0499788913875818e-05
neural_baseline_lambda_s_0,1,35,0.0,1.0,0.2332,2.7819515645503996,2.4934260964393617,0.28852546475827695,0.15322265625,1.0499788913875818e-05,0.222,2.7473814487457275,2.4786038398742676,0.2687775418162346,0.22144396603107452,1.0499788913875818e-05
neural_baseline_lambda_s_0,1,36,0.0,1.0,0.2392,2.7387609422206878,2.446460062265396,0.2923008892685175,0.1328125,1.0499788913875818e-05,0.232,2.613732874393463,2.4839723706245422,0.12976053170859814,0.5272763967514038,1.0499788913875818e-05
neural_baseline_lambda_s_0,1,37,0.0,1.0,0.2258,2.7633471846580506,2.478100711107254,0.2852464644238353,0.165234375,1.0499788913875818e-05,0.235,2.8216591477394104,2.503947079181671,0.31771207600831985,0.03185614198446274,1.0499788913875818e-05
neural_baseline_lambda_s_0,1,38,0.0,1.0,0.2378,2.7492143511772156,2.4493442296981813,0.29987010806798936,0.12978515625,1.0499788913875818e-05,0.229,2.7425668239593506,2.4794602394104004,0.2631065845489502,0.20827721059322357,1.0499788913875818e-05
neural_baseline_lambda_s_0,1,39,0.0,1.0,0.2369,2.759910398721695,2.4799865782260895,0.27992381490767004,0.15107421875,1.0499788913875818e-05,0.239,2.751783549785614,2.468408465385437,0.2833750620484352,0.13934536650776863,1.0499788913875818e-05
neural_baseline_lambda_s_0,1,40,0.0,1.0,0.2382,2.7452995479106903,2.4529105544090273,0.2923889856785536,0.14609375,7.818991871317848e-05,0.232,2.8151280283927917,2.4837053418159485,0.3314226269721985,0.05482219811528921,1.0499788913875818e-05
neural_baseline_lambda_s_0,1,41,0.0,1.0,0.2366,2.7653716564178468,2.4725766122341155,0.29279505349695684,0.132421875,1.0499788913875818e-05,0.261,2.7345426082611084,2.46768581867218,0.2668567821383476,0.19477370753884315,1.0499788913875818e-05
neural_baseline_lambda_s_0,1,42,0.0,1.0,0.2362,2.7578205943107603,2.4674810409545898,0.29033954851329324,0.1427734375,1.0499788913875818e-05,0.253,2.749824106693268,2.4229244589805603,0.32689962536096573,0.01690463349223137,1.0499788913875818e-05
neural_baseline_lambda_s_0,1,43,0.0,1.0,0.2377,2.7324331998825073,2.4477479159832,0.2846852719783783,0.126953125,1.0499788913875818e-05,0.228,2.7540146708488464,2.453463554382324,0.3005511313676834,0.11708647571504116,1.0499788913875818e-05
neural_baseline_lambda_s_0,1,44,0.0,1.0,0.2335,2.7417554318904878,2.455572026968002,0.2861834026873112,0.1529296875,1.0499788913875818e-05,0.254,2.711552083492279,2.4086192846298218,0.3029327839612961,0.1416352353990078,1.0499788913875818e-05
neural_baseline_lambda_s_0,1,45,0.0,1.0,0.2376,2.7534425377845766,2.463476711511612,0.28996582366526125,0.13984375,1.0499788913875818e-05,0.226,2.710247576236725,2.5189372897148132,0.19131027534604073,0.4229525849223137,1.0499788913875818e-05
neural_baseline_lambda_s_0,1,46,0.0,1.0,0.2396,2.7546307504177094,2.4668381452560424,0.2877926163375378,0.13623046875,1.0499788913875818e-05,0.238,2.6675081849098206,2.4514633417129517,0.2160448171198368,0.3055967167019844,1.0499788913875818e-05
neural_baseline_lambda_s_0,1,47,0.0,1.0,0.2405,2.724483060836792,2.442767494916916,0.28171555772423745,0.145703125,1.0499788913875818e-05,0.226,2.7764397859573364,2.470118224620819,0.3063216358423233,0.1357421875,1.0499788913875818e-05
neural_baseline_lambda_s_0,1,48,0.0,1.0,0.2402,2.736073189973831,2.4408211708068848,0.2952520173043013,0.11640625,1.0499788913875818e-05,0.225,2.731477379798889,2.546829640865326,0.18464773148298264,0.44389817118644714,1.0499788913875818e-05
neural_baseline_lambda_s_0,1,49,0.0,1.0,0.2348,2.7539127230644227,2.456158471107483,0.29775424785912036,0.13955078125,1.0499788913875818e-05,0.245,2.702366888523102,2.4746845364570618,0.22768240794539452,0.3438173457980156,1.0499788913875818e-05
neural_baseline_lambda_s_0,1,50,0.0,1.0,0.2512,2.731350839138031,2.4363360822200777,0.295014775544405,0.133203125,1.0499788913875818e-05,0.243,2.615098714828491,2.5121543407440186,0.10294436477124691,0.5876549035310745,1.0499788913875818e-05
neural_claq_lambda_s_0_4,1,1,0.4,1.0,0.1148,3.611906999349594,3.084277844429016,0.5276291541755199,0.00908203125,1.0499788913875818e-05,0.155,3.148534655570984,2.781919002532959,0.36661556363105774,0.0,1.0499788913875818e-05
neural_claq_lambda_s_0_4,1,2,0.4,1.0,0.1752,3.070095580816269,2.70769459605217,0.36240098141133786,0.0,1.0499788913875818e-05,0.179,3.074947416782379,2.7144845724105835,0.3604627996683121,0.0,1.0499788913875818e-05
neural_claq_lambda_s_0_4,1,3,0.4,1.0,0.1891,3.012808507680893,2.6557896733283997,0.3570188209414482,0.0,1.0499788913875818e-05,0.199,3.0112019181251526,2.6595351099967957,0.35166680812835693,0.0,1.0499788913875818e-05
neural_claq_lambda_s_0_4,1,4,0.4,1.0,0.1906,3.020717841386795,2.6542173504829405,0.3665004730224609,0.0,1.0499788913875818e-05,0.189,2.995475471019745,2.6412310004234314,0.35424451529979706,0.0,1.0499788913875818e-05
neural_claq_lambda_s_0_4,1,5,0.4,1.0,0.2002,2.9680160582065582,2.6167841613292695,0.35123190060257914,0.0,1.0499788913875818e-05,0.185,3.008025646209717,2.6633716225624084,0.3446539491415024,0.0,1.0499788913875818e-05
neural_claq_lambda_s_0_4,1,6,0.4,1.0,0.2037,2.980863469839096,2.619756591320038,0.3611068695783615,0.0,1.0499788913875818e-05,0.21,2.9699007272720337,2.608077824115753,0.3618229180574417,0.0,1.0499788913875818e-05
neural_claq_lambda_s_0_4,1,7,0.4,1.0,0.2074,2.9305650353431703,2.579864430427551,0.3507005900144577,0.0,1.0499788913875818e-05,0.212,2.9410961270332336,2.589781880378723,0.35131431370973587,0.0,1.0499788913875818e-05
neural_claq_lambda_s_0_4,1,8,0.4,1.0,0.2111,2.9164360105991363,2.5645085275173187,0.35192748308181765,0.0,1.0499788913875818e-05,0.214,2.9578373432159424,2.6044681072235107,0.35336924344301224,0.0,1.0499788913875818e-05
neural_claq_lambda_s_0_4,1,9,0.4,1.0,0.2087,2.920580130815506,2.574779486656189,0.34580064453184606,0.0,1.0499788913875818e-05,0.221,2.889202892780304,2.542207181453705,0.3469956964254379,0.0,1.0499788913875818e-05
neural_claq_lambda_s_0_4,1,10,0.4,1.0,0.2124,2.917645591497421,2.568462234735489,0.3491833582520485,0.0,1.0499788913875818e-05,0.212,2.993012249469757,2.6497561931610107,0.34325603395700455,0.0,1.0499788913875818e-05
neural_claq_lambda_s_0_4,1,11,0.4,1.0,0.2145,2.9023232638835905,2.5506478011608125,0.35167545899748803,0.0,1.0499788913875818e-05,0.214,2.959712564945221,2.6069194078445435,0.3527931571006775,0.0,1.0499788913875818e-05
neural_claq_lambda_s_0_4,1,12,0.4,1.0,0.2218,2.8812796413898467,2.53259539604187,0.34868424795567987,0.0,1.0499788913875818e-05,0.191,2.931205928325653,2.5725952982902527,0.3586106449365616,0.0,1.0499788913875818e-05
neural_claq_lambda_s_0_4,1,13,0.4,1.0,0.2202,2.8857585191726685,2.53647238612175,0.3492861337959766,0.0,1.0499788913875818e-05,0.221,2.861773431301117,2.487812101840973,0.37396128475666046,0.0,1.0499788913875818e-05
neural_claq_lambda_s_0_4,1,14,0.4,1.0,0.2212,2.879682195186615,2.539730006456375,0.3399521827697754,0.0,1.0499788913875818e-05,0.214,2.9170254468917847,2.5759130120277405,0.3411124646663666,0.0,1.0499788913875818e-05
neural_claq_lambda_s_0_4,1,15,0.4,1.0,0.2267,2.861761862039566,2.51382699906826,0.3479348696768284,0.0,1.0499788913875818e-05,0.224,2.9075358510017395,2.5750917196273804,0.33244412392377853,0.0,1.0499788913875818e-05
neural_claq_lambda_s_0_4,1,16,0.4,1.0,0.2259,2.851554590463638,2.5056430280208586,0.3459115490317345,0.0,1.0499788913875818e-05,0.232,2.873845160007477,2.5349512696266174,0.33889391273260117,0.0,1.0499788913875818e-05
neural_claq_lambda_s_0_4,1,17,0.4,1.0,0.2238,2.858953928947449,2.5187263548374177,0.3402275837957859,0.0,1.0499788913875818e-05,0.219,2.903989851474762,2.5572093725204468,0.346780464053154,0.0,1.0499788913875818e-05
neural_claq_lambda_s_0_4,1,18,0.4,1.0,0.2216,2.8781587302684786,2.527202677726746,0.35095603540539744,0.0,1.0499788913875818e-05,0.218,2.8726959824562073,2.5297306180000305,0.34296540915966034,0.0,1.0499788913875818e-05
neural_claq_lambda_s_0_4,1,19,0.4,1.0,0.2235,2.848907804489136,2.5059710502624513,0.34293676540255547,0.0,1.0499788913875818e-05,0.207,2.872142493724823,2.530899167060852,0.34124328941106796,0.0,1.0499788913875818e-05
neural_claq_lambda_s_0_4,1,20,0.4,1.0,0.2264,2.841244238615036,2.5025843143463136,0.3386599265038967,0.0,1.0499788913875818e-05,0.223,2.8615394830703735,2.5290699005126953,0.33246955275535583,0.0,1.0499788913875818e-05
neural_claq_lambda_s_0_4,1,21,0.4,1.0,0.2265,2.8364747047424315,2.4958070695400236,0.3406676299870014,0.0,1.0499788913875818e-05,0.225,2.8302098512649536,2.4866021275520325,0.34360769391059875,0.0,1.0499788913875818e-05
neural_claq_lambda_s_0_4,1,22,0.4,1.0,0.2279,2.825713258981705,2.4764876902103423,0.34922557324171066,0.0,1.0499788913875818e-05,0.225,2.8604958057403564,2.504901111125946,0.3555947467684746,0.0,1.0499788913875818e-05
neural_claq_lambda_s_0_4,1,23,0.4,1.0,0.2376,2.809803283214569,2.463665872812271,0.3461374118924141,0.0,1.0499788913875818e-05,0.228,2.829773426055908,2.4860540628433228,0.34371937066316605,0.0,1.0499788913875818e-05
neural_claq_lambda_s_0_4,1,24,0.4,1.0,0.2233,2.820375692844391,2.484954905509949,0.33542079105973244,0.0,1.0499788913875818e-05,0.233,2.8274067640304565,2.494165301322937,0.3332414776086807,0.0,1.0499788913875818e-05
neural_claq_lambda_s_0_4,1,25,0.4,1.0,0.2265,2.8438526809215547,2.499260628223419,0.34459205269813536,0.0,1.0499788913875818e-05,0.243,2.79485684633255,2.4818466901779175,0.31301016360521317,0.0,1.0499788913875818e-05
neural_claq_lambda_s_0_4,1,26,0.4,1.0,0.232,2.799616676568985,2.4624435782432554,0.33717307448387146,0.0,1.0499788913875818e-05,0.216,2.855839490890503,2.51593679189682,0.33990271389484406,0.0,1.0499788913875818e-05
neural_claq_lambda_s_0_4,1,27,0.4,1.0,0.2301,2.818388032913208,2.4831955671310424,0.33519245497882366,0.0,1.0499788913875818e-05,0.233,2.8122395873069763,2.4618647694587708,0.3503747805953026,0.0,1.0499788913875818e-05
neural_claq_lambda_s_0_4,1,28,0.4,1.0,0.2351,2.8210274457931517,2.48158512711525,0.3394423320889473,0.0,1.0499788913875818e-05,0.22,2.8236358761787415,2.4912652373313904,0.33237065374851227,0.0,1.0499788913875818e-05
neural_claq_lambda_s_0_4,1,29,0.4,1.0,0.2319,2.8016679883003235,2.4643491089344023,0.33731889836490153,0.0,1.0499788913875818e-05,0.221,2.840615451335907,2.506100833415985,0.3345145732164383,0.0,1.0499788913875818e-05
neural_claq_lambda_s_0_4,1,30,0.4,1.0,0.2346,2.8237023055553436,2.4813642859458924,0.3423380210995674,0.0,1.0499788913875818e-05,0.247,2.844217002391815,2.4912758469581604,0.352941170334816,0.0,1.0499788913875818e-05
neural_claq_lambda_s_0_4,1,31,0.4,1.0,0.2323,2.814556121826172,2.4736993849277495,0.3408567264676094,0.0,1.0499788913875818e-05,0.235,2.7902581095695496,2.468833863735199,0.3214242160320282,0.0,1.0499788913875818e-05
neural_claq_lambda_s_0_4,1,32,0.4,1.0,0.2415,2.7890895903110504,2.4432987809181212,0.3457908071577549,0.0,1.0499788913875818e-05,0.228,2.842577040195465,2.5095370411872864,0.3330400064587593,0.0,1.0499788913875818e-05
neural_claq_lambda_s_0_4,1,33,0.4,1.0,0.2331,2.8077260136604307,2.469975674152374,0.3377503491938114,0.0,1.0499788913875818e-05,0.209,2.8732500672340393,2.536596119403839,0.3366539403796196,0.0,1.0499788913875818e-05
neural_claq_lambda_s_0_4,1,34,0.4,1.0,0.2364,2.7946322321891786,2.4545855104923247,0.34004671350121496,0.0,1.0499788913875818e-05,0.248,2.803841233253479,2.455423414707184,0.3484177440404892,0.0,1.0499788913875818e-05
neural_claq_lambda_s_0_4,1,35,0.4,1.0,0.2343,2.818061101436615,2.4734956502914427,0.3445654407143593,0.0,1.0499788913875818e-05,0.229,2.8164122104644775,2.464406430721283,0.35200580954551697,0.0,1.0499788913875818e-05
neural_claq_lambda_s_0_4,1,36,0.4,1.0,0.239,2.7872718274593353,2.4487023651599884,0.33856946751475336,0.0,1.0499788913875818e-05,0.236,2.7604307532310486,2.437213957309723,0.3232168108224869,0.0,1.0499788913875818e-05
neural_claq_lambda_s_0_4,1,37,0.4,1.0,0.229,2.80149792432785,2.4584197759628297,0.34307812079787253,0.0,1.0499788913875818e-05,0.24,2.832418382167816,2.500613272190094,0.33180510997772217,0.0,1.0499788913875818e-05
neural_claq_lambda_s_0_4,1,38,0.4,1.0,0.236,2.792250919342041,2.447703129053116,0.34454779475927355,0.0,1.0499788913875818e-05,0.236,2.806393265724182,2.4587754607200623,0.34761781990528107,0.0,1.0499788913875818e-05
neural_claq_lambda_s_0_4,1,39,0.4,1.0,0.2316,2.8098340809345244,2.4737605154514313,0.3360735818743706,0.0,1.0499788913875818e-05,0.233,2.7669262290000916,2.4345250129699707,0.33240120112895966,0.0,1.0499788913875818e-05
neural_claq_lambda_s_0_4,1,40,0.4,1.0,0.2352,2.7930692613124846,2.4506744146347046,0.3423948358744383,0.0,1.0499788913875818e-05,0.24,2.8257718682289124,2.476615071296692,0.34915678203105927,0.0,1.0499788913875818e-05
neural_claq_lambda_s_0_4,1,41,0.4,1.0,0.2381,2.792286241054535,2.4609259188175203,0.3313603088259697,0.0,1.0499788913875818e-05,0.247,2.8335057497024536,2.4932720065116882,0.3402337431907654,0.0,1.0499788913875818e-05
neural_claq_lambda_s_0_4,1,42,0.4,1.0,0.2377,2.799111378192902,2.4557126700878142,0.34339870437979697,0.0,1.0499788913875818e-05,0.248,2.779690980911255,2.445752739906311,0.33393819630146027,0.0,1.0499788913875818e-05
neural_claq_lambda_s_0_4,1,43,0.4,1.0,0.2394,2.7887049436569216,2.4532947540283203,0.33541019819676876,0.0,1.0499788913875818e-05,0.218,2.8188934326171875,2.4838955402374268,0.33499791473150253,0.0,1.0499788913875818e-05
neural_claq_lambda_s_0_4,1,44,0.4,1.0,0.2355,2.799752986431122,2.4589773297309874,0.34077566862106323,0.0,1.0499788913875818e-05,0.251,2.766901731491089,2.408378839492798,0.35852285474538803,0.0,1.0499788913875818e-05
neural_claq_lambda_s_0_4,1,45,0.4,1.0,0.2381,2.804850822687149,2.4645209431648256,0.34032987654209135,0.0,1.0499788913875818e-05,0.236,2.7989454865455627,2.4635998010635376,0.33534573018550873,0.0,1.0499788913875818e-05
neural_claq_lambda_s_0_4,1,46,0.4,1.0,0.2424,2.7899560213088987,2.4568714797496796,0.33308456353843213,0.0,1.0499788913875818e-05,0.243,2.7665032744407654,2.437592387199402,0.32891087234020233,0.0,1.0499788913875818e-05
neural_claq_lambda_s_0_4,1,47,0.4,1.0,0.2393,2.7632287800312043,2.4322937607765196,0.33093502596020696,0.0,1.0499788913875818e-05,0.24,2.828787684440613,2.475325644016266,0.3534620478749275,0.0,1.0499788913875818e-05
neural_claq_lambda_s_0_4,1,48,0.4,1.0,0.2375,2.771544027328491,2.433558690547943,0.33798535019159315,0.0,1.0499788913875818e-05,0.225,2.8811596632003784,2.5239203572273254,0.3572392985224724,0.0,1.0499788913875818e-05
neural_claq_lambda_s_0_4,1,49,0.4,1.0,0.2335,2.805684447288513,2.4616712093353272,0.3440132401883602,0.0,1.0499788913875818e-05,0.233,2.778288781642914,2.434641122817993,0.3436475992202759,0.0,1.0499788913875818e-05
neural_claq_lambda_s_0_4,1,50,0.4,1.0,0.2481,2.7610009908676147,2.4207135617733,0.34028743803501127,0.0,1.0499788913875818e-05,0.233,2.778550684452057,2.4619905948638916,0.3165600523352623,0.0,1.0499788913875818e-05
neural_baseline_lambda_s_0,2,1,0.0,1.0,0.1176,3.5981465280056,3.0413597881793977,0.5567867573350668,0.21962890625,1.0499788913875818e-05,0.163,3.0981472730636597,2.7050973176956177,0.3930499628186226,0.010068695992231369,1.0499788913875818e-05
neural_baseline_lambda_s_0,2,2,0.0,1.0,0.1753,3.0504843831062316,2.724191117286682,0.3262932635843754,0.1638671875,1.0499788913875818e-05,0.2,2.893531560897827,2.7732070088386536,0.12032458558678627,0.7937095910310745,1.0499788913875818e-05
neural_baseline_lambda_s_0,2,3,0.0,1.0,0.1893,2.973834127187729,2.6655922055244448,0.3082419103011489,0.1904296875,1.0499788913875818e-05,0.214,2.9541797041893005,2.623850464820862,0.3303292319178581,0.025424299761652946,1.0499788913875818e-05
neural_baseline_lambda_s_0,2,4,0.0,1.0,0.2009,2.95147106051445,2.63747039437294,0.3140006635338068,0.14912109375,1.0499788913875818e-05,0.208,2.9193487763404846,2.6557483077049255,0.26360052078962326,0.33738550543785095,1.0499788913875818e-05
neural_baseline_lambda_s_0,2,5,0.0,1.0,0.1956,2.9328398644924163,2.626802510023117,0.3060373689979315,0.1583984375,1.0499788913875818e-05,0.19,2.850015103816986,2.656031608581543,0.19398356974124908,0.5491648763418198,1.0499788913875818e-05
neural_baseline_lambda_s_0,2,6,0.0,1.0,0.2006,2.934792184829712,2.6172970116138456,0.3174951743334532,0.16162109375,1.0499788913875818e-05,0.215,2.9309633374214172,2.590100646018982,0.3408626765012741,0.03704202547669411,1.0499788913875818e-05
neural_baseline_lambda_s_0,2,7,0.0,1.0,0.2079,2.8863046169281006,2.5922350227832793,0.29406960867345333,0.1865234375,1.0499788913875818e-05,0.219,2.9072831869125366,2.5635870695114136,0.34369612485170364,0.06755118444561958,1.0499788913875818e-05
neural_baseline_lambda_s_0,2,8,0.0,1.0,0.212,2.8844506800174714,2.5856153845787047,0.2988352937623858,0.15703125,1.0499788913875818e-05,0.21,2.921479046344757,2.5943387150764465,0.32714032381772995,0.03879310330376029,1.0499788913875818e-05
neural_baseline_lambda_s_0,2,9,0.0,1.0,0.2125,2.8760860681533815,2.5791570842266083,0.2969290083274245,0.15966796875,1.0499788913875818e-05,0.209,2.825891613960266,2.5828787088394165,0.24301286414265633,0.3262392207980156,1.0499788913875818e-05
neural_baseline_lambda_s_0,2,10,0.0,1.0,0.2105,2.89085568189621,2.602690780162811,0.2881649101153016,0.19541015625,1.0499788913875818e-05,0.216,2.9245673418045044,2.6067777276039124,0.3177896812558174,0.07458917051553726,1.0499788913875818e-05
neural_baseline_lambda_s_0,2,11,0.0,1.0,0.215,2.8501213073730467,2.5573356688022613,0.2927856409922242,0.16875,1.0499788913875818e-05,0.226,2.866132438182831,2.5802350640296936,0.2858973667025566,0.1728852353990078,1.0499788913875818e-05
neural_baseline_lambda_s_0,2,12,0.0,1.0,0.2099,2.870827966928482,2.573601084947586,0.2972269058227539,0.18505859375,1.0499788913875818e-05,0.213,2.8804219365119934,2.557793378829956,0.32262856513261795,0.05061287712305784,1.0499788913875818e-05
neural_baseline_lambda_s_0,2,13,0.0,1.0,0.2208,2.8230088353157043,2.541731226444244,0.2812776084989309,0.18203125,1.0499788913875818e-05,0.196,2.8087885975837708,2.5494304895401,0.25935807824134827,0.3035425618290901,1.0499788913875818e-05
neural_baseline_lambda_s_0,2,14,0.0,1.0,0.2108,2.863816720247269,2.5672415673732756,0.29657515734434126,0.173974609375,7.818991871317848e-05,0.209,2.7521352767944336,2.637905478477478,0.11422974802553654,0.6228448301553726,1.0499788913875818e-05
neural_baseline_lambda_s_0,2,15,0.0,1.0,0.2175,2.8135627448558806,2.535109728574753,0.2784530071541667,0.18251953125,1.0499788913875818e-05,0.222,2.750057876110077,2.543458938598633,0.20659895986318588,0.33452317118644714,1.0499788913875818e-05
neural_baseline_lambda_s_0,2,16,0.0,1.0,0.2188,2.830006110668182,2.546637386083603,0.2833687480539083,0.1705078125,1.0499788913875818e-05,0.226,2.879516839981079,2.5761765837669373,0.30334026366472244,0.10045123845338821,1.0499788913875818e-05
neural_baseline_lambda_s_0,2,17,0.0,1.0,0.2212,2.818462097644806,2.5336344301700593,0.2848276771605015,0.16240234375,1.0499788913875818e-05,0.225,2.7754149436950684,2.5445668697357178,0.23084807768464088,0.3625067323446274,1.0499788913875818e-05
neural_baseline_lambda_s_0,2,18,0.0,1.0,0.2266,2.7936041414737702,2.5139022767543793,0.2797018703073263,0.1783203125,1.0499788913875818e-05,0.221,2.751076638698578,2.5699601769447327,0.18111643567681313,0.46060075610876083,1.0499788913875818e-05
neural_baseline_lambda_s_0,2,19,0.0,1.0,0.22,2.8265612006187437,2.5357039630413056,0.2908572379499674,0.1626953125,1.0499788913875818e-05,0.233,2.7366365790367126,2.5630712509155273,0.17356536351144314,0.47780846059322357,1.0499788913875818e-05
neural_baseline_lambda_s_0,2,20,0.0,1.0,0.2329,2.7955408453941346,2.5092737913131713,0.2862670514732599,0.18408203125,1.0499788913875818e-05,0.223,2.7439541816711426,2.619962453842163,0.12399175576865673,0.6457435339689255,1.0499788913875818e-05
neural_baseline_lambda_s_0,2,21,0.0,1.0,0.2289,2.7982620000839233,2.5263998329639437,0.2718621764332056,0.18291015625,1.0499788913875818e-05,0.217,2.814546585083008,2.499108612537384,0.3154379799962044,0.07731680944561958,1.0499788913875818e-05
neural_baseline_lambda_s_0,2,22,0.0,1.0,0.2322,2.770427644252777,2.491292488574982,0.27913516089320184,0.15732421875,1.0499788913875818e-05,0.196,2.907474100589752,2.582698345184326,0.3247757852077484,0.048861799761652946,1.0499788913875818e-05
neural_baseline_lambda_s_0,2,23,0.0,1.0,0.2253,2.794556552171707,2.491412138938904,0.30314442217350007,0.11923828125,1.0499788913875818e-05,0.199,2.8455090522766113,2.541319251060486,0.3041898384690285,0.09755522571504116,1.0499788913875818e-05
neural_baseline_lambda_s_0,2,24,0.0,1.0,0.2351,2.757955002784729,2.4770590543746946,0.28089593201875684,0.1578125,1.0499788913875818e-05,0.231,2.7847741842269897,2.4776272773742676,0.3071468770503998,0.11600889079272747,1.0499788913875818e-05
neural_baseline_lambda_s_0,2,25,0.0,1.0,0.2259,2.7746756792068483,2.485432004928589,0.2892436722293496,0.1521484375,1.0499788913875818e-05,0.213,2.841223359107971,2.5404381155967712,0.3007853031158447,0.09452451579272747,1.0499788913875818e-05
neural_baseline_lambda_s_0,2,26,0.0,1.0,0.2329,2.7821621358394624,2.4908003866672517,0.2913617420941591,0.15302734375,1.0499788913875818e-05,0.189,2.891994059085846,2.56558620929718,0.3264078348875046,0.015153556130826473,1.0499788913875818e-05
neural_baseline_lambda_s_0,2,27,0.0,1.0,0.2321,2.7761459410190583,2.4856571942567824,0.2904887333512306,0.14501953125,1.0499788913875818e-05,0.239,2.7387322187423706,2.428016483783722,0.3107156679034233,0.051117995753884315,1.0499788913875818e-05
neural_baseline_lambda_s_0,2,28,0.0,1.0,0.2338,2.760792338848114,2.47235769033432,0.2884346507489681,0.139453125,1.0499788913875818e-05,0.223,2.730052888393402,2.5064092874526978,0.22364361211657524,0.32671067118644714,1.0499788913875818e-05
neural_baseline_lambda_s_0,2,29,0.0,1.0,0.235,2.75070338845253,2.4668331146240234,0.28387028984725476,0.15908203125,1.0499788913875818e-05,0.226,2.836978018283844,2.5100618600845337,0.3269161283969879,0.044282058253884315,1.0499788913875818e-05
neural_baseline_lambda_s_0,2,30,0.0,1.0,0.2348,2.736920964717865,2.4595938444137575,0.277327137067914,0.15361328125,1.0499788913875818e-05,0.211,2.7979564666748047,2.507713258266449,0.2902432605624199,0.14786503091454506,1.0499788913875818e-05
neural_baseline_lambda_s_0,2,31,0.0,1.0,0.2306,2.785250949859619,2.50069944858551,0.2845515124499798,0.14052734375,1.0499788913875818e-05,0.235,2.6631853580474854,2.527638077735901,0.13554724492132664,0.5524986535310745,1.0499788913875818e-05
neural_baseline_lambda_s_0,2,32,0.0,1.0,0.2355,2.7536327302455903,2.4731205880641935,0.28051213957369325,0.15947265625,1.0499788913875818e-05,0.243,2.683029055595398,2.4383856058120728,0.24464349076151848,0.25235722213983536,1.0499788913875818e-05
neural_baseline_lambda_s_0,2,33,0.0,1.0,0.2336,2.789656764268875,2.496340501308441,0.293316264078021,0.14072265625,1.0499788913875818e-05,0.223,2.799177587032318,2.5158135890960693,0.2833640091121197,0.15352236106991768,1.0499788913875818e-05
neural_baseline_lambda_s_0,2,34,0.0,1.0,0.2331,2.759662014245987,2.474065935611725,0.2855960909277201,0.14140625,1.0499788913875818e-05,0.236,2.794356644153595,2.4674997329711914,0.32685693353414536,0.04562904080376029,1.0499788913875818e-05
neural_baseline_lambda_s_0,2,35,0.0,1.0,0.2392,2.7449967682361605,2.4559790074825285,0.2890177585184574,0.1345703125,1.0499788913875818e-05,0.252,2.7729477286338806,2.4194526076316833,0.35349513590335846,0.027949891984462738,1.0499788913875818e-05
neural_baseline_lambda_s_0,2,36,0.0,1.0,0.2356,2.7833230197429657,2.4802197992801664,0.30310322158038616,0.1193359375,1.0499788913875818e-05,0.241,2.7887725234031677,2.4600130915641785,0.32875948399305344,0.03283270448446274,1.0499788913875818e-05
neural_baseline_lambda_s_0,2,37,0.0,1.0,0.2339,2.7696195423603056,2.468656176328659,0.3009633537381887,0.10859375,1.0499788913875818e-05,0.238,2.652728796005249,2.454508662223816,0.1982201151549816,0.3729458525776863,1.0499788913875818e-05
neural_baseline_lambda_s_0,2,38,0.0,1.0,0.2381,2.757047301530838,2.4707863688468934,0.2862609248608351,0.154541015625,7.818991871317848e-05,0.252,2.8133280873298645,2.4768344163894653,0.33649367839097977,0.027377424761652946,1.0499788913875818e-05
neural_baseline_lambda_s_0,2,39,0.0,1.0,0.2322,2.76876522898674,2.477576953172684,0.29118826277554033,0.13740234375,1.0499788913875818e-05,0.228,2.7414904832839966,2.4965418577194214,0.2449486404657364,0.22016433253884315,1.0499788913875818e-05
neural_baseline_lambda_s_0,2,40,0.0,1.0,0.2337,2.7620231211185455,2.4635754227638245,0.2984477009624243,0.124609375,1.0499788913875818e-05,0.24,2.780646026134491,2.449477195739746,0.3311687931418419,0.02609779080376029,1.0499788913875818e-05
neural_baseline_lambda_s_0,2,41,0.0,1.0,0.2397,2.745477080345154,2.449349933862686,0.2961271442472935,0.1171875,1.0499788913875818e-05,0.235,2.8070642352104187,2.4763224124908447,0.330741822719574,0.04192483797669411,1.0499788913875818e-05
neural_baseline_lambda_s_0,2,42,0.0,1.0,0.2308,2.7815903544425966,2.482792007923126,0.29879835732281207,0.11064453125,1.0499788913875818e-05,0.236,2.795736253261566,2.4480478167533875,0.34768836945295334,0.03340517240576446,1.0499788913875818e-05
neural_baseline_lambda_s_0,2,43,0.0,1.0,0.2386,2.743697261810303,2.447019284963608,0.29667797312140465,0.13193359375,1.0499788913875818e-05,0.252,2.717194139957428,2.4254077076911926,0.29178645461797714,0.08250269293785095,1.0499788913875818e-05
neural_baseline_lambda_s_0,2,44,0.0,1.0,0.2412,2.744747483730316,2.4524619579315186,0.2922855351120234,0.13212890625,1.0499788913875818e-05,0.215,2.76580810546875,2.4789990186691284,0.2868091017007828,0.1366514004766941,1.0499788913875818e-05
neural_baseline_lambda_s_0,2,45,0.0,1.0,0.2444,2.742557924985886,2.4435203433036805,0.2990375690162182,0.13623046875,1.0499788913875818e-05,0.262,2.71109676361084,2.438159763813019,0.27293700724840164,0.2489224150776863,1.0499788913875818e-05
neural_baseline_lambda_s_0,2,46,0.0,1.0,0.227,2.7566237688064574,2.470141500234604,0.2864822555333376,0.14404296875,1.0499788913875818e-05,0.269,2.65841805934906,2.3829553723335266,0.27546264976263046,0.12931034341454506,1.0499788913875818e-05
neural_baseline_lambda_s_0,2,47,0.0,1.0,0.2403,2.718621611595154,2.426046621799469,0.29257500171661377,0.1349609375,1.0499788913875818e-05,0.245,2.6971031427383423,2.4555323123931885,0.2415708266198635,0.26124730706214905,1.0499788913875818e-05
neural_baseline_lambda_s_0,2,48,0.0,1.0,0.2353,2.745714408159256,2.444350266456604,0.3013641431927681,0.1275390625,1.0499788913875818e-05,0.22,2.765328586101532,2.458979904651642,0.30634868890047073,0.09617456793785095,1.0499788913875818e-05
neural_baseline_lambda_s_0,2,49,0.0,1.0,0.2409,2.7204707324504853,2.437202179431915,0.28326854594051837,0.12548828125,1.0499788913875818e-05,0.234,2.764796018600464,2.4672046899795532,0.29759136214852333,0.10028286650776863,1.0499788913875818e-05
neural_baseline_lambda_s_0,2,50,0.0,1.0,0.2318,2.744467681646347,2.4456023454666136,0.29886533655226233,0.1267578125,1.0499788913875818e-05,0.237,2.6804146766662598,2.44338595867157,0.23702874034643173,0.2705414891242981,1.0499788913875818e-05
neural_claq_lambda_s_0_4,2,1,0.4,1.0,0.1163,3.6894557535648347,3.0450955092906953,0.6443602606654167,0.00419921875,1.0499788913875818e-05,0.147,3.2430694103240967,2.8046767711639404,0.43839266896247864,0.0,1.0499788913875818e-05
neural_claq_lambda_s_0_4,2,2,0.4,1.0,0.1733,3.0919898450374603,2.7174619674682616,0.3745278730988503,0.0,1.0499788913875818e-05,0.192,2.9974085092544556,2.6659184098243713,0.3314901664853096,0.0,1.0499788913875818e-05
neural_claq_lambda_s_0_4,2,3,0.4,1.0,0.1883,3.0126861095428468,2.6493419408798218,0.3633441522717476,0.0,1.0499788913875818e-05,0.199,2.991298496723175,2.6469976902008057,0.3443007916212082,0.0,1.0499788913875818e-05
neural_claq_lambda_s_0_4,2,4,0.4,1.0,0.1957,2.9908839643001555,2.6332209706306458,0.3576629802584648,0.0,1.0499788913875818e-05,0.204,2.9907326102256775,2.6216026544570923,0.3691299930214882,0.0,1.0499788913875818e-05
neural_claq_lambda_s_0_4,2,5,0.4,1.0,0.1994,2.9701927065849305,2.620756930112839,0.3494357902556658,0.0,1.0499788913875818e-05,0.196,2.946630358695984,2.6024311780929565,0.34419918805360794,0.0,1.0499788913875818e-05
neural_claq_lambda_s_0_4,2,6,0.4,1.0,0.1974,2.9690602123737335,2.6111842811107637,0.35787593722343447,0.0,1.0499788913875818e-05,0.218,2.9456546306610107,2.594879448413849,0.35077521950006485,0.0,1.0499788913875818e-05
neural_claq_lambda_s_0_4,2,7,0.4,1.0,0.2053,2.940917891263962,2.594657337665558,0.3462605677545071,0.0,1.0499788913875818e-05,0.21,2.937930405139923,2.5683136582374573,0.36961670964956284,0.0,1.0499788913875818e-05
neural_claq_lambda_s_0_4,2,8,0.4,1.0,0.2089,2.9233084201812742,2.5750990748405456,0.348209348320961,0.0,1.0499788913875818e-05,0.203,2.9204951524734497,2.589866578578949,0.3306285962462425,0.0,1.0499788913875818e-05
neural_claq_lambda_s_0_4,2,9,0.4,1.0,0.2138,2.911282604932785,2.562435919046402,0.34884669706225396,0.0,1.0499788913875818e-05,0.211,2.9437026977539062,2.577207326889038,0.36649535596370697,0.0,1.0499788913875818e-05
neural_claq_lambda_s_0_4,2,10,0.4,1.0,0.2072,2.936163288354874,2.5827274441719057,0.3534358374774456,0.0,1.0499788913875818e-05,0.232,2.9214746356010437,2.5864577293395996,0.3350169509649277,0.0,1.0499788913875818e-05
neural_claq_lambda_s_0_4,2,11,0.4,1.0,0.2203,2.8893577814102174,2.5410919785499573,0.3482658050954342,0.0,1.0499788913875818e-05,0.231,2.952196776866913,2.599298119544983,0.35289861261844635,0.0,1.0499788913875818e-05
neural_claq_lambda_s_0_4,2,12,0.4,1.0,0.213,2.905785399675369,2.55177845954895,0.35400694981217384,0.0,1.0499788913875818e-05,0.217,2.8900923132896423,2.54760879278183,0.3424835279583931,0.0,1.0499788913875818e-05
neural_claq_lambda_s_0_4,2,13,0.4,1.0,0.2287,2.8704902708530424,2.5299238681793215,0.34056641459465026,0.0,1.0499788913875818e-05,0.198,2.915809154510498,2.566883146762848,0.34892597049474716,0.0,1.0499788913875818e-05
neural_claq_lambda_s_0_4,2,14,0.4,1.0,0.2172,2.897910314798355,2.5454667627811434,0.3524435587227345,0.0,1.0499788913875818e-05,0.205,2.9311134815216064,2.5901992321014404,0.3409142643213272,0.0,1.0499788913875818e-05
neural_claq_lambda_s_0_4,2,15,0.4,1.0,0.2236,2.8523952305316924,2.5132819056510924,0.33911331593990324,0.0,1.0499788913875818e-05,0.233,2.8443607091903687,2.5024418234825134,0.34191882610321045,0.0,1.0499788913875818e-05
neural_claq_lambda_s_0_4,2,16,0.4,1.0,0.223,2.8648804128170013,2.5202087342739103,0.3446716845035553,0.0,1.0499788913875818e-05,0.225,2.8782461285591125,2.5512742400169373,0.3269718810915947,0.0,1.0499788913875818e-05
neural_claq_lambda_s_0_4,2,17,0.4,1.0,0.2247,2.8655153691768644,2.521924889087677,0.3435904890298843,0.0,1.0499788913875818e-05,0.225,2.8830828070640564,2.517136573791504,0.36594627797603607,0.0,1.0499788913875818e-05
neural_claq_lambda_s_0_4,2,18,0.4,1.0,0.2321,2.8486138761043547,2.506030261516571,0.34258362129330633,0.0,1.0499788913875818e-05,0.218,2.8739424347877502,2.5299198627471924,0.3440225347876549,0.0,1.0499788913875818e-05
neural_claq_lambda_s_0_4,2,19,0.4,1.0,0.2233,2.872346317768097,2.524742233753204,0.34760407730937004,0.0,1.0499788913875818e-05,0.219,2.9052672386169434,2.548268735408783,0.3569984957575798,0.0,1.0499788913875818e-05
neural_claq_lambda_s_0_4,2,20,0.4,1.0,0.2327,2.8532672345638277,2.505895584821701,0.3473716251552105,0.0,7.818991871317848e-05,0.209,2.927742660045624,2.57626211643219,0.35148055106401443,0.0,1.0499788913875818e-05
neural_claq_lambda_s_0_4,2,21,0.4,1.0,0.2289,2.8475243151187897,2.509554296731949,0.33797001391649245,0.0,1.0499788913875818e-05,0.213,2.8531304001808167,2.5123892426490784,0.3407411128282547,0.0,1.0499788913875818e-05
neural_claq_lambda_s_0_4,2,22,0.4,1.0,0.2314,2.8285332143306734,2.4853755056858065,0.3431577183306217,0.0,1.0499788913875818e-05,0.211,2.883985161781311,2.5423861145973206,0.3415990248322487,0.0,1.0499788913875818e-05
neural_claq_lambda_s_0_4,2,23,0.4,1.0,0.2283,2.827329379320145,2.48483527302742,0.3424941122531891,0.0,1.0499788913875818e-05,0.237,2.8309722542762756,2.4998855590820312,0.33108673989772797,0.0,1.0499788913875818e-05
neural_claq_lambda_s_0_4,2,24,0.4,1.0,0.2323,2.801623505353928,2.4641389429569243,0.3374845739454031,0.0,1.0499788913875818e-05,0.231,2.8308019042015076,2.4892818331718445,0.3415200263261795,0.0,1.0499788913875818e-05
neural_claq_lambda_s_0_4,2,25,0.4,1.0,0.2282,2.8245865523815157,2.485379326343536,0.33920721858739855,0.0,1.0499788913875818e-05,0.222,2.8629406094551086,2.5276591777801514,0.3352814167737961,0.0,1.0499788913875818e-05
neural_claq_lambda_s_0_4,2,26,0.4,1.0,0.2303,2.8229555189609528,2.4772462487220763,0.3457092486321926,0.0,1.0499788913875818e-05,0.2,2.885912835597992,2.5542033314704895,0.33170953392982483,0.0,1.0499788913875818e-05
neural_claq_lambda_s_0_4,2,27,0.4,1.0,0.2287,2.809726816415787,2.4688246726989744,0.34090213254094126,0.0,1.0499788913875818e-05,0.249,2.7648134231567383,2.4358434081077576,0.3289700523018837,0.0,1.0499788913875818e-05
neural_claq_lambda_s_0_4,2,28,0.4,1.0,0.2364,2.7979127049446104,2.461074930429459,0.3368377834558487,0.0,1.0499788913875818e-05,0.22,2.807179808616638,2.4621078968048096,0.34507185220718384,0.0,1.0499788913875818e-05
neural_claq_lambda_s_0_4,2,29,0.4,1.0,0.2307,2.79435418844223,2.454999512434006,0.3393546737730503,0.0,1.0499788913875818e-05,0.234,2.8390379548072815,2.5030680298805237,0.335969939827919,0.0,1.0499788913875818e-05
neural_claq_lambda_s_0_4,2,30,0.4,1.0,0.2371,2.797981321811676,2.4620344817638395,0.3359468407928944,0.0,7.818991871317848e-05,0.237,2.8356646299362183,2.495747745037079,0.339916855096817,0.0,1.0499788913875818e-05
neural_claq_lambda_s_0_4,2,31,0.4,1.0,0.232,2.8352445363998413,2.4976396203041076,0.33760488629341123,0.0,1.0499788913875818e-05,0.231,2.7902111411094666,2.462752640247345,0.3274585008621216,0.0,1.0499788913875818e-05
neural_claq_lambda_s_0_4,2,32,0.4,1.0,0.2352,2.8080642580986024,2.4686998069286346,0.33936444744467736,0.0,1.0499788913875818e-05,0.229,2.7597236037254333,2.419272482395172,0.3404511362314224,0.0,1.0499788913875818e-05
neural_claq_lambda_s_0_4,2,33,0.4,1.0,0.2271,2.8322248995304107,2.488322788476944,0.34390209764242174,0.0,1.0499788913875818e-05,0.215,2.8336333632469177,2.4989065527915955,0.33472681790590286,0.0,1.0499788913875818e-05
neural_claq_lambda_s_0_4,2,34,0.4,1.0,0.2387,2.803547942638397,2.461187642812729,0.3423603124916553,0.0,1.0499788913875818e-05,0.23,2.8751561641693115,2.5232707858085632,0.3518853560090065,0.0,1.0499788913875818e-05
neural_claq_lambda_s_0_4,2,35,0.4,1.0,0.2365,2.7798111975193023,2.4416835427284242,0.3381276624277234,0.0,1.0499788913875818e-05,0.266,2.7891106605529785,2.4251659512519836,0.36394472420215607,0.0,1.0499788913875818e-05
neural_claq_lambda_s_0_4,2,36,0.4,1.0,0.2303,2.806393897533417,2.4654270470142365,0.34096684083342554,0.0,1.0499788913875818e-05,0.225,2.8160756826400757,2.4707013368606567,0.34537432342767715,0.0,1.0499788913875818e-05
neural_claq_lambda_s_0_4,2,37,0.4,1.0,0.2334,2.808422714471817,2.467408984899521,0.3410137265920639,0.0,1.0499788913875818e-05,0.219,2.8076189160346985,2.473167657852173,0.33445125818252563,0.0,1.0499788913875818e-05
neural_claq_lambda_s_0_4,2,38,0.4,1.0,0.2384,2.8025857746601104,2.463612473011017,0.3389733016490936,0.0,1.0499788913875818e-05,0.243,2.8258809447288513,2.477787494659424,0.3480934500694275,0.0,1.0499788913875818e-05
neural_claq_lambda_s_0_4,2,39,0.4,1.0,0.2368,2.797096389532089,2.4588122963905334,0.3382841069251299,0.0,1.0499788913875818e-05,0.234,2.8463571667671204,2.514151692390442,0.33220546692609787,0.0,1.0499788913875818e-05
neural_claq_lambda_s_0_4,2,40,0.4,1.0,0.2339,2.7956948578357697,2.456998497247696,0.33869635201990606,0.0,1.0499788913875818e-05,0.228,2.7932199835777283,2.454971671104431,0.33824823796749115,0.0,1.0499788913875818e-05
neural_claq_lambda_s_0_4,2,41,0.4,1.0,0.2372,2.77916334271431,2.444258099794388,0.3349052362143993,0.0,1.0499788913875818e-05,0.239,2.7854000329971313,2.4532400965690613,0.33215997368097305,0.0,1.0499788913875818e-05
neural_claq_lambda_s_0_4,2,42,0.4,1.0,0.2351,2.799940991401672,2.4632745742797852,0.3366664096713066,0.0,1.0499788913875818e-05,0.242,2.8589584827423096,2.497373580932617,0.3615849167108536,0.0,1.0499788913875818e-05
neural_claq_lambda_s_0_4,2,43,0.4,1.0,0.2368,2.7838444292545317,2.4431005477905274,0.3407438829541206,0.0,7.818991871317848e-05,0.253,2.773258864879608,2.4564632773399353,0.31679561734199524,0.0,1.0499788913875818e-05
neural_claq_lambda_s_0_4,2,44,0.4,1.0,0.2361,2.7958962678909303,2.45652694106102,0.3393693320453167,0.0,1.0499788913875818e-05,0.227,2.8128966689109802,2.4793920516967773,0.3335045725107193,0.0,1.0499788913875818e-05
neural_claq_lambda_s_0_4,2,45,0.4,1.0,0.2441,2.791377145051956,2.4508602201938627,0.3405169226229191,0.0,1.0499788913875818e-05,0.251,2.732001483440399,2.3869417905807495,0.3450597673654556,0.0,1.0499788913875818e-05
neural_claq_lambda_s_0_4,2,46,0.4,1.0,0.2266,2.816073936223984,2.475267606973648,0.3408063255250454,0.0,1.0499788913875818e-05,0.257,2.727953851222992,2.398208796977997,0.32974498718976974,0.0,1.0499788913875818e-05
neural_claq_lambda_s_0_4,2,47,0.4,1.0,0.2397,2.760698527097702,2.421533000469208,0.3391655057668686,0.0,1.0499788913875818e-05,0.245,2.780186116695404,2.4419840574264526,0.3382020965218544,0.0,1.0499788913875818e-05
neural_claq_lambda_s_0_4,2,48,0.4,1.0,0.2339,2.775861781835556,2.434818077087402,0.34104369953274727,0.0,1.0499788913875818e-05,0.223,2.8225587010383606,2.494650721549988,0.32790806144475937,0.0,1.0499788913875818e-05
neural_claq_lambda_s_0_4,2,49,0.4,1.0,0.2407,2.764014279842377,2.4342325627803802,0.3297817163169384,0.0,1.0499788913875818e-05,0.236,2.7772210240364075,2.458998739719391,0.3182222470641136,0.0,1.0499788913875818e-05
neural_claq_lambda_s_0_4,2,50,0.4,1.0,0.2345,2.7891896963119507,2.447555136680603,0.3416345614939928,0.0,1.0499788913875818e-05,0.242,2.7872979044914246,2.4438071846961975,0.34349069744348526,0.0,1.0499788913875818e-05
neural_baseline_lambda_s_0,3,1,0.0,1.0,0.1204,3.526208996772766,2.9749943733215334,0.5512146323919296,0.03212890625,1.0499788913875818e-05,0.163,3.149598777294159,2.786562204360962,0.3630365878343582,0.13005118444561958,1.0499788913875818e-05
neural_baseline_lambda_s_0,3,2,0.0,1.0,0.1727,3.0759759187698363,2.746792882680893,0.32918304204940796,0.134375,1.0499788913875818e-05,0.18,3.0169586539268494,2.676610827445984,0.34034784883260727,0.03360721981152892,1.0499788913875818e-05
neural_baseline_lambda_s_0,3,3,0.0,1.0,0.1961,2.960236442089081,2.6497433364391325,0.31049312390387057,0.16220703125,1.0499788913875818e-05,0.186,2.937268853187561,2.625511407852173,0.3117574453353882,0.15766433253884315,1.0499788913875818e-05
neural_baseline_lambda_s_0,3,4,0.0,1.0,0.1965,2.972485160827637,2.6548702299594877,0.31761493124067786,0.13720703125,1.0499788913875818e-05,0.188,2.885832965373993,2.697591722011566,0.18824129551649094,0.4844760298728943,1.0499788913875818e-05
neural_baseline_lambda_s_0,3,5,0.0,1.0,0.2048,2.920772898197174,2.610172951221466,0.31059994697570803,0.158984375,1.0499788913875818e-05,0.199,2.9147949814796448,2.578808307647705,0.3359866365790367,0.043978987261652946,1.0499788913875818e-05
neural_baseline_lambda_s_0,3,6,0.0,1.0,0.202,2.912820261716843,2.617429381608963,0.2953909011557698,0.1619140625,1.0499788913875818e-05,0.188,2.995276689529419,2.628399670124054,0.36687707155942917,0.058930495753884315,1.0499788913875818e-05
neural_baseline_lambda_s_0,3,7,0.0,1.0,0.2064,2.900377541780472,2.5939005494117735,0.3064769793301821,0.153125,1.0499788913875818e-05,0.186,2.904134154319763,2.574604332447052,0.3295298218727112,0.046134158968925476,1.0499788913875818e-05
neural_baseline_lambda_s_0,3,8,0.0,1.0,0.2047,2.883184200525284,2.5911899983882902,0.29199418872594834,0.15634765625,1.0499788913875818e-05,0.208,2.8376137614250183,2.580758810043335,0.25685495510697365,0.23131061345338821,1.0499788913875818e-05
neural_baseline_lambda_s_0,3,9,0.0,1.0,0.205,2.8781351447105408,2.579894894361496,0.2982402443885803,0.17373046875,1.0499788913875818e-05,0.21,2.8650074005126953,2.5475505590438843,0.31745681911706924,0.09637661650776863,1.0499788913875818e-05
neural_baseline_lambda_s_0,3,10,0.0,1.0,0.2153,2.8603855669498444,2.57055601477623,0.28982954220846296,0.18203125,1.0499788913875818e-05,0.211,2.8630555868148804,2.6061556935310364,0.2568998485803604,0.1983095370233059,1.0499788913875818e-05
neural_baseline_lambda_s_0,3,11,0.0,1.0,0.2175,2.849391847848892,2.5649749398231507,0.28441691137850283,0.1802734375,1.0499788913875818e-05,0.191,2.8649644255638123,2.625577688217163,0.23938675969839096,0.3115571141242981,1.0499788913875818e-05
neural_baseline_lambda_s_0,3,12,0.0,1.0,0.2132,2.860527241230011,2.561748993396759,0.2987782692536712,0.1728515625,1.0499788913875818e-05,0.206,2.8589102029800415,2.5997639298439026,0.259146261960268,0.2732691243290901,1.0499788913875818e-05
neural_baseline_lambda_s_0,3,13,0.0,1.0,0.2208,2.853535807132721,2.5625923335552216,0.2909434627741575,0.16640625,1.0499788913875818e-05,0.223,2.881811797618866,2.551194489002228,0.330617293715477,0.03556034481152892,1.0499788913875818e-05
neural_baseline_lambda_s_0,3,14,0.0,1.0,0.2205,2.833996903896332,2.5411188662052155,0.2928780360147357,0.14990234375,1.0499788913875818e-05,0.204,2.8874669075012207,2.589215874671936,0.2982510104775429,0.10216864198446274,1.0499788913875818e-05
neural_baseline_lambda_s_0,3,15,0.0,1.0,0.2197,2.8505416750907897,2.54372780919075,0.3068138636648655,0.1283203125,1.0499788913875818e-05,0.211,2.7650439739227295,2.577860176563263,0.18718377128243446,0.3253636881709099,1.0499788913875818e-05
neural_baseline_lambda_s_0,3,16,0.0,1.0,0.2201,2.816333991289139,2.5285860002040863,0.28774797841906546,0.165625,1.0499788913875818e-05,0.234,2.881217658519745,2.54842871427536,0.33278898149728775,0.05158943962305784,1.0499788913875818e-05
neural_baseline_lambda_s_0,3,17,0.0,1.0,0.2265,2.8298446357250215,2.5281475722789764,0.3016970559954643,0.12109375,1.0499788913875818e-05,0.229,2.870419919490814,2.5357877612113953,0.3346322029829025,0.03508890047669411,1.0499788913875818e-05
neural_baseline_lambda_s_0,3,18,0.0,1.0,0.226,2.848477417230606,2.5403432965278627,0.30813412331044676,0.1115234375,1.0499788913875818e-05,0.217,2.854629337787628,2.5664931535720825,0.2881361171603203,0.12392241321504116,1.0499788913875818e-05
neural_baseline_lambda_s_0,3,19,0.0,1.0,0.2312,2.8005129039287566,2.500630706548691,0.29988220110535624,0.12666015625,1.0499788913875818e-05,0.217,2.859742820262909,2.520150125026703,0.33959271758794785,0.015052532311528921,1.0499788913875818e-05
neural_baseline_lambda_s_0,3,20,0.0,1.0,0.2247,2.813407725095749,2.523937201499939,0.28947050794959067,0.11767578125,1.0499788913875818e-05,0.258,2.793757140636444,2.4643989205360413,0.32935815304517746,0.02188846981152892,1.0499788913875818e-05
neural_baseline_lambda_s_0,3,21,0.0,1.0,0.2263,2.802896445989609,2.505653601884842,0.29724283032119275,0.129296875,1.0499788913875818e-05,0.216,2.854910433292389,2.527520000934601,0.3273904547095299,0.04408001061528921,1.0499788913875818e-05
neural_baseline_lambda_s_0,3,22,0.0,1.0,0.2231,2.818949341773987,2.5166701436042787,0.3022791977971792,0.1130859375,1.0499788913875818e-05,0.209,2.779413640499115,2.5532036423683167,0.22620998322963715,0.27374056726694107,1.0499788913875818e-05
neural_baseline_lambda_s_0,3,23,0.0,1.0,0.23,2.8198321580886843,2.5197849750518797,0.30004718117415907,0.13955078125,1.0499788913875818e-05,0.234,2.665195643901825,2.546073019504547,0.11912268400192261,0.6130792051553726,1.0499788913875818e-05
neural_baseline_lambda_s_0,3,24,0.0,1.0,0.2276,2.802274739742279,2.5132531225681305,0.28902160078287126,0.13056640625,1.0499788913875818e-05,0.236,2.761091411113739,2.507352828979492,0.25373850390315056,0.2323208525776863,1.0499788913875818e-05
neural_baseline_lambda_s_0,3,25,0.0,1.0,0.2334,2.775650954246521,2.47479966878891,0.30085128620266915,0.12236328125,1.0499788913875818e-05,0.238,2.762811243534088,2.4496572613716125,0.3131539523601532,0.03997171297669411,1.0499788913875818e-05
neural_baseline_lambda_s_0,3,26,0.0,1.0,0.2365,2.763185566663742,2.464083394408226,0.29910216070711615,0.12705078125,1.0499788913875818e-05,0.242,2.7352498173713684,2.4493191242218018,0.28593067824840546,0.17133620753884315,1.0499788913875818e-05
neural_baseline_lambda_s_0,3,27,0.0,1.0,0.2364,2.78873028755188,2.4959379911422728,0.29279229417443275,0.134375,1.0499788913875818e-05,0.234,2.7944315671920776,2.48485791683197,0.30957362055778503,0.06899919174611568,1.0499788913875818e-05
neural_baseline_lambda_s_0,3,28,0.0,1.0,0.226,2.8091627240180967,2.4967248916625975,0.31243785060942175,0.10966796875,1.0499788913875818e-05,0.206,2.864882171154022,2.5528247356414795,0.31205741316080093,0.015456627123057842,1.0499788913875818e-05
neural_baseline_lambda_s_0,3,29,0.0,1.0,0.2346,2.777211332321167,2.477074110507965,0.30013721249997616,0.1177734375,1.0499788913875818e-05,0.233,2.7922245860099792,2.4670181274414062,0.3252064287662506,0.024346712976694107,1.0499788913875818e-05
neural_baseline_lambda_s_0,3,30,0.0,1.0,0.2311,2.7828698813915254,2.4840264141559603,0.29884344302117827,0.1201171875,1.0499788913875818e-05,0.246,2.764590620994568,2.48250412940979,0.282086580991745,0.12931034341454506,1.0499788913875818e-05
neural_baseline_lambda_s_0,3,31,0.0,1.0,0.2286,2.7893086791038515,2.4814308524131774,0.30787784829735754,0.116015625,1.0499788913875818e-05,0.219,2.7670029401779175,2.4602884650230408,0.3067145198583603,0.07603717595338821,1.0499788913875818e-05
neural_baseline_lambda_s_0,3,32,0.0,1.0,0.2346,2.7690483212471007,2.4721877455711363,0.2968605846166611,0.12255859375,1.0499788913875818e-05,0.232,2.7472751140594482,2.5269932746887207,0.22028183564543724,0.33236799389123917,1.0499788913875818e-05
neural_baseline_lambda_s_0,3,33,0.0,1.0,0.2377,2.757861590385437,2.4605307817459106,0.2973308105021715,0.126953125,1.0499788913875818e-05,0.224,2.737597942352295,2.544985771179199,0.1926121637225151,0.37156519293785095,1.0499788913875818e-05
neural_baseline_lambda_s_0,3,34,0.0,1.0,0.2303,2.7670374274253846,2.4623749554157257,0.3046624634414911,0.11474609375,1.0499788913875818e-05,0.233,2.6734145283699036,2.474741578102112,0.19867297634482384,0.3260034993290901,1.0499788913875818e-05
neural_baseline_lambda_s_0,3,35,0.0,1.0,0.2373,2.7699023365974424,2.4842933833599092,0.28560895621776583,0.15546875,1.0499788913875818e-05,0.226,2.68259859085083,2.5397056937217712,0.14289292320609093,0.5126953125,1.0499788913875818e-05
neural_baseline_lambda_s_0,3,36,0.0,1.0,0.2417,2.7472207844257355,2.445901095867157,0.3013196840882301,0.13994140625,7.818991871317848e-05,0.253,2.6775354146957397,2.458029627799988,0.21950579062104225,0.2736395448446274,1.0499788913875818e-05
neural_baseline_lambda_s_0,3,37,0.0,1.0,0.2354,2.7716380178928377,2.4762628197669985,0.2953751962631941,0.13486328125,1.0499788913875818e-05,0.239,2.772906184196472,2.5571436882019043,0.21576254069805145,0.3380590006709099,1.0499788913875818e-05
neural_baseline_lambda_s_0,3,38,0.0,1.0,0.2352,2.7687962651252747,2.478209209442139,0.2905870653688908,0.139453125,1.0499788913875818e-05,0.254,2.7903043627738953,2.491122782230377,0.29918161034584045,0.11570581793785095,1.0499788913875818e-05
neural_baseline_lambda_s_0,3,39,0.0,1.0,0.235,2.7609656274318697,2.4552295327186586,0.3057360850274563,0.12138671875,1.0499788913875818e-05,0.247,2.6564889550209045,2.506139636039734,0.15034927427768707,0.5012796372175217,1.0499788913875818e-05
neural_baseline_lambda_s_0,3,40,0.0,1.0,0.2418,2.7564194202423096,2.46721333861351,0.2892060801386833,0.1580078125,1.0499788913875818e-05,0.205,2.8145872354507446,2.5158379673957825,0.29874925315380096,0.10886988043785095,1.0499788913875818e-05
neural_baseline_lambda_s_0,3,41,0.0,1.0,0.2405,2.743930447101593,2.4537211298942565,0.29020931124687194,0.134765625,1.0499788913875818e-05,0.213,2.822361409664154,2.4929518699645996,0.32940956205129623,0.03626751061528921,1.0499788913875818e-05
neural_baseline_lambda_s_0,3,42,0.0,1.0,0.2429,2.7361073911190035,2.4439906179904938,0.29211677685379983,0.12978515625,1.0499788913875818e-05,0.233,2.768207311630249,2.4318454265594482,0.33636192977428436,0.06273572146892548,1.0499788913875818e-05
neural_baseline_lambda_s_0,3,43,0.0,1.0,0.2486,2.7200531721115113,2.429363179206848,0.29068998508155347,0.12646484375,1.0499788913875818e-05,0.218,2.8439279198646545,2.510891914367676,0.33303602039813995,0.04603313561528921,1.0499788913875818e-05
neural_baseline_lambda_s_0,3,44,0.0,1.0,0.241,2.7560698807239534,2.4612799525260924,0.294789919257164,0.12646484375,1.0499788913875818e-05,0.229,2.7788822054862976,2.45867121219635,0.3202109783887863,0.06869612075388432,1.0499788913875818e-05
neural_baseline_lambda_s_0,3,45,0.0,1.0,0.2394,2.7526582062244414,2.455984854698181,0.29667334333062173,0.10947265625,1.0499788913875818e-05,0.242,2.6661911010742188,2.5117046236991882,0.154486496001482,0.47433997690677643,1.0499788913875818e-05
neural_baseline_lambda_s_0,3,46,0.0,1.0,0.2485,2.739535814523697,2.4396094024181365,0.2999264106154442,0.12880859375,1.0499788913875818e-05,0.238,2.745920777320862,2.491388440132141,0.2545323632657528,0.2502020448446274,1.0499788913875818e-05
neural_baseline_lambda_s_0,3,47,0.0,1.0,0.2439,2.7435070276260376,2.4443597733974456,0.2991472650319338,0.13466796875,1.0499788913875818e-05,0.216,2.7953913807868958,2.47656911611557,0.31882230192422867,0.04943426698446274,1.0499788913875818e-05
neural_baseline_lambda_s_0,3,48,0.0,1.0,0.2485,2.7247250199317934,2.440628319978714,0.28409669175744057,0.1337890625,1.0499788913875818e-05,0.258,2.755377769470215,2.4435291290283203,0.31184861809015274,0.04310344811528921,1.0499788913875818e-05
neural_baseline_lambda_s_0,3,49,0.0,1.0,0.2368,2.7513436377048492,2.453224831819534,0.29811879359185695,0.127734375,7.818991871317848e-05,0.223,2.7939454317092896,2.439808487892151,0.35413699597120285,0.011146282311528921,1.0499788913875818e-05
neural_baseline_lambda_s_0,3,50,0.0,1.0,0.2396,2.7284740269184113,2.4249986499547957,0.3034753706306219,0.09501953125,1.0499788913875818e-05,0.246,2.7628186345100403,2.4832448959350586,0.279573705047369,0.15150188654661179,1.0499788913875818e-05
neural_claq_lambda_s_0_4,3,1,0.4,1.0,0.12,3.5649140059947966,2.9891001880168915,0.5758138284087181,0.0005859375,1.0499788913875818e-05,0.146,3.2231284976005554,2.826279878616333,0.3968486189842224,0.0,1.0499788913875818e-05
neural_claq_lambda_s_0_4,3,2,0.4,1.0,0.1725,3.0937704026699064,2.7251354932785032,0.3686349056661129,0.0,1.0499788913875818e-05,0.174,3.0552252531051636,2.6987823843955994,0.3564428761601448,0.0,1.0499788913875818e-05
neural_claq_lambda_s_0_4,3,3,0.4,1.0,0.1866,3.0298231184482574,2.67665176987648,0.35317136235535146,0.0,1.0499788913875818e-05,0.193,3.001552939414978,2.645852208137512,0.3557007759809494,0.0,1.0499788913875818e-05
neural_claq_lambda_s_0_4,3,4,0.4,1.0,0.1963,3.0120568454265593,2.656951457262039,0.3551053874194622,0.0,1.0499788913875818e-05,0.178,2.9983348846435547,2.6629947423934937,0.33534014225006104,0.0,1.0499788913875818e-05
neural_claq_lambda_s_0_4,3,5,0.4,1.0,0.2069,2.9625748872756956,2.6087681353092194,0.35380676835775376,0.0,1.0499788913875818e-05,0.189,2.9813089966773987,2.648367404937744,0.33294156938791275,0.0,1.0499788913875818e-05
neural_claq_lambda_s_0_4,3,6,0.4,1.0,0.1973,2.9572527527809145,2.6124336183071137,0.34481914825737475,0.0,1.0499788913875818e-05,0.19,3.008332669734955,2.6308056116104126,0.3775270879268646,0.0,1.0499788913875818e-05
neural_claq_lambda_s_0_4,3,7,0.4,1.0,0.2014,2.952576619386673,2.602394223213196,0.35018240436911585,0.0,1.0499788913875818e-05,0.188,2.936565101146698,2.5831719636917114,0.3533931076526642,0.0,1.0499788913875818e-05
neural_claq_lambda_s_0_4,3,8,0.4,1.0,0.2016,2.921768546104431,2.579520124197006,0.34224842116236687,0.0,1.0499788913875818e-05,0.199,2.9036972522735596,2.583254396915436,0.32044293731451035,0.0,1.0499788913875818e-05
neural_claq_lambda_s_0_4,3,9,0.4,1.0,0.2031,2.9318747520446777,2.577390033006668,0.3544847100973129,0.0,1.0499788913875818e-05,0.203,2.880359709262848,2.54105544090271,0.3393043130636215,0.0,1.0499788913875818e-05
neural_claq_lambda_s_0_4,3,10,0.4,1.0,0.2105,2.90933552980423,2.5665455222129823,0.3427899919450283,0.0,1.0499788913875818e-05,0.219,2.9147340655326843,2.582747220993042,0.33198685944080353,0.0,1.0499788913875818e-05
neural_claq_lambda_s_0_4,3,11,0.4,1.0,0.2153,2.8989349842071532,2.5532457530498505,0.34568923711776733,0.0,1.0499788913875818e-05,0.203,2.9376091957092285,2.6049798727035522,0.3326293081045151,0.0,1.0499788913875818e-05
neural_claq_lambda_s_0_4,3,12,0.4,1.0,0.2188,2.9035325229167936,2.5523197770118715,0.3512127373367548,0.0,1.0499788913875818e-05,0.222,2.8935041427612305,2.5421818494796753,0.3513222858309746,0.0,1.0499788913875818e-05
neural_claq_lambda_s_0_4,3,13,0.4,1.0,0.2213,2.881700021028519,2.5357792019844054,0.3459208145737648,0.0,1.0499788913875818e-05,0.241,2.8662062287330627,2.5260130763053894,0.34019313007593155,0.0,1.0499788913875818e-05
neural_claq_lambda_s_0_4,3,14,0.4,1.0,0.2241,2.8757570922374724,2.5267786264419554,0.3489784516394138,0.0,1.0499788913875818e-05,0.204,2.913327634334564,2.576971173286438,0.3363565057516098,0.0,1.0499788913875818e-05
neural_claq_lambda_s_0_4,3,15,0.4,1.0,0.2185,2.8737323582172394,2.5179010808467863,0.35583126097917556,0.0,1.0499788913875818e-05,0.207,2.86175274848938,2.5420457124710083,0.3197070062160492,0.0,1.0499788913875818e-05
neural_claq_lambda_s_0_4,3,16,0.4,1.0,0.2226,2.8736092805862428,2.529542177915573,0.3440670996904373,0.0,1.0499788913875818e-05,0.239,2.8665273189544678,2.523073673248291,0.3434536084532738,0.0,1.0499788913875818e-05
neural_claq_lambda_s_0_4,3,17,0.4,1.0,0.2278,2.8611766755580903,2.5146674036979677,0.3465092696249485,0.0,1.0499788913875818e-05,0.222,2.880196511745453,2.5348235964775085,0.34537287801504135,0.0,1.0499788913875818e-05
neural_claq_lambda_s_0_4,3,18,0.4,1.0,0.2323,2.861627334356308,2.5162533104419706,0.34537401124835015,0.0,1.0499788913875818e-05,0.226,2.909309208393097,2.5683801770210266,0.3409290164709091,0.0,1.0499788913875818e-05
neural_claq_lambda_s_0_4,3,19,0.4,1.0,0.2294,2.8392756164073942,2.4937028646469117,0.34557274281978606,0.0,1.0499788913875818e-05,0.239,2.8578253388404846,2.515551269054413,0.3422740548849106,0.0,1.0499788913875818e-05
neural_claq_lambda_s_0_4,3,20,0.4,1.0,0.228,2.8461660027503966,2.511539322137833,0.3346266720443964,0.0,1.0499788913875818e-05,0.261,2.8349196910858154,2.497838795185089,0.3370809182524681,0.0,1.0499788913875818e-05
neural_claq_lambda_s_0_4,3,21,0.4,1.0,0.2289,2.850058043003082,2.504263514280319,0.3457945391535759,0.0,1.0499788913875818e-05,0.231,2.8286765813827515,2.4904961585998535,0.33818040788173676,0.0,1.0499788913875818e-05
neural_claq_lambda_s_0_4,3,22,0.4,1.0,0.2272,2.8429692149162293,2.49909508228302,0.343874142318964,0.0,1.0499788913875818e-05,0.223,2.8253846168518066,2.5063847303390503,0.31899990886449814,0.0,1.0499788913875818e-05
neural_claq_lambda_s_0_4,3,23,0.4,1.0,0.2286,2.854417842626572,2.5072219729423524,0.3471958704292774,0.0,1.0499788913875818e-05,0.234,2.847663462162018,2.5146780014038086,0.3329854682087898,0.0,1.0499788913875818e-05
neural_claq_lambda_s_0_4,3,24,0.4,1.0,0.2336,2.8421883404254915,2.4977637588977815,0.34442458003759385,0.0,1.0499788913875818e-05,0.234,2.863005757331848,2.5188958644866943,0.3441099002957344,0.0,1.0499788913875818e-05
neural_claq_lambda_s_0_4,3,25,0.4,1.0,0.2339,2.808323246240616,2.4642092049121858,0.34411403685808184,0.0,1.0499788913875818e-05,0.245,2.808646082878113,2.485478103160858,0.32316794246435165,0.0,1.0499788913875818e-05
neural_claq_lambda_s_0_4,3,26,0.4,1.0,0.233,2.8048142433166503,2.4644071459770203,0.34040710851550104,0.0,1.0499788913875818e-05,0.238,2.80743008852005,2.4773078560829163,0.3301222026348114,0.0,1.0499788913875818e-05
neural_claq_lambda_s_0_4,3,27,0.4,1.0,0.2318,2.8298897743225098,2.4893079936504363,0.34058179557323454,0.0,1.0499788913875818e-05,0.229,2.8493992686271667,2.5064942240715027,0.34290504455566406,0.0,1.0499788913875818e-05
neural_claq_lambda_s_0_4,3,28,0.4,1.0,0.227,2.8320340692996977,2.4810481548309324,0.3509859137237072,0.0,1.0499788913875818e-05,0.206,2.873518407344818,2.5557647943496704,0.3177535906434059,0.0,1.0499788913875818e-05
neural_claq_lambda_s_0_4,3,29,0.4,1.0,0.2328,2.806700563430786,2.469178467988968,0.3375220730900764,0.0,1.0499788913875818e-05,0.233,2.8148600459098816,2.477762222290039,0.33709777891635895,0.0,1.0499788913875818e-05
neural_claq_lambda_s_0_4,3,30,0.4,1.0,0.229,2.822144627571106,2.479881888628006,0.3422627326101065,0.0,1.0499788913875818e-05,0.253,2.7920203804969788,2.4603220224380493,0.33169836550951004,0.0,1.0499788913875818e-05
neural_claq_lambda_s_0_4,3,31,0.4,1.0,0.2321,2.820643126964569,2.474121022224426,0.34652209356427194,0.0,1.0499788913875818e-05,0.214,2.7914026975631714,2.4585681557655334,0.33283451944589615,0.0,1.0499788913875818e-05
neural_claq_lambda_s_0_4,3,32,0.4,1.0,0.2339,2.8050998747348785,2.4624983608722686,0.3426015093922615,0.0,1.0499788913875818e-05,0.229,2.8341265320777893,2.4976829886436462,0.33644354343414307,0.0,1.0499788913875818e-05
neural_claq_lambda_s_0_4,3,33,0.4,1.0,0.2359,2.7842955470085142,2.443790704011917,0.3405048310756683,0.0,1.0499788913875818e-05,0.234,2.8050272464752197,2.481032431125641,0.32399480789899826,0.0,1.0499788913875818e-05
neural_claq_lambda_s_0_4,3,34,0.4,1.0,0.2333,2.807941335439682,2.4633266985416413,0.3446146443486214,0.0,1.0499788913875818e-05,0.246,2.8042277097702026,2.47898268699646,0.3252450227737427,0.0,1.0499788913875818e-05
neural_claq_lambda_s_0_4,3,35,0.4,1.0,0.2343,2.8181046903133393,2.48132506608963,0.33677962347865104,0.0,1.0499788913875818e-05,0.242,2.800682485103607,2.474724292755127,0.3259581848978996,0.0,1.0499788913875818e-05
neural_claq_lambda_s_0_4,3,36,0.4,1.0,0.2381,2.7898328602313995,2.441557788848877,0.348275076597929,0.0,1.0499788913875818e-05,0.235,2.8133386969566345,2.4982635974884033,0.3150750696659088,0.0,1.0499788913875818e-05
neural_claq_lambda_s_0_4,3,37,0.4,1.0,0.2329,2.8183982968330383,2.476461136341095,0.34193713739514353,0.0,1.0499788913875818e-05,0.22,2.8731305599212646,2.5361856818199158,0.33694491535425186,0.0,1.0499788913875818e-05
neural_claq_lambda_s_0_4,3,38,0.4,1.0,0.2343,2.8013606011867522,2.461851233243942,0.33950937166810036,0.0,1.0499788913875818e-05,0.234,2.8512814044952393,2.5038657784461975,0.34741564840078354,0.0,1.0499788913875818e-05
neural_claq_lambda_s_0_4,3,39,0.4,1.0,0.2345,2.804954928159714,2.460031050443649,0.34492388293147086,0.0,1.0499788913875818e-05,0.237,2.8127995133399963,2.478637456893921,0.33416206389665604,0.0,1.0499788913875818e-05
neural_claq_lambda_s_0_4,3,40,0.4,1.0,0.2357,2.7925049543380736,2.4530190587043763,0.3394858941435814,0.0,1.0499788913875818e-05,0.214,2.8564037680625916,2.5201497673988342,0.3362540230154991,0.0,1.0499788913875818e-05
neural_claq_lambda_s_0_4,3,41,0.4,1.0,0.2362,2.788915699720383,2.4526614129543303,0.33625430017709734,0.0,1.0499788913875818e-05,0.213,2.842823326587677,2.4986374974250793,0.34418589621782303,0.0,1.0499788913875818e-05
neural_claq_lambda_s_0_4,3,42,0.4,1.0,0.2381,2.7768699169158935,2.437046456336975,0.33982344567775724,0.0,1.0499788913875818e-05,0.251,2.835305094718933,2.4778887033462524,0.3574163243174553,0.0,1.0499788913875818e-05
neural_claq_lambda_s_0_4,3,43,0.4,1.0,0.2398,2.764604151248932,2.428808790445328,0.3357953615486622,0.0,1.0499788913875818e-05,0.228,2.876957416534424,2.538966119289398,0.33799128234386444,0.0,1.0499788913875818e-05
neural_claq_lambda_s_0_4,3,44,0.4,1.0,0.2384,2.8003381192684174,2.4585615277290342,0.3417765825986862,0.0,1.0499788913875818e-05,0.234,2.8019534945487976,2.4613583087921143,0.34059523791074753,0.0,1.0499788913875818e-05
neural_claq_lambda_s_0_4,3,45,0.4,1.0,0.2397,2.7861874639987945,2.4490973949432373,0.33709006682038306,0.0,1.0499788913875818e-05,0.236,2.8177507519721985,2.470495641231537,0.347255140542984,0.0,1.0499788913875818e-05
neural_claq_lambda_s_0_4,3,46,0.4,1.0,0.244,2.7787738025188444,2.435671752691269,0.34310206919908526,0.0,1.0499788913875818e-05,0.227,2.8335567116737366,2.4949588775634766,0.33859783411026,0.0,1.0499788913875818e-05
neural_claq_lambda_s_0_4,3,47,0.4,1.0,0.2438,2.7858347475528715,2.4413782477378847,0.344456497579813,0.0,1.0499788913875818e-05,0.223,2.8352712392807007,2.49750953912735,0.3377617299556732,0.0,1.0499788913875818e-05
neural_claq_lambda_s_0_4,3,48,0.4,1.0,0.2449,2.7690028667449953,2.4390651643276215,0.3299376964569092,0.0,1.0499788913875818e-05,0.25,2.760824739933014,2.4386781454086304,0.32214656472206116,0.0,1.0499788913875818e-05
neural_claq_lambda_s_0_4,3,49,0.4,1.0,0.2333,2.7906773328781127,2.451030802726746,0.3396465241909027,0.0,1.0499788913875818e-05,0.233,2.7871546745300293,2.4246240854263306,0.36253058910369873,0.0,1.0499788913875818e-05
neural_claq_lambda_s_0_4,3,50,0.4,1.0,0.2387,2.756430822610855,2.41839856505394,0.3380322478711605,0.0,1.0499788913875818e-05,0.229,2.8151134848594666,2.4739786982536316,0.3411348685622215,0.0,1.0499788913875818e-05
neural_baseline_lambda_s_0,4,1,0.0,1.0,0.1179,3.5132453560829164,3.004425698518753,0.5088196657598019,0.09267578125,1.0499788913875818e-05,0.148,3.143571615219116,2.8024991750717163,0.3410724699497223,0.04455145448446274,1.0499788913875818e-05
neural_baseline_lambda_s_0,4,2,0.0,1.0,0.1749,3.0551287829875946,2.7213158786296843,0.33381289467215536,0.132421875,1.0499788913875818e-05,0.188,2.911482036113739,2.7110745310783386,0.20040757209062576,0.5796403586864471,1.0499788913875818e-05
neural_baseline_lambda_s_0,4,3,0.0,1.0,0.1837,3.0034871280193327,2.683645266294479,0.3198418762534857,0.12880859375,1.0499788913875818e-05,0.188,3.066413998603821,2.7101853489875793,0.35622864216566086,0.016231141984462738,1.0499788913875818e-05
neural_baseline_lambda_s_0,4,4,0.0,1.0,0.1955,2.958746987581253,2.637468296289444,0.32127869315445423,0.15185546875,1.0499788913875818e-05,0.176,2.9737757444381714,2.652284324169159,0.3214913532137871,0.06371228396892548,1.0499788913875818e-05
neural_baseline_lambda_s_0,4,5,0.0,1.0,0.1976,2.9352992296218874,2.6234264194965364,0.311872823536396,0.1658203125,1.0499788913875818e-05,0.204,2.913036823272705,2.5904335975646973,0.3226032480597496,0.04212688561528921,1.0499788913875818e-05
neural_baseline_lambda_s_0,4,6,0.0,1.0,0.1941,2.9317858278751374,2.623112642765045,0.3086731966584921,0.16240234375,1.0499788913875818e-05,0.19,2.9725844264030457,2.63962322473526,0.33296123892068863,0.06910021603107452,1.0499788913875818e-05
neural_baseline_lambda_s_0,4,7,0.0,1.0,0.2098,2.89215344786644,2.5955378711223602,0.29661557711660863,0.1755859375,1.0499788913875818e-05,0.203,2.9249632358551025,2.602200150489807,0.3227630481123924,0.09021417051553726,1.0499788913875818e-05
neural_baseline_lambda_s_0,4,8,0.0,1.0,0.2048,2.909903872013092,2.6076496303081513,0.3022542603313923,0.15888671875,1.0499788913875818e-05,0.223,2.8789581060409546,2.5493189096450806,0.3296392038464546,0.07283809222280979,1.0499788913875818e-05
neural_baseline_lambda_s_0,4,9,0.0,1.0,0.2119,2.8704835534095765,2.5772341132164,0.293249424546957,0.14716796875,1.0499788913875818e-05,0.203,2.9288724660873413,2.5785502791404724,0.3503222092986107,0.14035560190677643,1.0499788913875818e-05
neural_baseline_lambda_s_0,4,10,0.0,1.0,0.2109,2.87323944568634,2.5766297578811646,0.296609715372324,0.15361328125,1.0499788913875818e-05,0.202,2.8808096051216125,2.5856717228889465,0.29513780027627945,0.13153286650776863,1.0499788913875818e-05
neural_baseline_lambda_s_0,4,11,0.0,1.0,0.2176,2.8424951791763307,2.5448639929294585,0.2976312000304461,0.151953125,1.0499788913875818e-05,0.239,2.844673216342926,2.553191304206848,0.2914818748831749,0.22918911650776863,1.0499788913875818e-05
neural_baseline_lambda_s_0,4,12,0.0,1.0,0.2095,2.8453656792640687,2.5567377746105193,0.28862791135907173,0.16591796875,1.0499788913875818e-05,0.208,2.8256524205207825,2.529976725578308,0.29567575454711914,0.11190059222280979,1.0499788913875818e-05
neural_baseline_lambda_s_0,4,13,0.0,1.0,0.2168,2.866663062572479,2.568485236167908,0.2981778226792812,0.17041015625,7.818991871317848e-05,0.215,2.8784817457199097,2.540980577468872,0.3375011682510376,0.027949891984462738,1.0499788913875818e-05
neural_baseline_lambda_s_0,4,14,0.0,1.0,0.2222,2.8438743591308593,2.533781445026398,0.3100929170846939,0.14208984375,1.0499788913875818e-05,0.214,2.8888468742370605,2.5692880153656006,0.3195588141679764,0.03771551698446274,1.0499788913875818e-05
neural_baseline_lambda_s_0,4,15,0.0,1.0,0.217,2.839869475364685,2.5529904782772066,0.28687899075448514,0.1580078125,1.0499788913875818e-05,0.247,2.8140812516212463,2.5128334164619446,0.30124781280755997,0.16729525849223137,1.0499788913875818e-05
neural_baseline_lambda_s_0,4,16,0.0,1.0,0.2196,2.843858504295349,2.5488253355026247,0.29503317214548586,0.158984375,1.0499788913875818e-05,0.245,2.8391482830047607,2.4873722195625305,0.35177604854106903,0.04973733797669411,0.0006874010869069025
neural_baseline_lambda_s_0,4,17,0.0,1.0,0.2119,2.852190887928009,2.5355949819087984,0.3165959198027849,0.13984375,1.0499788913875818e-05,0.204,2.8382503986358643,2.4998047947883606,0.33844558149576187,0.03508890047669411,1.0499788913875818e-05
neural_baseline_lambda_s_0,4,18,0.0,1.0,0.2257,2.8159421503543856,2.525474119186401,0.29046802781522274,0.1546875,1.0499788913875818e-05,0.249,2.792536675930023,2.492860436439514,0.29967622458934784,0.16813712194561958,1.0499788913875818e-05
neural_baseline_lambda_s_0,4,19,0.0,1.0,0.2229,2.81179279088974,2.5241140604019163,0.2876787219196558,0.1353515625,1.0499788913875818e-05,0.231,2.861028254032135,2.558929681777954,0.3020985871553421,0.07623922452330589,1.0499788913875818e-05
neural_baseline_lambda_s_0,4,20,0.0,1.0,0.2296,2.810570847988129,2.503369379043579,0.3072014726698399,0.1134765625,1.0499788913875818e-05,0.221,2.861762285232544,2.558506429195404,0.3032558485865593,0.09391837194561958,1.0499788913875818e-05
neural_baseline_lambda_s_0,4,21,0.0,1.0,0.2353,2.779130387306213,2.4871227622032164,0.2920076407492161,0.147265625,1.0499788913875818e-05,0.248,2.765342116355896,2.5245269536972046,0.2408152036368847,0.33462419360876083,1.0499788913875818e-05
neural_baseline_lambda_s_0,4,22,0.0,1.0,0.2254,2.796009749174118,2.4965654075145722,0.2994443248957396,0.12490234375,1.0499788913875818e-05,0.224,2.7518482208251953,2.505166530609131,0.24668170884251595,0.1864897608757019,1.0499788913875818e-05
neural_baseline_lambda_s_0,4,23,0.0,1.0,0.2335,2.7890966713428496,2.4928537130355837,0.2962429508566856,0.13271484375,1.0499788913875818e-05,0.216,2.801309645175934,2.5133318305015564,0.28797779977321625,0.19713092595338821,1.0499788913875818e-05
neural_baseline_lambda_s_0,4,24,0.0,1.0,0.2284,2.8019499242305757,2.504794991016388,0.29715491384267806,0.13251953125,1.0499788913875818e-05,0.253,2.735241711139679,2.4352084398269653,0.30003324151039124,0.06997575424611568,1.0499788913875818e-05
neural_baseline_lambda_s_0,4,25,0.0,1.0,0.233,2.79204198718071,2.4963758647441865,0.2956661287695169,0.1328125,1.0499788913875818e-05,0.219,2.8088638186454773,2.499829113483429,0.30903469771146774,0.09782462194561958,1.0499788913875818e-05
neural_baseline_lambda_s_0,4,26,0.0,1.0,0.2267,2.8038813412189483,2.5064527571201323,0.2974285792559385,0.1265625,1.0499788913875818e-05,0.237,2.764574646949768,2.4850082993507385,0.27956636250019073,0.2286166474223137,1.0499788913875818e-05
neural_baseline_lambda_s_0,4,27,0.0,1.0,0.2288,2.7833056926727293,2.4859015941619873,0.2974041149020195,0.14267578125,1.0499788913875818e-05,0.246,2.7689781188964844,2.5153278708457947,0.2536502666771412,0.2471713349223137,1.0499788913875818e-05
neural_baseline_lambda_s_0,4,28,0.0,1.0,0.2256,2.7852693498134613,2.493308091163635,0.29196123592555523,0.15087890625,1.0499788913875818e-05,0.206,2.8052979707717896,2.4947343468666077,0.3105635643005371,0.05872844811528921,1.0499788913875818e-05
neural_baseline_lambda_s_0,4,29,0.0,1.0,0.2363,2.7620465993881225,2.470871019363403,0.29117559380829333,0.142578125,1.0499788913875818e-05,0.226,2.792301297187805,2.489147901535034,0.303153395652771,0.09937365353107452,1.0499788913875818e-05
neural_baseline_lambda_s_0,4,30,0.0,1.0,0.2337,2.7880418241024016,2.4920403957366943,0.296001436188817,0.14228515625,1.0499788913875818e-05,0.217,2.8433449268341064,2.501582682132721,0.3417622298002243,0.012223868630826473,1.0499788913875818e-05
neural_baseline_lambda_s_0,4,31,0.0,1.0,0.2371,2.762527787685394,2.458752804994583,0.30377497561275957,0.09296875,1.0499788913875818e-05,0.223,2.7458711862564087,2.544213354587555,0.20165785402059555,0.3368803858757019,1.0499788913875818e-05
neural_baseline_lambda_s_0,4,32,0.0,1.0,0.2336,2.772420769929886,2.4826069474220276,0.28981381580233573,0.13408203125,1.0499788913875818e-05,0.223,2.743160665035248,2.563311815261841,0.17984892800450325,0.40678879618644714,1.0499788913875818e-05
neural_baseline_lambda_s_0,4,33,0.0,1.0,0.2293,2.7578987896442415,2.4669408082962034,0.29095797426998615,0.13955078125,1.0499788913875818e-05,0.233,2.720261812210083,2.4437766671180725,0.27648507058620453,0.12442753091454506,1.0499788913875818e-05
neural_baseline_lambda_s_0,4,34,0.0,1.0,0.2273,2.785987323522568,2.4887372672557833,0.29725004024803636,0.14599609375,1.0499788913875818e-05,0.251,2.7913917899131775,2.455660343170166,0.3357314318418503,0.02902747830376029,1.0499788913875818e-05
neural_baseline_lambda_s_0,4,35,0.0,1.0,0.2441,2.7339655339717863,2.4474068343639375,0.2865586929023266,0.14794921875,1.0499788913875818e-05,0.243,2.8006284832954407,2.451451897621155,0.3491765931248665,0.049568966031074524,1.0499788913875818e-05
neural_baseline_lambda_s_0,4,36,0.0,1.0,0.2405,2.736105352640152,2.4479229122400286,0.28818242959678175,0.125,1.0499788913875818e-05,0.218,2.7889721989631653,2.5164197087287903,0.2725524641573429,0.18578259646892548,1.0499788913875818e-05
neural_baseline_lambda_s_0,4,37,0.0,1.0,0.2314,2.769809699058533,2.4716606080532073,0.29814908690750597,0.1150390625,1.0499788913875818e-05,0.237,2.7413175106048584,2.481576383113861,0.2597411349415779,0.17493938654661179,1.0499788913875818e-05
neural_baseline_lambda_s_0,4,38,0.0,1.0,0.2288,2.7541910231113436,2.4619869112968447,0.2922041098587215,0.129296875,1.0499788913875818e-05,0.246,2.6944708824157715,2.47983056306839,0.21464035287499428,0.3211880400776863,1.0499788913875818e-05
neural_baseline_lambda_s_0,4,39,0.0,1.0,0.2313,2.764324057102203,2.474383991956711,0.289940070733428,0.128515625,1.0499788913875818e-05,0.222,2.8042736649513245,2.5213348865509033,0.28293880820274353,0.12186826579272747,1.0499788913875818e-05
neural_baseline_lambda_s_0,4,40,0.0,1.0,0.2417,2.7415787160396574,2.4519559741020203,0.28962275497615336,0.13564453125,1.0499788913875818e-05,0.239,2.772537350654602,2.447245240211487,0.32529210299253464,0.0078125,1.0499788913875818e-05
neural_baseline_lambda_s_0,4,41,0.0,1.0,0.2406,2.7732287287712096,2.4843841433525085,0.28884460404515266,0.1357421875,1.0499788913875818e-05,0.25,2.722926616668701,2.406708538532257,0.3162181228399277,0.04192483797669411,1.0499788913875818e-05
neural_baseline_lambda_s_0,4,42,0.0,1.0,0.2377,2.7639215290546417,2.461407208442688,0.3025143213570118,0.1353515625,1.0499788913875818e-05,0.241,2.7576671838760376,2.4608194828033447,0.2968476936221123,0.11375269293785095,1.0499788913875818e-05
neural_baseline_lambda_s_0,4,43,0.0,1.0,0.2309,2.7411767899990083,2.4527592241764067,0.2884175691753626,0.1373046875,1.0499788913875818e-05,0.252,2.7142664194107056,2.389495849609375,0.32477058470249176,0.03380926698446274,1.0499788913875818e-05
neural_baseline_lambda_s_0,4,44,0.0,1.0,0.2411,2.7199967205524445,2.441009467840195,0.27898724619299176,0.14228515625,1.0499788913875818e-05,0.225,2.7458333373069763,2.4541916847229004,0.29164164513349533,0.07879849150776863,1.0499788913875818e-05
neural_baseline_lambda_s_0,4,45,0.0,1.0,0.2298,2.7559692919254304,2.4685240268707274,0.2874452590942383,0.146875,1.0499788913875818e-05,0.236,2.7148358821868896,2.4679025411605835,0.24693341925740242,0.2791284993290901,1.0499788913875818e-05
neural_baseline_lambda_s_0,4,46,0.0,1.0,0.2415,2.7361922562122345,2.4513590574264525,0.2848331969231367,0.13828125,1.0499788913875818e-05,0.257,2.738094747066498,2.4052692651748657,0.3328254595398903,0.058257004246115685,1.0499788913875818e-05
neural_baseline_lambda_s_0,4,47,0.0,1.0,0.2359,2.7464591681957247,2.4649012982845306,0.28155785519629717,0.140771484375,7.818992453394458e-05,0.224,2.7215753197669983,2.489037811756134,0.23253755271434784,0.24636314809322357,1.0499788913875818e-05
neural_baseline_lambda_s_0,4,48,0.0,1.0,0.2489,2.72856120467186,2.4379018902778626,0.2906593199819326,0.13740234375,1.0499788913875818e-05,0.228,2.832062542438507,2.531644880771637,0.30041760206222534,0.11153017356991768,1.0499788913875818e-05
neural_baseline_lambda_s_0,4,49,0.0,1.0,0.2376,2.738575851917267,2.4555514097213744,0.2830244392156601,0.146875,1.0499788913875818e-05,0.252,2.6994980573654175,2.458136737346649,0.2413613311946392,0.2586880400776863,1.0499788913875818e-05
neural_baseline_lambda_s_0,4,50,0.0,1.0,0.237,2.7145732283592223,2.435241648554802,0.27933161407709123,0.14912109375,1.0499788913875818e-05,0.238,2.7363445162773132,2.448750376701355,0.28759412094950676,0.12099272571504116,1.0499788913875818e-05
neural_claq_lambda_s_0_4,4,1,0.4,1.0,0.1158,3.554949367046356,3.0153598487377167,0.539589536935091,0.037890625,1.0499788913875818e-05,0.149,3.1408239603042603,2.7882845997810364,0.35253944247961044,0.0,1.0499788913875818e-05
neural_claq_lambda_s_0_4,4,2,0.4,1.0,0.163,3.0945754945278168,2.722984474897385,0.3715910330414772,0.0,1.0499788913875818e-05,0.189,3.0724582076072693,2.699936330318451,0.37252184748649597,0.0,1.0499788913875818e-05
neural_claq_lambda_s_0_4,4,3,0.4,1.0,0.1909,3.0163833498954773,2.6604231238365172,0.35596020594239236,0.0,1.0499788913875818e-05,0.187,3.0369467735290527,2.6813101172447205,0.3556366413831711,0.0,1.0499788913875818e-05
neural_claq_lambda_s_0_4,4,4,0.4,1.0,0.201,2.992979425191879,2.6269112050533296,0.36606823205947875,0.0,1.0499788913875818e-05,0.178,3.001105785369873,2.660209536552429,0.34089622646570206,0.0,1.0499788913875818e-05
neural_claq_lambda_s_0_4,4,5,0.4,1.0,0.1978,2.9806766510009766,2.619209462404251,0.36146719455718995,0.0,1.0499788913875818e-05,0.209,2.956374943256378,2.618629515171051,0.33774543553590775,0.0,1.0499788913875818e-05
neural_claq_lambda_s_0_4,4,6,0.4,1.0,0.1924,2.9844533920288088,2.622615212202072,0.3618381887674332,0.0,1.0499788913875818e-05,0.187,2.9964736700057983,2.6354324221611023,0.36104127764701843,0.0,1.0499788913875818e-05
neural_claq_lambda_s_0_4,4,7,0.4,1.0,0.2055,2.9339967012405395,2.585529214143753,0.3484675094485283,0.0,1.0499788913875818e-05,0.205,2.9556700587272644,2.6009411215782166,0.35472891479730606,0.0,1.0499788913875818e-05
neural_claq_lambda_s_0_4,4,8,0.4,1.0,0.2022,2.9623368442058564,2.6073390007019044,0.3549978442490101,0.0,1.0499788913875818e-05,0.209,2.9437263011932373,2.6029757261276245,0.3407506123185158,0.0,1.0499788913875818e-05
neural_claq_lambda_s_0_4,4,9,0.4,1.0,0.2036,2.913462018966675,2.5721226274967193,0.3413394011557102,0.0,1.0499788913875818e-05,0.192,2.942000150680542,2.5771446228027344,0.36485549062490463,0.0,1.0499788913875818e-05
neural_claq_lambda_s_0_4,4,10,0.4,1.0,0.2027,2.9249622523784637,2.577012890577316,0.3479493781924248,0.0,1.0499788913875818e-05,0.181,2.936004102230072,2.597725987434387,0.33827806264162064,0.0,1.0499788913875818e-05
neural_claq_lambda_s_0_4,4,11,0.4,1.0,0.2178,2.8910549700260164,2.543920189142227,0.3471347916871309,0.0,1.0499788913875818e-05,0.222,2.9169124960899353,2.550814688205719,0.3660978674888611,0.0,1.0499788913875818e-05
neural_claq_lambda_s_0_4,4,12,0.4,1.0,0.2082,2.9156276643276215,2.5714495539665223,0.34417810663580894,0.0,1.0499788913875818e-05,0.189,2.9229353070259094,2.5922701358795166,0.3306652158498764,0.0,1.0499788913875818e-05
neural_claq_lambda_s_0_4,4,13,0.4,1.0,0.2136,2.920531541109085,2.5653392136096955,0.3551923304796219,0.0,1.0499788913875818e-05,0.206,2.9065266847610474,2.555824935436249,0.350701741874218,0.0,1.0499788913875818e-05
neural_claq_lambda_s_0_4,4,14,0.4,1.0,0.214,2.9124523282051085,2.5549696147441865,0.3574827052652836,0.0,1.0499788913875818e-05,0.213,2.8967660665512085,2.5725557804107666,0.3242103308439255,0.0,1.0499788913875818e-05
neural_claq_lambda_s_0_4,4,15,0.4,1.0,0.2157,2.8948469042778013,2.5563752114772798,0.338471694663167,0.0,1.0499788913875818e-05,0.225,2.8813276886940002,2.533170998096466,0.34815675020217896,0.0,1.0499788913875818e-05
neural_claq_lambda_s_0_4,4,16,0.4,1.0,0.2125,2.899358958005905,2.5532700419425964,0.3460888937115669,0.0,1.0499788913875818e-05,0.238,2.873164415359497,2.5005839467048645,0.37258051335811615,0.0,1.0499788913875818e-05
neural_claq_lambda_s_0_4,4,17,0.4,1.0,0.214,2.886342006921768,2.519711822271347,0.366630170494318,0.0,1.0499788913875818e-05,0.198,2.892264425754547,2.5404403805732727,0.3518241345882416,0.0,1.0499788913875818e-05
neural_claq_lambda_s_0_4,4,18,0.4,1.0,0.2248,2.859550714492798,2.5144480526447297,0.34510269165039065,0.0,1.0499788913875818e-05,0.249,2.874232053756714,2.5181257724761963,0.3561062514781952,0.0,1.0499788913875818e-05
neural_claq_lambda_s_0_4,4,19,0.4,1.0,0.2186,2.8624573707580567,2.526288938522339,0.33616844192147255,0.0,1.0499788913875818e-05,0.236,2.877078056335449,2.5451714992523193,0.3319065347313881,0.0,1.0499788913875818e-05
neural_claq_lambda_s_0_4,4,20,0.4,1.0,0.2266,2.8507897734642027,2.497751009464264,0.3530387632548809,0.0,1.0499788913875818e-05,0.224,2.902501940727234,2.56369686126709,0.33880501985549927,0.0,1.0499788913875818e-05
neural_claq_lambda_s_0_4,4,21,0.4,1.0,0.2324,2.8249892592430115,2.479189944267273,0.3457993045449257,0.0,1.0499788913875818e-05,0.236,2.8481396436691284,2.5144048929214478,0.33373475819826126,0.0,1.0499788913875818e-05
neural_claq_lambda_s_0_4,4,22,0.4,1.0,0.2234,2.8357245445251467,2.489937573671341,0.3457869701087475,0.0,1.0499788913875818e-05,0.226,2.8255756497383118,2.513498604297638,0.3120770528912544,0.0,1.0499788913875818e-05
neural_claq_lambda_s_0_4,4,23,0.4,1.0,0.2319,2.8416044652462005,2.4964146316051483,0.3451898470520973,0.0,1.0499788913875818e-05,0.227,2.843315541744232,2.4900206923484802,0.35329487174749374,0.0,1.0499788913875818e-05
neural_claq_lambda_s_0_4,4,24,0.4,1.0,0.2303,2.8247474908828734,2.4817047834396364,0.3430427059531212,0.0,1.0499788913875818e-05,0.246,2.7754926085472107,2.447422504425049,0.32807017862796783,0.0,1.0499788913875818e-05
neural_claq_lambda_s_0_4,4,25,0.4,1.0,0.2334,2.826156234741211,2.4843025743961333,0.3418536797165871,0.0,1.0499788913875818e-05,0.223,2.8387235403060913,2.494408965110779,0.3443145826458931,0.0,1.0499788913875818e-05
neural_claq_lambda_s_0_4,4,26,0.4,1.0,0.225,2.8400269985198974,2.498661983013153,0.3413650207221508,0.0,1.0499788913875818e-05,0.255,2.8395174741744995,2.4731544852256775,0.36636295169591904,0.0,1.0499788913875818e-05
neural_claq_lambda_s_0_4,4,27,0.4,1.0,0.2279,2.82791947722435,2.4864047288894655,0.34151473045349123,0.0,1.0499788913875818e-05,0.249,2.8147096633911133,2.4662445187568665,0.3484651669859886,0.0,1.0499788913875818e-05
neural_claq_lambda_s_0_4,4,28,0.4,1.0,0.2273,2.82988623380661,2.4798635244369507,0.3500227086246014,0.0,7.818991871317848e-05,0.216,2.8502134680747986,2.526567757129669,0.3236457407474518,0.0,1.0499788913875818e-05
neural_claq_lambda_s_0_4,4,29,0.4,1.0,0.2336,2.8050684869289397,2.459495222568512,0.34557328522205355,0.0,1.0499788913875818e-05,0.209,2.885948657989502,2.531598389148712,0.35435032844543457,0.0,1.0499788913875818e-05
neural_claq_lambda_s_0_4,4,30,0.4,1.0,0.2336,2.8292472124099732,2.474144923686981,0.35510229170322416,0.0,1.0499788913875818e-05,0.219,2.8838376998901367,2.54073429107666,0.34310341626405716,0.0,1.0499788913875818e-05
neural_claq_lambda_s_0_4,4,31,0.4,1.0,0.2369,2.79690762758255,2.4626903772354125,0.3342172347009182,0.0,1.0499788913875818e-05,0.208,2.8442711234092712,2.5107380747795105,0.3335331082344055,0.0,1.0499788913875818e-05
neural_claq_lambda_s_0_4,4,32,0.4,1.0,0.2306,2.8109369039535523,2.4778571248054506,0.3330797955393791,0.0,1.0499788913875818e-05,0.22,2.861975610256195,2.5466384887695312,0.3153371587395668,0.0,1.0499788913875818e-05
neural_claq_lambda_s_0_4,4,33,0.4,1.0,0.2294,2.800471764802933,2.4590303748846054,0.34144140034914017,0.0,1.0499788913875818e-05,0.232,2.7811899185180664,2.4502150416374207,0.3309748247265816,0.0,1.0499788913875818e-05
neural_claq_lambda_s_0_4,4,34,0.4,1.0,0.2292,2.8265805542469025,2.4787591993808746,0.34782136157155036,0.0,1.0499788913875818e-05,0.24,2.820751965045929,2.4724963307380676,0.34825561195611954,0.0,1.0499788913875818e-05
neural_claq_lambda_s_0_4,4,35,0.4,1.0,0.246,2.775862640142441,2.436581611633301,0.33928103670477866,0.0,1.0499788913875818e-05,0.241,2.7907716631889343,2.4249369502067566,0.36583467572927475,0.0,1.0499788913875818e-05
neural_claq_lambda_s_0_4,4,36,0.4,1.0,0.2357,2.789026600122452,2.4487641125917436,0.34026249423623084,0.0,1.0499788913875818e-05,0.216,2.860892176628113,2.5221267342567444,0.3387654796242714,0.0,1.0499788913875818e-05
neural_claq_lambda_s_0_4,4,37,0.4,1.0,0.2315,2.8042009115219115,2.4648967742919923,0.3393041484057903,0.0,1.0499788913875818e-05,0.239,2.7934858798980713,2.475028932094574,0.3184569478034973,0.0,1.0499788913875818e-05
neural_claq_lambda_s_0_4,4,38,0.4,1.0,0.2335,2.7953724443912504,2.4580050110816956,0.33736743666231633,0.0,1.0499788913875818e-05,0.24,2.764421820640564,2.431084990501404,0.33333683758974075,0.0,1.0499788913875818e-05
neural_claq_lambda_s_0_4,4,39,0.4,1.0,0.2295,2.7997808158397675,2.462399995326996,0.3373808223754168,0.0,1.0499788913875818e-05,0.229,2.834450602531433,2.5053735971450806,0.32907702773809433,0.0,1.0499788913875818e-05
neural_claq_lambda_s_0_4,4,40,0.4,1.0,0.2401,2.7955460965633394,2.4569588899612427,0.33858721405267717,0.0,1.0499788913875818e-05,0.233,2.7949644923210144,2.4676849246025085,0.3272795006632805,0.0,1.0499788913875818e-05
neural_claq_lambda_s_0_4,4,41,0.4,1.0,0.241,2.8134107172489164,2.4701174557209016,0.34329326301813123,0.0,1.0499788913875818e-05,0.255,2.7938470244407654,2.453513741493225,0.3403332605957985,0.0,1.0499788913875818e-05
neural_claq_lambda_s_0_4,4,42,0.4,1.0,0.235,2.803554892539978,2.4473959147930144,0.3561589755117893,0.0,1.0499788913875818e-05,0.235,2.7881401777267456,2.4514277577400208,0.33671240508556366,0.0,1.0499788913875818e-05
neural_claq_lambda_s_0_4,4,43,0.4,1.0,0.2313,2.7901785910129546,2.452021765708923,0.3381568260490894,0.0,1.0499788913875818e-05,0.239,2.7456204295158386,2.4140283465385437,0.3315921649336815,0.0,1.0499788913875818e-05
neural_claq_lambda_s_0_4,4,44,0.4,1.0,0.2414,2.774314361810684,2.4405267775058745,0.3337875783443451,0.0,1.0499788913875818e-05,0.22,2.780359387397766,2.4515514373779297,0.3288080096244812,0.0,1.0499788913875818e-05
neural_claq_lambda_s_0_4,4,45,0.4,1.0,0.2325,2.7984476029872893,2.4583030104637147,0.34014459177851675,0.0,1.0499788913875818e-05,0.232,2.798344850540161,2.4635744094848633,0.3347703590989113,0.0,1.0499788913875818e-05
neural_claq_lambda_s_0_4,4,46,0.4,1.0,0.2349,2.7888920426368715,2.4560806930065153,0.3328113481402397,0.0,1.0499788913875818e-05,0.245,2.7767390608787537,2.4307626485824585,0.34597641974687576,0.0,1.0499788913875818e-05
neural_claq_lambda_s_0_4,4,47,0.4,1.0,0.2359,2.7903341948986053,2.4589686691761017,0.3313655123114586,0.0,1.0499788913875818e-05,0.221,2.8083985447883606,2.4861090183258057,0.3222895711660385,0.0,1.0499788913875818e-05
neural_claq_lambda_s_0_4,4,48,0.4,1.0,0.2387,2.7762364387512206,2.4387601613998413,0.3374762684106827,0.0,1.0499788913875818e-05,0.221,2.8680811524391174,2.5382463932037354,0.3298347666859627,0.0,1.0499788913875818e-05
neural_claq_lambda_s_0_4,4,49,0.4,1.0,0.2377,2.7851278483867645,2.448984855413437,0.33614297583699226,0.0,1.0499788913875818e-05,0.241,2.7779833674430847,2.4433467984199524,0.33463654667139053,0.0,1.0499788913875818e-05
neural_claq_lambda_s_0_4,4,50,0.4,1.0,0.2375,2.7707189977169038,2.43997717499733,0.330741836130619,0.0,1.0499788913875818e-05,0.24,2.779979109764099,2.441053569316864,0.3389255180954933,0.0,1.0499788913875818e-05
